create table SURVEY (ID integer, PARENT_ID integer, NAME varchar(8), FULL_NAME varchar(14), TITLE varchar(24));
create table CENTRELINE (ID integer, SURVEY_ID integer, TITLE varchar(4), TOPO_DATE date, EXPLO_DATE date, LENGTH real, SURFACE_LENGTH real, DUPLICATE_LENGTH real);
create table PERSON (ID integer, NAME varchar(4), SURNAME varchar(9));
create table EXPLO (PERSON_ID integer, CENTRELINE_ID integer);
create table TOPO (PERSON_ID integer, CENTRELINE_ID integer);
create table STATION (ID integer, NAME varchar(5), SURVEY_ID integer, X real, Y real, Z real);
create table STATION_FLAG (STATION_ID integer, FLAG char(3));
create table SHOT (ID integer, FROM_ID integer, TO_ID integer, CENTRELINE_ID integer, LENGTH real, BEARING real, GRADIENT real, ADJ_LENGTH real, ADJ_BEARING real, ADJ_GRADIENT real, ERR_LENGTH real, ERR_BEARING real, ERR_GRADIENT real);
create table SHOT_FLAG (SHOT_ID integer, FLAG char(3));
create table MAPS (ID integer, SURVEY_ID integer, NAME varchar(8), TITLE varchar(24), PROJID integer, LENGTH real, DEPTH real);
create table SCRAPS (ID integer, SURVEY_ID integer, NAME varchar(8), PROJID integer, MAX_DISTORTION real, AVG_DISTORTION real);
create table MAPITEMS (ID integer, TYPE integer, ITEMID integer);
insert into SURVEY values (1, 0, '', '', NULL);
 insert into CENTRELINE values (2, 1, NULL, NULL, NULL, 0.00, 0.00, 0.00);
 insert into SURVEY values (18, 1, 'byaki', 'byaki', '__________ ___________');
 insert into CENTRELINE values (19, 18, NULL, NULL, NULL, 0.00, 0.00, 0.00);
 insert into CENTRELINE values (20, 18, NULL, '2024-01-01', NULL, 0.00, 0.00, 0.00);
 insert into SURVEY values (21, 18, 'byaki_01', 'byaki_01.byaki', 'byaki 01');
 insert into CENTRELINE values (22, 21, NULL, NULL, NULL, 0.00, 0.00, 0.00);
 insert into CENTRELINE values (23, 21, NULL, '2024-12-15', NULL, 140.45, 0.00, 0.00);
 insert into PERSON values (1, NULL, '_______');
insert into TOPO values (1, 23);
 insert into PERSON values (2, NULL, '_______');
insert into TOPO values (2, 23);
 insert into SHOT values (1, 1, 2, 23, 4.250, 111.40, -2.30, 4.247, 111.43, -2.29, 0.004, 262.16, 8.31);
insert into SHOT values (2, 2, 3, 23, 5.330, 354.20, 0.40, 5.327, 354.29, 0.43, 0.009, 106.70, 17.23);
insert into SHOT values (3, 3, 4, 23, 4.980, 91.60, -44.30, 4.979, 91.61, -44.34, 0.003, 260.07, -34.03);
insert into SHOT values (4, 4, 5, 23, 0.250, 53.70, -0.50, 0.250, 53.13, 0.00, 0.003, 323.63, 41.26);
insert into SHOT values (5, 5, 6, 23, 10.710, 93.40, -0.50, 10.709, 93.37, -0.54, 0.008, 351.80, -51.51);
insert into SHOT values (6, 6, 7, 23, 4.440, 113.90, 22.00, 4.440, 113.95, 22.09, 0.008, 239.82, 57.57);
insert into SHOT values (7, 7, 8, 23, 5.750, 129.10, -13.00, 5.751, 129.06, -13.06, 0.008, 31.40, -58.31);
insert into SHOT values (8, 8, 9, 23, 3.730, 65.30, 0.00, 3.728, 65.43, 0.00, 0.009, 171.68, 0.00);
insert into SHOT values (9, 9, 10, 23, 2.980, 125.50, 6.60, 2.981, 125.52, 6.74, 0.008, 179.18, 82.59);
insert into SHOT values (10, 10, 11, 23, 12.170, 78.50, -0.10, 12.175, 78.49, -0.14, 0.010, 49.55, -56.96);
insert into SHOT values (11, 11, 12, 23, 2.400, 101.10, 15.40, 2.399, 100.97, 15.47, 0.006, 354.32, 25.90);
insert into SHOT values (12, 12, 13, 23, 10.930, 131.80, -2.50, 10.931, 131.81, -2.52, 0.004, 189.74, -61.50);
insert into SHOT values (13, 13, 14, 23, 8.810, 115.70, 5.60, 8.808, 115.69, 5.60, 0.002, 345.36, 7.06);
insert into SHOT values (14, 14, 15, 23, 8.130, 102.40, 6.80, 8.128, 102.45, 6.85, 0.011, 214.70, 43.09);
insert into SHOT values (15, 15, 16, 23, 4.350, 31.30, -7.20, 4.352, 31.26, -7.26, 0.006, 319.13, -56.39);
insert into SHOT values (16, 16, 17, 23, 6.610, 72.30, 5.90, 6.616, 72.31, 5.90, 0.006, 81.05, 4.88);
insert into SHOT values (17, 17, 18, 23, 4.990, 9.70, 9.80, 4.993, 9.71, 9.80, 0.004, 25.82, 10.72);
insert into SHOT values (18, 18, 19, 23, 4.440, 260.80, -10.00, 4.444, 260.80, -9.98, 0.004, 256.16, 14.67);
insert into SHOT values (19, 19, 20, 23, 3.970, 320.20, -13.40, 3.963, 320.16, -13.42, 0.007, 163.77, 0.31);
insert into SHOT values (20, 20, 21, 23, 8.360, 357.20, 0.50, 8.360, 357.19, 0.48, 0.003, 280.37, -60.69);
insert into SHOT values (21, 21, 22, 23, 1.750, 320.80, 3.40, 1.753, 321.03, 3.60, 0.010, 33.36, 39.78);
insert into SHOT values (22, 22, 23, 23, 3.480, 347.90, 0.30, 3.477, 347.88, 0.16, 0.009, 191.51, -71.86);
insert into SHOT values (23, 23, 24, 23, 1.530, 30.70, 5.50, 1.527, 30.45, 5.64, 0.008, 273.67, 23.97);
insert into SHOT values (24, 24, 25, 23, 9.130, 287.50, -0.90, 9.122, 287.48, -0.88, 0.009, 128.75, 22.67);
insert into SHOT values (25, 25, 26, 23, 4.180, 301.90, -4.50, 4.186, 301.98, -4.52, 0.008, 344.25, -13.90);
insert into SHOT values (26, 26, 27, 23, 2.800, 3.40, -3.40, 2.800, 3.49, -3.48, 0.006, 92.05, -42.93);
insert into SURVEY values (25, 18, 'byaki_02', 'byaki_02.byaki', 'byaki 02');
 insert into CENTRELINE values (26, 25, NULL, NULL, NULL, 0.00, 0.00, 0.00);
 insert into CENTRELINE values (27, 25, NULL, '2024-12-15', NULL, 276.23, 0.00, 0.00);
 insert into TOPO values (1, 27);
 insert into TOPO values (2, 27);
 insert into SHOT values (27, 28, 29, 27, 3.700, 15.50, -6.90, 3.699, 15.47, -6.83, 0.005, 283.55, 69.70);
insert into SHOT values (28, 29, 30, 27, 10.930, 100.90, 3.40, 10.928, 100.94, 3.41, 0.008, 209.85, 12.76);
insert into SHOT values (29, 30, 31, 27, 7.700, 41.60, -2.70, 7.701, 41.63, -2.75, 0.008, 115.65, -62.32);
insert into SHOT values (30, 31, 32, 27, 8.680, 92.60, -2.60, 8.678, 92.58, -2.58, 0.005, 327.41, 43.37);
insert into SHOT values (31, 32, 33, 27, 7.630, 86.10, 2.70, 7.626, 86.09, 2.71, 0.004, 292.65, 7.82);
insert into SHOT values (32, 33, 34, 27, 13.850, 61.90, 2.90, 13.855, 61.93, 2.90, 0.010, 122.22, -4.21);
insert into SHOT values (33, 34, 35, 27, 5.040, 77.20, -2.20, 5.040, 77.15, -2.16, 0.006, 345.00, 38.50);
insert into SHOT values (34, 35, 36, 27, 10.760, 48.40, -0.80, 10.754, 48.39, -0.80, 0.006, 240.31, 2.10);
insert into SHOT values (35, 36, 37, 27, 6.160, 36.10, 3.50, 6.160, 36.07, 3.44, 0.007, 307.63, -60.82);
insert into SHOT values (36, 37, 38, 27, 12.500, 62.00, -4.30, 12.502, 62.02, -4.27, 0.009, 113.95, 57.43);
insert into SHOT values (37, 38, 39, 27, 10.310, 47.30, 6.50, 10.313, 47.29, 6.46, 0.008, 29.11, -63.39);
insert into SHOT values (38, 39, 40, 27, 8.200, 105.00, -4.60, 8.196, 105.04, -4.55, 0.010, 228.33, 48.30);
insert into SHOT values (39, 40, 41, 27, 6.630, 53.70, -0.70, 6.639, 53.70, -0.78, 0.013, 53.52, -45.57);
insert into SHOT values (40, 41, 42, 27, 4.040, 8.20, 15.00, 4.038, 8.11, 15.07, 0.008, 249.64, 31.89);
insert into SHOT values (41, 42, 43, 27, 3.170, 57.70, 7.30, 3.171, 57.72, 7.25, 0.004, 94.27, -51.23);
insert into SHOT values (42, 43, 44, 27, 6.700, 34.40, -5.60, 6.700, 34.43, -5.57, 0.005, 123.95, 48.56);
insert into SHOT values (43, 44, 45, 27, 5.290, 31.40, -3.10, 5.290, 31.37, -3.14, 0.005, 302.13, -57.61);
insert into SHOT values (44, 45, 46, 27, 5.620, 56.60, 5.50, 5.620, 56.59, 5.51, 0.001, 335.67, 66.21);
insert into SHOT values (45, 46, 47, 27, 2.470, 113.60, 2.40, 2.470, 113.66, 2.55, 0.007, 215.50, 69.44);
insert into SHOT values (46, 47, 48, 27, 5.050, 24.10, 6.80, 5.052, 24.11, 6.71, 0.009, 42.98, -65.76);
insert into SHOT values (47, 48, 49, 27, 10.910, 58.10, -0.70, 10.911, 58.07, -0.68, 0.006, 342.90, 31.30);
insert into SHOT values (48, 49, 50, 27, 3.400, 114.40, 0.90, 3.406, 114.46, 0.84, 0.008, 144.16, -26.17);
insert into SHOT values (49, 50, 51, 27, 2.240, 61.60, 5.60, 2.239, 61.59, 5.64, 0.002, 252.74, 53.24);
insert into SHOT values (50, 51, 52, 27, 5.450, 347.80, -2.60, 5.449, 347.80, -2.63, 0.003, 159.54, -61.11);
insert into SHOT values (51, 52, 53, 27, 2.500, 50.40, 9.50, 2.507, 50.25, 9.65, 0.011, 0.93, 41.66);
insert into SHOT values (52, 53, 54, 27, 4.330, 99.50, 4.40, 4.333, 99.59, 4.37, 0.008, 165.19, -15.89);
insert into SHOT values (53, 54, 55, 27, 3.400, 134.70, -0.50, 3.394, 134.76, -0.51, 0.007, 282.35, -2.78);
insert into SHOT values (54, 55, 56, 27, 14.050, 68.70, 1.90, 14.056, 68.71, 1.92, 0.008, 97.18, 30.82);
insert into SHOT values (55, 56, 57, 27, 8.010, 106.10, 3.20, 8.007, 106.12, 3.15, 0.008, 240.50, -58.24);
insert into SHOT values (56, 57, 58, 27, 4.130, 80.20, -1.90, 4.134, 80.10, -1.80, 0.010, 18.64, 41.51);
insert into SHOT values (57, 58, 59, 27, 4.690, 330.30, 0.90, 4.690, 330.21, 0.86, 0.008, 242.84, -26.36);
insert into SHOT values (58, 59, 60, 27, 14.050, 327.10, -3.10, 14.050, 327.10, -3.10, 0.001, 35.70, -14.54);
insert into SHOT values (59, 60, 61, 27, 10.190, 57.40, 1.80, 10.191, 57.39, 1.80, 0.003, 352.35, -1.63);
insert into SHOT values (60, 61, 62, 27, 7.580, 41.30, -5.10, 7.583, 41.35, -5.07, 0.008, 106.24, 27.67);
insert into SHOT values (61, 62, 63, 27, 5.750, 49.10, -0.10, 5.742, 49.10, -0.10, 0.008, 232.30, 0.26);
insert into SHOT values (62, 63, 64, 27, 3.040, 131.20, 5.10, 3.038, 131.11, 5.10, 0.005, 20.90, -2.84);
insert into SHOT values (63, 64, 65, 27, 6.040, 134.30, -1.00, 6.040, 134.33, -1.04, 0.006, 223.83, -56.21);
insert into SHOT values (64, 65, 66, 27, 10.120, 66.40, 6.00, 10.127, 66.41, 6.01, 0.008, 84.75, 16.70);
insert into SHOT values (65, 66, 67, 27, 5.160, 49.20, 4.50, 5.156, 49.18, 4.45, 0.006, 252.78, -48.81);
insert into SHOT values (66, 66, 68, 27, 3.280, 49.20, 4.50, 3.278, 49.09, 4.55, 0.007, 302.63, 22.91);
insert into SHOT values (67, 66, 69, 27, 2.700, 49.20, 4.40, 2.695, 49.07, 4.47, 0.008, 276.99, 19.84);
insert into SHOT values (68, 66, 70, 27, 5.170, 49.30, 4.40, 5.163, 49.25, 4.44, 0.009, 259.99, 22.48);
insert into SHOT values (69, 66, 71, 27, 5.100, 48.60, 3.20, 5.094, 48.51, 3.15, 0.011, 284.98, -25.26);
insert into SHOT values (70, 71, 72, 27, 6.820, 177.20, -1.70, 6.821, 177.14, -1.68, 0.007, 99.26, 18.16);
insert into SURVEY values (29, 18, 'byaki_03', 'byaki_03.byaki', 'byaki 03');
 insert into CENTRELINE values (30, 29, NULL, NULL, NULL, 0.00, 0.00, 0.00);
 insert into CENTRELINE values (31, 29, NULL, '2024-12-15', NULL, 27.64, 0.00, 0.00);
 insert into TOPO values (1, 31);
 insert into TOPO values (2, 31);
 insert into SHOT values (71, 73, 74, 31, 21.400, 121.80, 2.00, 21.394, 121.81, 2.01, 0.007, 269.87, 25.44);
insert into SHOT values (72, 74, 75, 31, 6.240, 138.20, -1.90, 6.243, 138.18, -1.93, 0.004, 104.14, -44.00);
insert into SURVEY values (33, 18, 'byaki_04', 'byaki_04.byaki', 'byaki 04');
 insert into CENTRELINE values (34, 33, NULL, NULL, NULL, 0.00, 0.00, 0.00);
 insert into CENTRELINE values (35, 33, NULL, '2024-12-15', NULL, 127.60, 0.00, 0.00);
 insert into TOPO values (1, 35);
 insert into TOPO values (2, 35);
 insert into SHOT values (73, 76, 77, 35, 9.660, 9.00, -3.50, 9.621, 8.81, -3.46, 0.052, 229.05, 10.85);
insert into SHOT values (74, 77, 78, 35, 4.720, 71.30, 6.70, 4.694, 71.49, 6.73, 0.031, 221.48, -1.28);
insert into SHOT values (75, 78, 79, 35, 8.200, 334.30, -12.00, 8.186, 333.92, -12.06, 0.056, 228.14, -5.23);
insert into SHOT values (76, 79, 80, 35, 8.020, 320.70, 5.30, 8.009, 320.24, 5.37, 0.066, 220.22, 8.04);
insert into SHOT values (77, 80, 81, 35, 4.430, 354.00, -1.90, 4.399, 353.73, -1.95, 0.038, 207.30, -4.76);
insert into SHOT values (78, 81, 82, 35, 14.540, 265.70, -2.90, 14.539, 265.70, -2.88, 0.006, 157.32, 76.92);
insert into SHOT values (79, 81, 83, 35, 13.980, 265.60, -3.00, 14.001, 265.04, -2.95, 0.140, 184.24, 4.78);
insert into SHOT values (80, 83, 84, 35, 5.340, 295.50, 12.40, 5.350, 295.14, 12.41, 0.034, 221.81, 5.58);
insert into SHOT values (81, 84, 85, 35, 5.350, 22.30, -5.50, 5.317, 22.20, -5.50, 0.034, 217.45, 4.65);
insert into SHOT values (82, 85, 86, 35, 3.640, 296.60, -0.10, 3.645, 296.21, 0.00, 0.026, 217.61, 14.23);
insert into SHOT values (83, 86, 87, 35, 4.820, 220.70, -11.90, 4.862, 220.65, -11.87, 0.043, 215.45, -8.23);
insert into SHOT values (84, 87, 88, 35, 10.640, 267.80, 0.70, 10.662, 267.37, 0.75, 0.084, 192.87, 6.82);
insert into SHOT values (85, 88, 89, 35, 8.130, 337.80, -8.10, 8.107, 337.43, -8.16, 0.058, 222.57, -4.46);
insert into SHOT values (86, 89, 90, 35, 13.550, 260.20, 0.30, 13.579, 259.69, 0.34, 0.124, 183.66, 4.18);
insert into SHOT values (87, 90, 91, 35, 17.270, 340.10, 1.30, 17.249, 339.39, 1.36, 0.216, 243.91, 4.83);
insert into SHOT values (88, 91, 92, 35, 9.850, 252.80, -5.60, 9.882, 252.49, -5.52, 0.064, 194.14, 10.06);
insert into SURVEY values (37, 18, 'byaki_05', 'byaki_05.byaki', 'byaki 05');
 insert into CENTRELINE values (38, 37, NULL, NULL, NULL, 0.00, 0.00, 0.00);
 insert into CENTRELINE values (39, 37, NULL, '2024-12-21', NULL, 121.84, 0.00, 0.00);
 insert into TOPO values (1, 39);
 insert into TOPO values (2, 39);
 insert into SHOT values (89, 93, 94, 39, 3.070, 96.70, 10.20, 3.068, 96.65, 10.14, 0.005, 341.44, -53.95);
insert into SHOT values (90, 93, 95, 39, 3.010, 92.40, 9.60, 3.014, 92.31, 9.55, 0.007, 48.01, -17.15);
insert into SHOT values (91, 93, 96, 39, 3.010, 87.90, 8.80, 3.017, 87.89, 8.77, 0.008, 82.33, -3.72);
insert into SHOT values (92, 93, 97, 39, 2.850, 83.40, 9.00, 2.852, 83.48, 8.87, 0.008, 133.38, -48.58);
insert into SHOT values (93, 93, 98, 39, 2.890, 79.50, 9.10, 2.893, 79.52, 8.95, 0.008, 90.44, -59.56);
insert into SHOT values (94, 93, 99, 39, 3.150, 75.30, 8.40, 3.155, 75.34, 8.38, 0.006, 97.50, -1.58);
insert into SHOT values (95, 93, 100, 39, 3.160, 70.90, 8.80, 3.158, 70.93, 8.74, 0.004, 205.81, -59.30);
insert into SHOT values (96, 93, 101, 39, 3.160, 66.10, 8.90, 3.163, 66.22, 8.91, 0.008, 130.09, 8.45);
insert into SHOT values (97, 93, 102, 39, 3.110, 62.70, 8.60, 3.116, 62.77, 8.49, 0.009, 92.77, -34.04);
insert into SHOT values (98, 93, 103, 39, 3.610, 45.60, 7.40, 3.608, 45.68, 7.33, 0.007, 154.78, -43.34);
insert into SHOT values (99, 93, 104, 39, 3.640, 42.10, 6.50, 3.641, 42.20, 6.47, 0.007, 122.75, -17.99);
insert into SHOT values (100, 93, 105, 39, 3.630, 36.80, 6.80, 3.634, 36.77, 6.80, 0.004, 12.50, 2.85);
insert into SHOT values (101, 93, 106, 39, 3.630, 40.90, 8.00, 3.636, 40.95, 7.90, 0.009, 65.30, -36.33);
insert into SHOT values (102, 93, 107, 39, 3.500, 32.10, 6.60, 3.497, 32.18, 6.57, 0.006, 155.27, -21.43);
insert into SHOT values (103, 93, 108, 39, 3.310, 25.00, 7.50, 3.307, 25.08, 7.47, 0.006, 143.65, -21.32);
insert into SHOT values (104, 93, 109, 39, 3.290, 15.20, 7.40, 3.292, 15.27, 7.33, 0.006, 71.43, -37.71);
insert into SHOT values (105, 93, 110, 39, 3.280, 11.30, 7.90, 3.285, 11.34, 7.87, 0.005, 39.57, -8.72);
insert into SHOT values (106, 93, 111, 39, 3.310, 7.20, 3.00, 3.311, 7.30, 2.94, 0.007, 84.00, -29.35);
insert into SHOT values (107, 93, 112, 39, 3.180, 338.00, 5.70, 3.174, 338.06, 5.61, 0.009, 125.81, -41.45);
insert into SHOT values (108, 93, 113, 39, 4.360, 333.80, -1.80, 4.358, 333.85, -1.84, 0.005, 91.66, -37.20);
insert into SHOT values (109, 93, 114, 39, 3.570, 324.90, 3.80, 3.561, 324.97, 3.70, 0.011, 117.91, -35.23);
insert into SHOT values (110, 93, 115, 39, 3.300, 315.80, 8.40, 3.295, 315.87, 8.38, 0.006, 94.08, -19.13);
insert into SHOT values (111, 93, 116, 39, 3.090, 300.20, 9.10, 3.082, 300.19, 9.15, 0.009, 124.28, 8.67);
insert into SHOT values (112, 93, 117, 39, 3.530, 298.60, 6.10, 3.528, 298.61, 6.02, 0.005, 97.07, -71.15);
insert into SHOT values (113, 93, 118, 39, 4.070, 301.60, 11.50, 4.064, 301.65, 11.50, 0.007, 88.43, -11.62);
insert into SHOT values (114, 93, 119, 39, 4.420, 330.00, -5.30, 4.419, 330.00, -5.32, 0.002, 159.40, -47.69);
insert into SHOT values (115, 93, 120, 39, 4.330, 330.00, -4.30, 4.332, 329.99, -4.37, 0.005, 301.31, -76.52);
insert into SHOT values (116, 93, 121, 39, 3.870, 326.20, -4.40, 3.870, 326.31, -4.45, 0.008, 61.31, -22.63);
insert into SHOT values (117, 93, 122, 39, 3.810, 321.50, -2.30, 3.811, 321.50, -2.41, 0.007, 348.94, -84.55);
insert into SHOT values (118, 93, 123, 39, 3.800, 315.70, -1.30, 3.799, 315.75, -1.36, 0.005, 72.05, -47.56);
insert into SHOT values (119, 93, 124, 39, 3.840, 312.10, -0.30, 3.838, 312.04, -0.30, 0.004, 190.95, 1.36);
insert into SHOT values (120, 93, 125, 39, 3.910, 308.60, -0.30, 3.906, 308.66, -0.29, 0.006, 83.36, 4.71);
insert into SHOT values (121, 93, 126, 39, 4.150, 302.50, 1.90, 4.144, 302.58, 1.94, 0.009, 80.03, 16.21);
insert into SHOT values (122, 93, 127, 39, 4.330, 299.80, 1.00, 4.323, 299.83, 0.93, 0.009, 102.90, -38.39);
insert into SHOT values (123, 93, 128, 39, 4.150, 332.40, 0.70, 4.151, 332.45, 0.69, 0.004, 45.06, -11.07);
insert into SHOT values (124, 93, 129, 39, 4.130, 327.50, 2.00, 4.125, 327.58, 1.95, 0.009, 98.02, -28.02);
insert into SHOT values (125, 93, 130, 39, 9.480, 6.90, -1.80, 9.449, 6.69, -1.82, 0.047, 235.15, -2.73);
insert into SHOT values (126, 130, 131, 39, 3.120, 173.80, 1.70, 3.119, 173.92, 1.84, 0.010, 273.24, 47.49);
insert into SHOT values (127, 130, 132, 39, 5.000, 177.70, 2.70, 5.000, 177.70, 2.75, 0.005, 314.31, 82.23);
insert into SHOT values (128, 130, 133, 39, 5.150, 182.20, 2.10, 5.157, 182.22, 2.11, 0.008, 198.56, 9.53);
insert into SHOT values (129, 130, 134, 39, 5.600, 186.50, 1.20, 5.608, 186.55, 1.23, 0.010, 220.67, 15.97);
insert into SHOT values (130, 130, 135, 39, 9.730, 190.60, -0.10, 9.736, 190.59, -0.06, 0.009, 181.48, 49.06);
insert into SHOT values (131, 130, 136, 39, 10.180, 193.80, 0.60, 10.185, 193.80, 0.62, 0.006, 202.97, 35.44);
insert into SHOT values (132, 130, 137, 39, 10.440, 197.40, 0.40, 10.438, 197.39, 0.44, 0.008, 43.31, 68.63);
insert into SHOT values (133, 130, 138, 39, 11.960, 201.20, 0.40, 11.962, 201.22, 0.43, 0.008, 273.62, 51.98);
insert into SHOT values (134, 130, 139, 39, 12.550, 202.00, 0.60, 12.554, 201.99, 0.59, 0.005, 166.75, -17.15);
insert into SHOT values (135, 130, 140, 39, 12.450, 204.20, 0.40, 12.457, 204.22, 0.41, 0.008, 236.35, 21.30);
insert into SHOT values (136, 130, 141, 39, 5.340, 207.50, 0.80, 5.346, 207.52, 0.86, 0.008, 229.66, 42.65);
insert into SHOT values (137, 130, 142, 39, 6.900, 208.70, 0.80, 6.902, 208.76, 0.83, 0.008, 284.22, 27.63);
insert into SHOT values (138, 130, 143, 39, 6.480, 211.00, 0.40, 6.486, 210.99, 0.44, 0.008, 204.84, 37.21);
insert into SHOT values (139, 130, 144, 39, 6.420, 213.40, 0.20, 6.424, 213.44, 0.27, 0.010, 267.02, 51.94);
insert into SHOT values (140, 130, 145, 39, 6.580, 216.80, -0.00, 6.580, 216.78, 0.00, 0.002, 127.01, 0.00);
insert into SHOT values (141, 130, 146, 39, 7.110, 218.80, -0.00, 7.112, 218.84, 0.00, 0.005, 282.71, 0.00);
insert into SHOT values (142, 130, 147, 39, 7.210, 220.50, -0.40, 7.207, 220.50, -0.40, 0.003, 45.15, 5.64);
insert into SHOT values (143, 130, 148, 39, 7.470, 223.10, -0.90, 7.479, 223.10, -0.84, 0.012, 225.95, 38.72);
insert into SHOT values (144, 130, 149, 39, 8.970, 233.00, -0.00, 8.976, 233.02, 0.00, 0.006, 254.59, 0.00);
insert into SHOT values (145, 130, 150, 39, 8.730, 237.30, -0.70, 8.736, 237.29, -0.66, 0.009, 225.73, 48.89);
insert into SHOT values (146, 130, 151, 39, 8.810, 239.80, -0.70, 8.815, 239.83, -0.65, 0.010, 281.43, 49.86);
insert into SHOT values (147, 130, 152, 39, 8.460, 243.00, -1.50, 8.464, 243.01, -1.49, 0.005, 263.20, 17.22);
insert into SHOT values (148, 130, 153, 39, 8.600, 245.50, -1.90, 8.601, 245.46, -1.87, 0.008, 166.30, 41.70);
insert into SHOT values (149, 130, 154, 39, 7.730, 247.10, -3.00, 7.731, 247.05, -2.97, 0.008, 170.79, 35.99);
insert into SHOT values (150, 130, 155, 39, 5.090, 249.00, -2.10, 5.094, 248.93, -2.03, 0.010, 190.07, 41.97);
insert into SHOT values (151, 130, 156, 39, 4.410, 253.20, -1.70, 4.412, 253.13, -1.69, 0.006, 180.76, 7.95);
insert into SHOT values (152, 130, 157, 39, 4.280, 260.70, -1.50, 4.277, 260.71, -1.47, 0.003, 58.12, 37.01);
insert into SHOT values (153, 130, 158, 39, 4.240, 265.90, -1.40, 4.243, 265.81, -1.35, 0.008, 196.93, 26.34);
insert into SHOT values (154, 130, 159, 39, 4.280, 268.80, -1.30, 4.282, 268.80, -1.20, 0.007, 259.19, 73.70);
insert into SHOT values (155, 130, 160, 39, 4.440, 272.40, -1.60, 4.445, 272.32, -1.55, 0.009, 223.85, 26.07);
insert into SHOT values (156, 130, 161, 39, 4.200, 276.00, -1.50, 4.205, 276.01, -1.50, 0.005, 284.29, -0.71);
insert into SHOT values (157, 130, 162, 39, 4.190, 278.00, -2.00, 4.193, 277.96, -1.91, 0.008, 229.93, 55.27);
insert into SHOT values (158, 130, 163, 39, 4.230, 281.70, -2.80, 4.231, 281.60, -2.71, 0.010, 202.72, 42.13);
insert into SHOT values (159, 130, 164, 39, 3.390, 305.70, -1.40, 3.390, 305.75, -1.35, 0.004, 41.91, 41.39);
insert into SHOT values (160, 130, 165, 39, 3.240, 316.60, 0.90, 3.240, 316.50, 0.88, 0.006, 227.17, -9.04);
insert into SHOT values (161, 130, 166, 39, 3.380, 320.60, 1.10, 3.382, 320.52, 1.19, 0.007, 254.82, 44.59);
insert into SHOT values (162, 130, 167, 39, 3.560, 325.30, 1.80, 3.558, 325.19, 1.77, 0.007, 219.01, -14.72);
insert into SHOT values (163, 130, 168, 39, 8.720, 358.50, -0.50, 8.713, 358.49, -0.46, 0.009, 194.65, 41.44);
insert into SHOT values (164, 130, 169, 39, 8.570, 3.40, 1.50, 8.568, 3.41, 1.54, 0.006, 135.96, 64.02);
insert into SHOT values (165, 130, 170, 39, 9.170, 8.20, 1.80, 9.167, 8.16, 1.81, 0.008, 256.31, 14.72);
insert into SHOT values (166, 130, 171, 39, 9.150, 13.10, 1.30, 9.150, 13.08, 1.32, 0.004, 277.09, 35.73);
insert into SHOT values (167, 130, 172, 39, 5.080, 248.50, -1.30, 5.113, 248.30, -1.23, 0.038, 220.76, 7.90);
insert into SHOT values (168, 172, 173, 39, 5.090, 67.90, 1.10, 5.084, 67.93, 1.13, 0.007, 228.12, 18.24);
insert into SHOT values (169, 172, 174, 39, 5.160, 73.50, 1.30, 5.162, 73.57, 1.33, 0.007, 143.80, 24.72);
insert into SHOT values (170, 172, 175, 39, 5.330, 78.10, 2.20, 5.329, 78.08, 2.15, 0.005, 317.28, -62.77);
insert into SHOT values (171, 172, 176, 39, 5.130, 75.50, 1.90, 5.125, 75.53, 1.90, 0.005, 225.93, -0.92);
insert into SHOT values (172, 172, 177, 39, 5.340, 83.90, 3.10, 5.338, 83.86, 3.11, 0.004, 329.45, 17.26);
insert into SHOT values (173, 172, 178, 39, 5.090, 92.90, 3.40, 5.086, 92.94, 3.38, 0.006, 237.08, -19.09);
insert into SHOT values (174, 172, 179, 39, 5.210, 94.90, 0.90, 5.210, 94.96, 0.88, 0.005, 183.62, -20.00);
insert into SHOT values (175, 172, 180, 39, 5.090, 98.00, 2.50, 5.095, 98.02, 2.48, 0.005, 117.79, -22.44);
insert into SHOT values (176, 172, 181, 39, 5.080, 103.60, 3.00, 5.079, 103.57, 3.05, 0.005, 344.59, 54.10);
insert into SHOT values (177, 172, 182, 39, 5.370, 108.10, 3.20, 5.375, 108.13, 3.20, 0.006, 139.17, 2.42);
insert into SHOT values (178, 172, 183, 39, 5.480, 110.40, 3.60, 5.485, 110.42, 3.55, 0.007, 133.18, -37.92);
insert into SHOT values (179, 172, 184, 39, 5.640, 115.40, 3.60, 5.638, 115.47, 3.56, 0.008, 220.45, -29.44);
insert into SHOT values (180, 172, 185, 39, 5.660, 118.60, 3.50, 5.662, 118.65, 3.44, 0.008, 181.16, -44.36);
insert into SHOT values (181, 172, 186, 39, 5.690, 121.40, 3.70, 5.694, 121.40, 3.73, 0.005, 115.55, 36.57);
insert into SHOT values (182, 172, 187, 39, 5.690, 123.90, 3.90, 5.691, 123.94, 3.93, 0.005, 205.88, 35.47);
insert into SHOT values (183, 172, 188, 39, 5.720, 126.40, 3.60, 5.717, 126.45, 3.61, 0.006, 244.49, 8.76);
insert into SHOT values (184, 172, 189, 39, 5.610, 132.00, -0.40, 5.615, 132.04, -0.41, 0.006, 170.41, -7.48);
insert into SHOT values (185, 172, 190, 39, 5.830, 130.50, 2.00, 5.833, 130.55, 1.96, 0.007, 184.43, -29.83);
insert into SHOT values (186, 172, 191, 39, 8.700, 149.90, 3.20, 8.706, 149.90, 3.16, 0.008, 143.35, -42.65);
insert into SHOT values (187, 172, 192, 39, 8.710, 148.60, 6.10, 8.706, 148.60, 6.07, 0.006, 315.42, -59.49);
insert into SHOT values (188, 172, 193, 39, 8.300, 152.40, 4.50, 8.296, 152.41, 4.49, 0.005, 308.79, -15.07);
insert into SHOT values (189, 172, 194, 39, 8.230, 155.10, 4.30, 8.238, 155.09, 4.32, 0.008, 142.54, 21.02);
insert into SHOT values (190, 172, 195, 39, 7.600, 157.30, 3.40, 7.602, 157.29, 3.39, 0.003, 114.79, -16.20);
insert into SHOT values (191, 172, 196, 39, 7.370, 159.40, -0.60, 7.371, 159.43, -0.62, 0.004, 241.08, -40.13);
insert into SHOT values (192, 172, 197, 39, 8.200, 159.30, -0.60, 8.200, 159.29, -0.63, 0.004, 82.46, -67.87);
insert into SHOT values (193, 172, 198, 39, 3.630, 161.40, -1.80, 3.632, 161.37, -1.74, 0.005, 115.28, 52.91);
insert into SHOT values (194, 172, 199, 39, 3.530, 164.30, -1.80, 3.532, 164.39, -1.78, 0.006, 234.60, 8.59);
insert into SHOT values (195, 172, 200, 39, 3.440, 170.00, -1.40, 3.444, 169.96, -1.33, 0.006, 139.16, 43.09);
insert into SHOT values (196, 172, 201, 39, 3.570, 174.60, -0.90, 3.577, 174.54, -0.96, 0.008, 147.03, -27.66);
insert into SHOT values (197, 172, 202, 39, 3.600, 179.00, -0.80, 3.601, 179.05, -0.80, 0.003, 252.33, 5.09);
insert into SHOT values (198, 172, 203, 39, 3.580, 182.80, -0.20, 3.585, 182.88, -0.16, 0.007, 230.00, 20.49);
insert into SHOT values (199, 172, 204, 39, 3.580, 186.60, -0.20, 3.584, 186.57, -0.16, 0.005, 158.55, 31.80);
insert into SHOT values (200, 172, 205, 39, 3.680, 206.00, 2.70, 3.685, 205.94, 2.64, 0.007, 166.96, -28.12);
insert into SHOT values (201, 172, 206, 39, 4.240, 219.00, 2.70, 4.242, 219.06, 2.70, 0.005, 287.24, 3.16);
insert into SHOT values (202, 172, 207, 39, 4.480, 220.90, 2.90, 4.479, 220.92, 2.94, 0.004, 344.66, 59.66);
insert into SHOT values (203, 172, 208, 39, 4.640, 231.80, 2.20, 4.639, 231.75, 2.22, 0.005, 126.21, 22.36);
insert into SHOT values (204, 172, 209, 39, 3.800, 240.50, 3.00, 3.798, 240.46, 3.02, 0.003, 115.67, 19.76);
insert into SHOT values (205, 172, 210, 39, 3.840, 245.40, 1.80, 3.841, 245.37, 1.79, 0.002, 186.44, -15.12);
insert into SHOT values (206, 172, 211, 39, 4.480, 252.00, 1.60, 4.483, 251.93, 1.53, 0.008, 188.59, -39.32);
insert into SHOT values (207, 93, 212, 39, 6.200, 266.90, -0.90, 6.200, 266.86, -0.92, 0.005, 178.03, -28.80);
insert into SHOT values (208, 212, 213, 39, 5.320, 309.80, 7.50, 5.320, 309.85, 7.45, 0.006, 31.54, -45.00);
insert into SHOT values (209, 212, 214, 39, 5.340, 306.80, 5.70, 5.340, 306.89, 5.70, 0.009, 34.12, -2.48);
insert into SHOT values (210, 212, 215, 39, 5.060, 312.30, 5.30, 5.055, 312.34, 5.34, 0.007, 97.71, 21.56);
insert into SHOT values (211, 212, 216, 39, 5.020, 320.10, 5.10, 5.019, 320.19, 5.14, 0.009, 60.91, 24.09);
insert into SHOT values (212, 212, 217, 39, 4.460, 324.70, 5.30, 4.461, 324.81, 5.27, 0.009, 48.09, -13.27);
insert into SHOT values (213, 212, 218, 39, 4.900, 330.40, 4.90, 4.904, 330.44, 4.91, 0.005, 16.24, 15.50);
insert into SHOT values (214, 212, 219, 39, 4.800, 335.90, 5.80, 4.801, 335.90, 5.86, 0.005, 356.71, 80.47);
insert into SHOT values (215, 212, 220, 39, 4.570, 341.20, 4.30, 4.576, 341.21, 4.26, 0.007, 346.92, -23.33);
insert into SHOT values (216, 212, 221, 39, 4.610, 349.50, 4.30, 4.609, 349.59, 4.36, 0.009, 90.34, 29.32);
insert into SHOT values (217, 212, 222, 39, 4.700, 359.00, 3.50, 4.700, 359.02, 3.54, 0.004, 105.49, 57.67);
insert into SHOT values (218, 212, 223, 39, 4.600, 3.20, -0.80, 4.608, 3.24, -0.75, 0.009, 23.07, 27.03);
insert into SHOT values (219, 212, 224, 39, 3.780, 29.10, -1.90, 3.789, 29.07, -1.97, 0.010, 16.56, -26.57);
insert into SHOT values (220, 212, 225, 39, 3.730, 32.50, -3.40, 3.729, 32.49, -3.38, 0.001, 242.46, 60.84);
insert into SHOT values (221, 212, 226, 39, 3.570, 36.20, -2.90, 3.575, 36.23, -2.89, 0.005, 56.16, 6.89);
insert into SHOT values (222, 212, 227, 39, 3.430, 39.40, -3.60, 3.439, 39.44, -3.67, 0.010, 56.46, -28.28);
insert into SHOT values (223, 212, 228, 39, 3.420, 43.10, -4.10, 3.419, 43.10, -4.03, 0.005, 226.87, 76.11);
insert into SHOT values (224, 212, 229, 39, 3.400, 44.90, -4.30, 3.410, 44.88, -4.20, 0.012, 38.88, 24.48);
insert into SHOT values (225, 212, 230, 39, 3.840, 29.60, 0.50, 3.843, 29.63, 0.45, 0.005, 69.21, -44.53);
insert into SHOT values (226, 172, 231, 39, 14.030, 58.10, -1.90, 13.992, 58.39, -1.88, 0.080, 176.08, 3.69);
insert into SHOT values (227, 231, 232, 39, 10.720, 249.30, 2.80, 10.716, 249.26, 2.78, 0.009, 131.37, -24.70);
insert into SHOT values (228, 231, 233, 39, 9.860, 250.90, 3.20, 9.857, 250.90, 3.20, 0.003, 63.37, -7.63);
insert into SHOT values (229, 231, 234, 39, 9.650, 252.80, 3.30, 9.647, 252.79, 3.27, 0.006, 110.04, -58.60);
insert into SHOT values (230, 231, 235, 39, 9.600, 255.50, 3.10, 9.599, 255.50, 3.11, 0.001, 78.04, 53.22);
insert into SHOT values (231, 231, 236, 39, 9.700, 258.70, 3.20, 9.693, 258.68, 3.19, 0.008, 107.77, -11.10);
insert into SHOT values (232, 231, 237, 39, 9.620, 260.60, 3.30, 9.615, 260.59, 3.28, 0.006, 105.49, -35.51);
insert into SHOT values (233, 231, 238, 39, 9.570, 262.80, 3.20, 9.570, 262.79, 3.17, 0.005, 186.26, -59.86);
insert into SHOT values (234, 231, 239, 39, 9.460, 265.20, 3.40, 9.460, 265.20, 3.39, 0.001, 49.08, -73.69);
insert into SHOT values (235, 231, 240, 39, 8.990, 268.60, 3.70, 8.991, 268.60, 3.70, 0.002, 240.16, -5.09);
insert into SHOT values (236, 231, 241, 39, 9.630, 271.10, 3.50, 9.630, 271.07, 3.51, 0.005, 176.63, 24.88);
insert into SHOT values (237, 231, 242, 39, 9.520, 272.60, 3.10, 9.513, 272.59, 3.07, 0.008, 101.02, -37.04);
insert into SHOT values (238, 231, 243, 39, 9.230, 275.20, 5.40, 9.229, 275.18, 5.41, 0.003, 156.68, 24.16);
insert into SHOT values (239, 231, 244, 39, 9.210, 278.90, 6.30, 9.206, 278.93, 6.30, 0.006, 48.18, -6.67);
insert into SHOT values (240, 231, 245, 39, 8.960, 282.70, 7.00, 8.953, 282.68, 6.99, 0.008, 132.36, -14.33);
insert into SHOT values (241, 231, 246, 39, 8.110, 286.90, 7.30, 8.104, 286.92, 7.30, 0.007, 77.55, -4.02);
insert into SHOT values (242, 231, 247, 39, 7.910, 290.20, 7.30, 7.907, 290.21, 7.27, 0.006, 75.92, -56.13);
insert into SHOT values (243, 231, 248, 39, 7.280, 294.10, 6.90, 7.272, 294.12, 6.87, 0.009, 98.69, -31.89);
insert into SHOT values (244, 231, 249, 39, 6.800, 297.20, 7.00, 6.795, 297.17, 7.02, 0.006, 149.94, 12.34);
insert into SHOT values (245, 231, 250, 39, 6.060, 283.20, 15.40, 6.061, 283.16, 15.40, 0.005, 205.26, 9.10);
insert into SHOT values (246, 231, 251, 39, 10.810, 248.60, 2.90, 10.809, 248.59, 2.92, 0.004, 111.90, 57.54);
insert into SHOT values (247, 231, 252, 39, 8.430, 231.70, 6.10, 8.434, 231.68, 6.06, 0.008, 200.31, -48.33);
insert into SHOT values (248, 231, 253, 39, 7.620, 226.10, 5.80, 7.621, 226.07, 5.80, 0.004, 143.17, -0.68);
insert into SHOT values (249, 231, 254, 39, 7.180, 219.30, 6.00, 7.181, 219.26, 5.99, 0.005, 147.07, -5.78);
insert into SHOT values (250, 231, 255, 39, 7.100, 213.90, 7.50, 7.095, 213.87, 7.53, 0.007, 66.39, 26.07);
insert into SHOT values (251, 231, 256, 39, 7.140, 219.60, 6.30, 7.139, 219.57, 6.27, 0.005, 115.29, -40.39);
insert into SHOT values (252, 231, 257, 39, 7.110, 213.80, 7.00, 7.104, 213.78, 7.03, 0.008, 53.61, 26.04);
insert into SHOT values (253, 231, 258, 39, 7.280, 210.20, 7.30, 7.277, 210.19, 7.26, 0.006, 68.20, -63.76);
insert into SHOT values (254, 231, 259, 39, 6.370, 204.90, 7.50, 6.372, 204.90, 7.48, 0.002, 211.25, -38.50);
insert into SHOT values (255, 231, 260, 39, 6.340, 198.40, 8.10, 6.343, 198.38, 8.07, 0.005, 163.21, -37.45);
insert into SHOT values (256, 231, 261, 39, 6.790, 197.40, 8.20, 6.787, 197.41, 8.22, 0.003, 354.90, 26.85);
insert into SHOT values (257, 231, 262, 39, 6.240, 192.70, 8.50, 6.238, 192.64, 8.48, 0.007, 86.02, -18.95);
insert into SHOT values (258, 231, 263, 39, 6.140, 189.60, 9.00, 6.140, 189.59, 8.99, 0.002, 110.99, -19.30);
insert into SHOT values (259, 231, 264, 39, 6.230, 187.90, 9.10, 6.225, 187.85, 9.06, 0.008, 59.77, -39.90);
insert into SHOT values (260, 231, 265, 39, 6.440, 181.60, 9.80, 6.435, 181.54, 9.75, 0.010, 63.71, -37.47);
insert into SHOT values (261, 231, 266, 39, 6.600, 177.80, 9.90, 6.602, 177.80, 9.85, 0.006, 172.34, -56.78);
insert into SHOT values (262, 231, 267, 39, 9.310, 263.40, 4.30, 9.308, 263.38, 4.31, 0.004, 142.42, 27.65);
insert into SHOT values (263, 231, 268, 39, 8.830, 268.30, 4.60, 8.822, 268.31, 4.62, 0.008, 81.79, 13.36);
insert into SHOT values (264, 231, 269, 39, 8.870, 272.60, 4.70, 8.869, 272.59, 4.72, 0.004, 133.45, 65.24);
insert into SHOT values (265, 231, 270, 39, 9.360, 276.50, 6.50, 9.360, 276.48, 6.50, 0.003, 178.93, 8.58);
insert into SHOT values (266, 231, 271, 39, 9.130, 278.60, 6.00, 9.122, 278.62, 5.98, 0.009, 74.28, -27.92);
insert into SHOT values (267, 231, 272, 39, 9.050, 281.80, 6.10, 9.051, 281.80, 6.09, 0.002, 261.50, -49.87);
insert into SHOT values (268, 231, 273, 39, 9.080, 284.00, 5.60, 9.082, 284.02, 5.56, 0.007, 335.30, -55.12);
insert into SHOT values (269, 231, 274, 39, 8.210, 287.20, 6.60, 8.208, 287.19, 6.58, 0.004, 152.83, -62.63);
insert into SHOT values (270, 231, 275, 39, 7.590, 291.30, 6.80, 7.589, 291.32, 6.81, 0.003, 37.71, 24.16);
insert into SHOT values (271, 231, 276, 39, 6.760, 294.50, 6.30, 6.757, 294.54, 6.29, 0.006, 49.31, -18.08);
insert into SHOT values (272, 231, 277, 39, 6.780, 296.60, 6.10, 6.782, 296.60, 6.09, 0.002, 305.20, -11.10);
insert into SHOT values (273, 231, 278, 39, 7.010, 299.60, 5.70, 7.003, 299.58, 5.74, 0.008, 137.14, 27.04);
insert into SHOT values (274, 231, 279, 39, 6.640, 302.30, 5.30, 6.639, 302.27, 5.27, 0.005, 206.43, -45.59);
insert into SHOT values (275, 231, 280, 39, 6.590, 307.30, 4.80, 6.587, 307.32, 4.79, 0.004, 81.85, -20.60);
insert into SHOT values (276, 231, 281, 39, 6.550, 309.80, 4.10, 6.549, 309.78, 4.12, 0.003, 197.36, 39.08);
insert into SHOT values (277, 231, 282, 39, 6.430, 312.50, 3.50, 6.431, 312.54, 3.48, 0.005, 24.52, -29.68);
insert into SHOT values (278, 231, 283, 39, 6.280, 316.10, 3.10, 6.282, 316.10, 3.10, 0.002, 310.79, 9.16);
insert into SHOT values (279, 231, 284, 39, 6.770, 319.00, 2.70, 6.763, 319.02, 2.71, 0.008, 119.39, 8.20);
insert into SHOT values (280, 231, 285, 39, 7.470, 322.00, 2.70, 7.468, 322.02, 2.69, 0.004, 88.61, -25.87);
insert into SHOT values (281, 231, 286, 39, 7.450, 324.40, 3.00, 7.450, 324.41, 3.00, 0.001, 51.22, 4.96);
insert into SHOT values (282, 231, 287, 39, 9.730, 330.20, 3.50, 9.729, 330.24, 3.48, 0.008, 69.91, -29.90);
insert into SHOT values (283, 231, 288, 39, 9.430, 333.10, 3.50, 9.427, 333.08, 3.47, 0.007, 200.70, -53.31);
insert into SHOT values (284, 231, 289, 39, 9.300, 335.70, 3.80, 9.303, 335.70, 3.82, 0.005, 332.76, 51.49);
insert into SHOT values (285, 231, 290, 39, 11.060, 336.30, 0.90, 11.062, 336.33, 0.88, 0.007, 51.16, -30.14);
insert into SHOT values (286, 231, 291, 39, 8.570, 348.10, 0.40, 8.563, 348.14, 0.40, 0.009, 128.25, 1.08);
insert into SHOT values (287, 231, 292, 39, 6.620, 350.50, 1.00, 6.621, 350.52, 0.95, 0.006, 53.93, -61.31);
insert into SHOT values (288, 231, 293, 39, 6.250, 354.00, 1.30, 6.245, 354.02, 1.28, 0.006, 143.01, -19.02);
insert into SHOT values (289, 231, 294, 39, 6.310, 358.50, 1.60, 6.304, 358.55, 1.55, 0.010, 136.45, -39.81);
insert into SHOT values (290, 231, 295, 39, 6.510, 2.00, 1.10, 6.505, 2.03, 1.06, 0.007, 149.52, -41.57);
insert into SHOT values (291, 231, 296, 39, 6.640, 6.60, 1.40, 6.637, 6.66, 1.38, 0.008, 119.75, -15.36);
insert into SHOT values (292, 231, 297, 39, 6.840, 11.10, 1.70, 6.842, 11.13, 1.68, 0.005, 76.25, -37.23);
insert into SHOT values (293, 231, 298, 39, 6.900, 14.90, 1.60, 6.896, 14.96, 1.58, 0.009, 129.80, -17.51);
insert into SHOT values (294, 231, 299, 39, 7.180, 20.90, 1.50, 7.175, 20.91, 1.52, 0.006, 185.41, 21.09);
insert into SHOT values (295, 231, 300, 39, 7.380, 24.00, 2.30, 7.383, 23.99, 2.25, 0.007, 11.45, -60.19);
insert into SHOT values (296, 231, 301, 39, 8.260, 27.30, 2.40, 8.259, 27.34, 2.36, 0.008, 125.97, -44.36);
insert into SHOT values (297, 231, 302, 39, 8.570, 33.50, 1.30, 8.567, 33.52, 1.27, 0.006, 166.24, -43.33);
insert into SHOT values (298, 231, 303, 39, 8.900, 37.20, 2.00, 8.898, 37.23, 2.00, 0.005, 153.94, -6.47);
insert into SHOT values (299, 231, 304, 39, 9.430, 40.70, 2.50, 9.432, 40.74, 2.49, 0.007, 110.10, -10.78);
insert into SHOT values (300, 231, 305, 39, 9.680, 43.40, 1.10, 9.679, 43.41, 1.07, 0.006, 173.59, -71.43);
insert into SHOT values (301, 231, 306, 39, 6.950, 17.60, 0.30, 6.911, 17.52, 0.33, 0.041, 211.80, 5.07);
insert into SHOT values (302, 306, 307, 39, 7.910, 103.70, 1.70, 7.908, 103.68, 1.67, 0.006, 328.51, -57.16);
insert into SHOT values (303, 306, 308, 39, 6.620, 107.70, 1.30, 6.615, 107.70, 1.30, 0.005, 293.58, -2.00);
insert into SHOT values (304, 306, 309, 39, 5.420, 110.50, 0.90, 5.421, 110.41, 0.85, 0.010, 26.09, -30.30);
insert into SHOT values (305, 306, 310, 39, 5.210, 111.80, 0.90, 5.211, 111.74, 0.88, 0.006, 34.78, -18.19);
insert into SHOT values (306, 306, 311, 39, 4.530, 117.30, 0.30, 4.522, 117.25, 0.25, 0.010, 324.89, -21.68);
insert into SHOT values (307, 306, 312, 39, 4.200, 125.10, -0.40, 4.200, 125.01, -0.41, 0.006, 37.84, -6.16);
insert into SHOT values (308, 306, 313, 39, 3.750, 131.40, -0.60, 3.748, 131.43, -0.61, 0.003, 265.52, -14.78);
insert into SHOT values (309, 306, 314, 39, 3.720, 138.40, -0.90, 3.719, 138.38, -0.92, 0.002, 18.81, -45.37);
insert into SHOT values (310, 306, 315, 39, 3.670, 143.90, -1.30, 3.665, 143.88, -1.41, 0.008, 338.52, -53.97);
insert into SHOT values (311, 306, 316, 39, 3.660, 149.50, -0.20, 3.658, 149.44, -0.16, 0.005, 34.34, 32.89);
insert into SHOT values (312, 306, 317, 39, 0.390, 156.10, 7.20, 0.388, 155.43, 7.40, 0.005, 40.85, 12.74);
insert into SHOT values (313, 306, 318, 39, 3.550, 161.70, 5.80, 3.547, 161.67, 5.82, 0.004, 17.86, 20.36);
insert into SHOT values (314, 306, 319, 39, 3.730, 170.70, 5.60, 3.726, 170.69, 5.54, 0.005, 1.59, -49.48);
insert into SHOT values (315, 306, 320, 39, 4.410, 177.90, 5.50, 4.403, 177.91, 5.47, 0.007, 352.78, -21.50);
insert into SHOT values (316, 306, 321, 39, 4.930, 183.40, 5.70, 4.923, 183.39, 5.71, 0.007, 7.62, 2.87);
insert into SHOT values (317, 306, 322, 39, 5.740, 189.10, 5.60, 5.739, 189.07, 5.60, 0.004, 78.59, -2.02);
insert into SHOT values (318, 306, 323, 39, 6.270, 194.30, 4.90, 6.265, 194.28, 4.85, 0.007, 40.63, -50.16);
insert into SHOT values (319, 306, 324, 39, 6.680, 198.00, 4.70, 6.679, 198.03, 4.72, 0.004, 302.04, 39.69);
insert into SHOT values (320, 306, 325, 39, 9.450, 235.60, 0.60, 9.448, 235.65, 0.61, 0.009, 340.24, 6.47);
insert into SHOT values (321, 306, 326, 39, 8.960, 239.00, 0.80, 8.958, 239.03, 0.77, 0.007, 352.96, -49.71);
insert into SHOT values (322, 306, 327, 39, 8.630, 244.10, 1.40, 8.626, 244.15, 1.40, 0.009, 5.84, -5.70);
insert into SHOT values (323, 306, 328, 39, 8.670, 247.30, 1.50, 8.672, 247.34, 1.45, 0.009, 317.06, -47.54);
insert into SHOT values (324, 306, 329, 39, 7.680, 252.80, 1.20, 7.685, 252.82, 1.19, 0.005, 276.08, -9.33);
insert into SHOT values (325, 306, 330, 39, 6.880, 258.20, 1.70, 6.877, 258.25, 1.67, 0.008, 14.59, -32.17);
insert into SHOT values (326, 306, 331, 39, 7.090, 100.60, 1.70, 7.071, 100.93, 1.70, 0.045, 215.51, -0.43);
insert into SHOT values (327, 331, 332, 39, 3.700, 103.30, -2.60, 3.703, 103.28, -2.63, 0.004, 84.03, -36.07);
insert into SHOT values (328, 331, 333, 39, 3.410, 99.20, -2.50, 3.408, 99.30, -2.52, 0.006, 208.83, -11.69);
insert into SHOT values (329, 331, 334, 39, 2.430, 89.20, -1.70, 2.431, 89.29, -1.65, 0.005, 161.54, 26.86);
insert into SHOT values (330, 331, 335, 39, 2.570, 77.20, -2.90, 2.565, 77.37, -2.90, 0.009, 198.68, 0.15);
insert into SHOT values (331, 331, 336, 39, 2.670, 65.90, -2.20, 2.674, 65.93, -2.14, 0.005, 82.94, 28.67);
insert into SHOT values (332, 331, 337, 39, 2.690, 63.90, -2.40, 2.686, 63.91, -2.35, 0.005, 236.15, 31.57);
insert into SHOT values (333, 331, 338, 39, 2.910, 41.40, -5.10, 2.909, 41.50, -5.13, 0.005, 142.56, -14.05);
insert into SHOT values (334, 331, 339, 39, 2.890, 31.50, -6.30, 2.890, 31.48, -6.36, 0.003, 309.78, -67.75);
insert into SHOT values (335, 331, 340, 39, 3.620, 23.20, -3.30, 3.621, 23.30, -3.32, 0.007, 105.56, -13.91);
insert into SHOT values (336, 331, 341, 39, 3.680, 4.70, 5.00, 3.676, 4.70, 4.99, 0.004, 186.01, -11.24);
insert into SHOT values (337, 331, 342, 39, 3.610, 347.00, 9.50, 3.611, 347.02, 9.56, 0.004, 50.78, 73.87);
insert into SHOT values (338, 331, 343, 39, 3.540, 339.90, 9.90, 3.536, 339.85, 9.93, 0.005, 197.69, 14.95);
insert into SHOT values (339, 331, 344, 39, 3.470, 339.30, 7.90, 3.464, 339.35, 7.97, 0.008, 136.52, 23.23);
insert into SHOT values (340, 331, 345, 39, 3.460, 341.50, 10.50, 3.454, 341.46, 10.51, 0.006, 184.66, -4.87);
insert into SHOT values (341, 331, 346, 39, 3.470, 333.50, 10.90, 3.471, 333.51, 10.96, 0.004, 31.71, 79.53);
insert into SHOT values (342, 331, 347, 39, 3.760, 319.80, 8.10, 3.756, 319.80, 8.11, 0.004, 139.94, 2.87);
insert into SHOT values (343, 331, 348, 39, 3.600, 96.20, -14.10, 3.580, 96.61, -14.06, 0.032, 222.66, 12.68);
insert into SHOT values (344, 348, 349, 39, 5.080, 139.50, 6.40, 5.081, 139.50, 6.33, 0.007, 131.59, -73.75);
insert into SHOT values (345, 348, 350, 39, 5.810, 144.70, 9.10, 5.811, 144.65, 9.11, 0.005, 67.03, 11.69);
insert into SHOT values (346, 348, 351, 39, 5.570, 144.90, 8.60, 5.567, 144.84, 8.57, 0.007, 28.89, -23.53);
insert into SHOT values (347, 348, 352, 39, 2.340, 151.20, 6.80, 2.334, 151.11, 6.64, 0.009, 5.83, -48.89);
insert into SHOT values (348, 348, 353, 39, 2.160, 157.40, 6.20, 2.159, 157.26, 6.11, 0.006, 62.66, -31.37);
insert into SHOT values (349, 348, 354, 39, 2.140, 165.60, 6.90, 2.132, 165.50, 6.73, 0.011, 12.07, -41.81);
insert into SHOT values (350, 348, 355, 39, 2.200, 169.30, 8.40, 2.202, 169.15, 8.35, 0.006, 103.70, -12.79);
insert into SHOT values (351, 348, 356, 39, 2.580, 175.40, 9.80, 2.577, 175.26, 9.83, 0.007, 55.71, 6.63);
insert into SHOT values (352, 348, 357, 39, 2.900, 190.80, 1.10, 2.891, 190.77, 0.99, 0.010, 22.18, -32.94);
insert into SHOT values (353, 348, 358, 39, 6.200, 182.60, 8.90, 6.201, 182.53, 8.91, 0.008, 96.92, 5.74);
insert into SHOT values (354, 348, 359, 39, 5.710, 188.90, 7.40, 5.704, 188.85, 7.35, 0.009, 54.76, -36.26);
insert into SHOT values (355, 348, 360, 39, 5.400, 196.70, 8.10, 5.397, 196.64, 8.09, 0.006, 84.16, -7.83);
insert into SHOT values (356, 348, 361, 39, 6.640, 203.00, 8.30, 6.639, 202.94, 8.31, 0.008, 104.39, 11.10);
insert into SHOT values (357, 348, 362, 39, 8.020, 208.00, 8.00, 8.018, 208.02, 7.96, 0.007, 327.52, -65.92);
insert into SHOT values (358, 348, 363, 39, 8.290, 211.40, 7.40, 8.281, 211.41, 7.35, 0.011, 24.54, -45.07);
insert into SHOT values (359, 348, 364, 39, 6.830, 205.00, 9.10, 6.828, 205.01, 9.10, 0.002, 4.03, -5.76);
insert into SHOT values (360, 348, 365, 39, 7.790, 207.80, 9.70, 7.787, 207.80, 9.68, 0.004, 27.05, -43.58);
insert into SHOT values (361, 348, 366, 39, 8.820, 212.90, 6.60, 8.815, 212.93, 6.58, 0.007, 351.51, -30.18);
insert into SHOT values (362, 348, 367, 39, 9.410, 216.20, 6.10, 9.406, 216.17, 6.10, 0.006, 85.32, 0.51);
insert into SHOT values (363, 348, 368, 39, 9.850, 219.10, 6.10, 9.844, 219.07, 6.06, 0.010, 83.66, -43.64);
insert into SHOT values (364, 348, 369, 39, 0.160, 226.80, 7.20, 0.157, 225.00, 7.33, 0.006, 103.16, -0.52);
insert into SHOT values (365, 348, 370, 39, 4.300, 228.70, 7.00, 4.290, 228.71, 6.96, 0.010, 42.85, -23.37);
insert into SHOT values (366, 348, 371, 39, 4.140, 231.80, 7.40, 4.135, 231.73, 7.36, 0.007, 99.94, -26.50);
insert into SHOT values (367, 348, 372, 39, 4.230, 241.30, 7.10, 4.225, 241.36, 7.07, 0.007, 18.03, -25.04);
insert into SHOT values (368, 348, 373, 39, 3.250, 249.10, 4.60, 3.242, 249.15, 4.60, 0.009, 48.42, -4.33);
insert into SHOT values (369, 348, 374, 39, 3.260, 252.00, 3.40, 3.253, 252.07, 3.35, 0.008, 41.57, -23.95);
insert into SHOT values (370, 348, 375, 39, 4.390, 257.30, -0.30, 4.386, 257.36, -0.39, 0.009, 26.40, -50.87);
insert into SHOT values (371, 348, 376, 39, 4.700, 264.10, 3.50, 4.693, 264.12, 3.42, 0.010, 70.79, -45.71);
insert into SHOT values (372, 348, 377, 39, 9.250, 217.00, 4.60, 9.284, 217.01, 4.57, 0.034, 218.67, -3.11);
insert into SHOT values (373, 377, 378, 39, 4.990, 278.30, -1.90, 4.985, 278.31, -1.95, 0.007, 89.33, -42.23);
insert into SHOT values (374, 377, 379, 39, 4.260, 282.80, -1.50, 4.257, 282.76, -1.48, 0.005, 142.01, 18.96);
insert into SHOT values (375, 377, 380, 39, 3.470, 295.00, -1.80, 3.465, 294.94, -1.82, 0.007, 149.93, -8.58);
insert into SHOT values (376, 377, 381, 39, 3.270, 302.10, -1.50, 3.259, 302.08, -1.58, 0.012, 127.76, -20.84);
insert into SHOT values (377, 377, 382, 39, 3.020, 310.50, -1.90, 3.016, 310.56, -1.90, 0.005, 92.83, 1.43);
insert into SHOT values (378, 377, 383, 39, 3.150, 319.40, -0.40, 3.149, 319.38, -0.36, 0.003, 183.86, 50.35);
insert into SHOT values (379, 377, 384, 39, 3.040, 330.60, 1.30, 3.032, 330.56, 1.32, 0.008, 165.89, 7.29);
insert into SHOT values (380, 377, 385, 39, 2.950, 336.80, 2.30, 2.950, 336.83, 2.33, 0.002, 58.35, 49.00);
insert into SHOT values (381, 377, 386, 39, 3.090, 346.70, 2.60, 3.086, 346.68, 2.60, 0.004, 178.27, -2.44);
insert into SHOT values (382, 377, 387, 39, 3.090, 349.50, 2.80, 3.085, 349.53, 2.79, 0.005, 152.26, -10.25);
insert into SHOT values (383, 377, 388, 39, 3.220, 3.50, 2.60, 3.220, 3.57, 2.67, 0.005, 100.70, 46.81);
insert into SHOT values (384, 377, 389, 39, 3.210, 0.60, 4.40, 3.210, 0.72, 4.47, 0.007, 93.21, 29.88);
insert into SHOT values (385, 377, 390, 39, 3.240, 3.90, 4.70, 3.238, 3.91, 4.61, 0.006, 167.14, -73.06);
insert into SHOT values (386, 377, 391, 39, 3.630, 7.50, 5.30, 3.627, 7.64, 5.22, 0.010, 113.42, -30.65);
insert into SHOT values (387, 377, 392, 39, 3.860, 12.20, 6.00, 3.859, 12.33, 5.95, 0.010, 103.84, -21.10);
insert into SHOT values (388, 377, 393, 39, 4.300, 14.80, 6.30, 4.300, 14.91, 6.28, 0.009, 105.21, -12.31);
insert into SHOT values (389, 377, 394, 39, 4.890, 17.50, 7.00, 4.892, 17.50, 7.05, 0.004, 25.11, 73.53);
insert into SHOT values (390, 377, 395, 39, 5.080, 19.80, 7.60, 5.074, 19.88, 7.59, 0.009, 150.62, -11.92);
insert into SHOT values (391, 377, 396, 39, 7.380, 45.70, -3.70, 7.384, 45.77, -3.73, 0.011, 111.17, -20.83);
insert into SHOT values (392, 377, 397, 39, 42.650, 47.50, -3.70, 42.648, 47.50, -3.70, 0.005, 170.24, 30.43);
insert into SHOT values (393, 377, 398, 39, 7.590, 50.00, -3.80, 7.598, 50.03, -3.77, 0.009, 76.97, 19.08);
insert into SHOT values (394, 377, 399, 39, 5.040, 277.10, -2.10, 5.032, 277.08, -2.16, 0.010, 107.58, -32.37);
insert into SHOT values (395, 399, 400, 39, 9.020, 77.10, 1.00, 9.018, 77.12, 1.02, 0.004, 196.45, 35.96);
insert into SHOT values (396, 399, 401, 39, 8.000, 80.30, 1.10, 7.996, 80.28, 1.15, 0.008, 299.20, 53.32);
insert into SHOT values (397, 399, 402, 39, 7.310, 86.00, 2.40, 7.304, 85.99, 2.43, 0.007, 275.20, 33.75);
insert into SHOT values (398, 399, 403, 39, 6.780, 88.20, 2.70, 6.781, 88.22, 2.70, 0.003, 162.34, 12.18);
insert into SHOT values (399, 399, 404, 39, 5.330, 91.80, 2.20, 5.327, 91.83, 2.26, 0.007, 231.86, 50.93);
insert into SHOT values (400, 399, 405, 39, 4.760, 97.90, 2.30, 4.759, 97.86, 2.41, 0.010, 344.53, 66.78);
insert into SHOT values (401, 399, 406, 39, 4.760, 100.30, 2.60, 4.752, 100.32, 2.65, 0.009, 271.50, 25.67);
insert into SHOT values (402, 399, 407, 39, 4.690, 103.90, 2.90, 4.685, 103.98, 2.94, 0.009, 235.05, 18.07);
insert into SHOT values (403, 399, 408, 39, 4.730, 110.30, 3.10, 4.731, 110.31, 3.15, 0.004, 168.78, 71.31);
insert into SHOT values (404, 399, 409, 39, 4.000, 114.60, 4.80, 3.997, 114.63, 4.88, 0.007, 260.29, 51.21);
insert into SHOT values (405, 399, 410, 39, 3.960, 118.50, 5.00, 3.953, 118.52, 5.08, 0.009, 288.94, 33.79);
insert into SHOT values (406, 399, 411, 39, 3.640, 126.30, 5.30, 3.642, 126.36, 5.36, 0.006, 193.60, 40.54);
insert into SHOT values (407, 399, 412, 39, 3.060, 133.40, 6.60, 3.056, 133.53, 6.77, 0.012, 260.44, 43.61);
insert into SHOT values (408, 399, 413, 39, 3.310, 138.70, 6.90, 3.312, 138.70, 6.94, 0.003, 137.46, 52.52);
insert into SHOT values (409, 399, 414, 39, 3.480, 144.10, 8.10, 3.481, 144.09, 8.26, 0.010, 345.13, 84.97);
insert into SHOT values (410, 399, 415, 39, 3.420, 149.50, 8.40, 3.421, 149.65, 8.41, 0.009, 235.94, 2.62);
insert into SHOT values (411, 399, 416, 39, 3.360, 155.00, 7.90, 3.362, 155.13, 8.04, 0.011, 240.39, 47.50);
insert into SHOT values (412, 399, 417, 39, 3.360, 160.80, 7.00, 3.358, 160.91, 7.01, 0.007, 265.37, 4.38);
insert into SHOT values (413, 399, 418, 39, 3.480, 171.70, 5.60, 3.483, 171.71, 5.60, 0.003, 179.25, 8.12);
insert into SHOT values (414, 399, 419, 39, 2.850, 183.60, 4.50, 2.855, 183.63, 4.62, 0.008, 200.00, 53.82);
insert into SHOT values (415, 399, 420, 39, 3.370, 190.60, 4.50, 3.369, 190.64, 4.60, 0.006, 318.83, 61.55);
insert into SHOT values (416, 399, 421, 39, 3.770, 198.70, 4.20, 3.770, 198.77, 4.26, 0.006, 287.07, 39.36);
insert into SHOT values (417, 399, 422, 39, 4.750, 208.00, 6.00, 4.751, 208.03, 6.04, 0.004, 294.74, 54.92);
insert into SHOT values (418, 399, 423, 39, 3.980, 216.50, 4.80, 3.983, 216.49, 4.90, 0.007, 205.90, 73.37);
insert into SHOT values (419, 399, 424, 39, 4.530, 224.00, 4.70, 4.535, 224.01, 4.81, 0.010, 238.14, 63.23);
insert into SHOT values (420, 399, 425, 39, 4.900, 229.60, 4.80, 4.898, 229.65, 4.80, 0.005, 341.57, -0.25);
insert into SHOT values (421, 399, 426, 39, 5.500, 235.90, 1.60, 5.505, 235.96, 1.67, 0.010, 287.26, 39.52);
insert into SHOT values (422, 399, 427, 39, 6.970, 243.10, 2.20, 6.968, 243.10, 2.22, 0.003, 47.43, 55.20);
insert into SHOT values (423, 399, 428, 39, 8.600, 247.40, 1.70, 8.602, 247.43, 1.73, 0.007, 311.88, 43.01);
insert into SHOT values (424, 399, 429, 39, 8.890, 245.80, -1.10, 8.891, 245.83, -1.10, 0.005, 322.23, 8.44);
insert into SHOT values (425, 429, 430, 39, 11.400, 49.80, 0.80, 11.398, 49.84, 0.80, 0.008, 154.52, 5.71);
insert into SHOT values (426, 429, 431, 39, 12.300, 50.70, 1.00, 12.303, 50.71, 1.02, 0.006, 79.40, 58.49);
insert into SHOT values (427, 429, 432, 39, 8.620, 52.80, 0.90, 8.615, 52.78, 0.93, 0.007, 259.18, 40.78);
insert into SHOT values (428, 429, 433, 39, 8.510, 51.20, 1.00, 8.508, 51.20, 1.01, 0.002, 216.08, 37.02);
insert into SHOT values (429, 429, 434, 39, 11.590, 49.40, 0.40, 11.589, 49.41, 0.44, 0.009, 173.52, 75.77);
insert into SHOT values (430, 429, 435, 39, 11.250, 50.10, 0.40, 11.246, 50.12, 0.41, 0.006, 183.71, 13.37);
insert into SHOT values (431, 429, 436, 39, 8.650, 53.20, 0.60, 8.652, 53.22, 0.60, 0.004, 107.40, -7.79);
insert into SHOT values (432, 429, 437, 39, 8.560, 57.60, 0.60, 8.559, 57.65, 0.60, 0.007, 155.35, 2.93);
insert into SHOT values (433, 429, 438, 39, 8.470, 60.80, 0.70, 8.466, 60.80, 0.74, 0.007, 238.98, 61.00);
insert into SHOT values (434, 429, 439, 39, 8.450, 63.20, 1.20, 8.450, 63.19, 1.22, 0.003, 322.90, 69.19);
insert into SHOT values (435, 429, 440, 39, 8.680, 65.30, 2.00, 8.677, 65.33, 2.05, 0.009, 192.12, 54.81);
insert into SHOT values (436, 429, 441, 39, 12.270, 48.70, 0.50, 12.267, 48.73, 0.51, 0.009, 163.52, 19.52);
insert into SHOT values (437, 377, 442, 39, 11.510, 50.80, -1.00, 11.478, 51.01, -1.00, 0.054, 178.13, 0.94);
insert into SHOT values (438, 442, 443, 39, 3.950, 237.20, -4.20, 3.947, 237.24, -4.21, 0.004, 18.28, -9.55);
insert into SHOT values (439, 442, 444, 39, 3.520, 234.70, -4.10, 3.524, 234.73, -4.07, 0.005, 255.85, 19.61);
insert into SHOT values (440, 442, 445, 39, 2.970, 230.60, -4.10, 2.970, 230.62, -4.05, 0.003, 290.83, 68.72);
insert into SHOT values (441, 442, 446, 39, 2.930, 226.80, -3.60, 2.935, 226.94, -3.52, 0.009, 281.96, 25.01);
insert into SHOT values (442, 442, 447, 39, 3.420, 225.10, -3.90, 3.423, 225.12, -3.85, 0.004, 243.95, 37.24);
insert into SHOT values (443, 442, 448, 39, 6.950, 225.50, -0.90, 6.952, 225.52, -0.91, 0.004, 281.53, -13.07);
insert into SHOT values (444, 442, 449, 39, 6.940, 223.70, -0.90, 6.946, 223.72, -0.91, 0.007, 241.19, -8.42);
insert into SHOT values (445, 442, 450, 39, 6.870, 221.90, 0.00, 6.869, 221.93, 0.00, 0.004, 329.80, 0.00);
insert into SHOT values (446, 442, 451, 39, 7.500, 220.30, 0.20, 7.499, 220.29, 0.23, 0.004, 91.43, 76.83);
insert into SHOT values (447, 442, 452, 39, 6.540, 216.20, 0.00, 6.546, 216.24, 0.00, 0.008, 251.57, 0.00);
insert into SHOT values (448, 442, 453, 39, 6.650, 214.60, 0.90, 6.650, 214.65, 0.95, 0.008, 306.47, 46.02);
insert into SHOT values (449, 442, 454, 39, 6.320, 212.70, 1.10, 6.326, 212.74, 1.09, 0.007, 247.36, -10.99);
insert into SHOT values (450, 442, 455, 39, 6.570, 210.90, 1.80, 6.570, 210.98, 1.83, 0.010, 301.43, 21.92);
insert into SHOT values (451, 442, 456, 39, 6.670, 208.60, 2.90, 6.672, 208.60, 2.92, 0.003, 221.90, 54.46);
insert into SHOT values (452, 442, 457, 39, 6.430, 206.30, 3.00, 6.436, 206.33, 3.03, 0.007, 234.83, 29.85);
insert into SHOT values (453, 442, 458, 39, 6.180, 204.40, 3.50, 6.183, 204.41, 3.52, 0.004, 215.70, 41.78);
insert into SHOT values (454, 442, 459, 39, 4.460, 200.40, 5.00, 4.456, 200.44, 5.02, 0.005, 343.62, 15.76);
insert into SHOT values (455, 442, 460, 39, 4.160, 197.30, 5.90, 4.159, 197.30, 5.93, 0.003, 34.51, 68.70);
insert into SHOT values (456, 442, 461, 39, 4.520, 193.80, 6.70, 4.521, 193.79, 6.73, 0.003, 119.15, 70.74);
insert into SHOT values (457, 442, 462, 39, 4.620, 188.40, 6.40, 4.619, 188.39, 6.46, 0.005, 19.64, 67.51);
insert into SHOT values (458, 442, 463, 39, 4.800, 184.30, 7.20, 4.803, 184.33, 7.30, 0.009, 246.90, 69.17);
insert into SHOT values (459, 442, 464, 39, 4.910, 173.50, 8.90, 4.910, 173.49, 8.90, 0.001, 109.09, 22.13);
insert into SHOT values (460, 442, 465, 39, 4.240, 168.30, 8.80, 4.237, 168.29, 8.82, 0.003, 5.72, 23.75);
insert into SHOT values (461, 442, 466, 39, 4.230, 161.30, 11.90, 4.229, 161.39, 12.01, 0.010, 274.80, 47.64);
insert into SHOT values (462, 442, 467, 39, 3.840, 151.00, 12.40, 3.837, 151.11, 12.49, 0.010, 271.34, 33.31);
insert into SHOT values (463, 442, 468, 39, 3.570, 145.30, 13.70, 3.567, 145.35, 13.78, 0.007, 288.97, 43.28);
insert into SHOT values (464, 442, 469, 39, 3.250, 135.90, 14.60, 3.252, 135.90, 14.60, 0.002, 137.84, 21.56);
insert into SHOT values (465, 442, 470, 39, 2.910, 124.90, 16.70, 2.904, 124.89, 16.81, 0.009, 308.29, 26.39);
insert into SHOT values (466, 442, 471, 39, 3.240, 125.30, 15.20, 3.241, 125.37, 15.21, 0.004, 208.78, 7.81);
insert into SHOT values (467, 442, 472, 39, 4.350, 201.70, -6.20, 4.387, 201.80, -6.15, 0.038, 213.36, -0.30);
insert into SHOT values (468, 472, 473, 39, 3.590, 232.30, 24.30, 3.591, 232.32, 24.34, 0.003, 307.00, 61.27);
insert into SHOT values (469, 472, 474, 39, 3.270, 238.30, 21.40, 3.272, 238.29, 21.51, 0.007, 117.16, 86.82);
insert into SHOT values (470, 472, 475, 39, 2.920, 248.50, 17.70, 2.922, 248.50, 17.73, 0.003, 255.08, 50.19);
insert into SHOT values (471, 472, 476, 39, 3.200, 256.10, 12.50, 3.199, 256.10, 12.64, 0.008, 79.20, 69.87);
insert into SHOT values (472, 472, 477, 39, 3.310, 258.10, 10.60, 3.307, 258.10, 10.63, 0.004, 76.11, 16.84);
insert into SHOT values (473, 472, 478, 39, 2.150, 315.20, 4.30, 2.149, 315.19, 4.27, 0.002, 151.41, -39.50);
insert into SHOT values (474, 472, 479, 39, 1.930, 319.10, 4.20, 1.934, 319.21, 4.45, 0.010, 2.86, 59.35);
insert into SHOT values (475, 472, 480, 39, 1.750, 324.30, 6.20, 1.751, 324.12, 6.23, 0.006, 239.32, 10.22);
insert into SHOT values (476, 472, 481, 39, 1.720, 331.70, 9.00, 1.726, 331.63, 9.00, 0.006, 312.51, 8.49);
insert into SHOT values (477, 472, 482, 39, 1.780, 337.70, 9.70, 1.779, 337.53, 9.71, 0.005, 231.76, 0.95);
insert into SHOT values (478, 472, 483, 39, 1.980, 345.90, 9.70, 1.979, 345.75, 9.89, 0.008, 237.49, 49.90);
insert into SHOT values (479, 472, 484, 39, 3.040, 357.00, 11.30, 3.044, 356.93, 11.37, 0.007, 307.14, 40.87);
insert into SHOT values (480, 472, 485, 39, 3.770, 6.20, 8.60, 3.775, 6.15, 8.68, 0.008, 328.39, 51.79);
insert into SHOT values (481, 472, 486, 39, 4.280, 15.10, 7.60, 4.283, 15.02, 7.65, 0.008, 308.28, 30.93);
insert into SHOT values (482, 472, 487, 39, 4.380, 19.30, 6.50, 4.384, 19.31, 6.55, 0.005, 31.24, 52.61);
insert into SHOT values (483, 472, 488, 39, 4.590, 24.80, 5.20, 4.592, 24.83, 5.25, 0.005, 80.33, 56.19);
insert into SHOT values (484, 472, 489, 39, 9.190, 35.40, 5.00, 9.186, 35.39, 5.00, 0.004, 232.95, -12.95);
insert into SHOT values (485, 472, 490, 39, 7.780, 37.90, 5.40, 7.781, 37.92, 5.46, 0.008, 131.44, 70.58);
insert into SHOT values (486, 472, 491, 39, 7.550, 39.50, 6.00, 7.543, 39.48, 6.01, 0.007, 237.66, 6.42);
insert into SHOT values (487, 472, 492, 39, 6.820, 43.20, 6.50, 6.822, 43.21, 6.57, 0.008, 74.35, 79.65);
insert into SHOT values (488, 472, 493, 39, 5.910, 45.70, 7.00, 5.913, 45.69, 6.99, 0.004, 29.66, -3.93);
insert into SHOT values (489, 472, 494, 39, 4.480, 49.70, 8.20, 4.480, 49.66, 8.21, 0.003, 317.76, 20.67);
insert into SHOT values (490, 472, 495, 39, 9.270, 33.90, 5.60, 9.235, 33.86, 5.72, 0.041, 222.98, 22.29);
insert into SHOT values (491, 495, 496, 39, 5.080, 40.80, 4.40, 5.077, 40.83, 4.41, 0.004, 174.48, 3.62);
insert into SHOT values (492, 495, 497, 39, 4.280, 34.80, 4.30, 4.279, 34.88, 4.29, 0.006, 137.61, -8.26);
insert into SHOT values (493, 495, 498, 39, 3.160, 23.00, 5.40, 3.154, 23.05, 5.28, 0.009, 172.55, -51.20);
insert into SHOT values (494, 495, 499, 39, 3.060, 10.90, 5.20, 3.058, 10.98, 5.07, 0.009, 122.92, -58.66);
insert into SHOT values (495, 495, 500, 39, 3.290, 359.20, 5.70, 3.286, 359.30, 5.59, 0.009, 120.88, -45.47);
insert into SHOT values (496, 495, 501, 39, 2.990, 2.10, 6.40, 2.990, 2.12, 6.34, 0.004, 60.62, -68.71);
insert into SHOT values (497, 495, 502, 39, 3.510, 355.70, 6.50, 3.502, 355.71, 6.39, 0.011, 168.98, -43.41);
insert into SHOT values (498, 495, 503, 39, 4.330, 348.80, 5.80, 4.322, 348.87, 5.71, 0.012, 130.72, -40.47);
insert into SHOT values (499, 495, 504, 39, 4.860, 344.60, 4.70, 4.859, 344.67, 4.72, 0.007, 87.70, 15.84);
insert into SHOT values (500, 495, 505, 39, 5.600, 340.80, 2.00, 5.595, 340.79, 1.95, 0.008, 174.26, -45.66);
insert into SHOT values (501, 495, 506, 39, 5.820, 338.40, 1.60, 5.820, 338.42, 1.58, 0.003, 63.83, -53.72);
insert into SHOT values (502, 495, 507, 39, 9.590, 315.90, -0.80, 9.583, 315.89, -0.84, 0.009, 152.89, -41.41);
insert into SHOT values (503, 495, 508, 39, 7.820, 312.50, -1.40, 7.816, 312.51, -1.39, 0.004, 112.10, 14.53);
insert into SHOT values (504, 495, 509, 39, 5.800, 306.20, -1.90, 5.800, 306.16, -1.98, 0.009, 211.26, -61.13);
insert into SHOT values (505, 495, 510, 39, 5.490, 300.10, -1.80, 5.492, 300.07, -1.88, 0.008, 233.99, -66.46);
insert into SHOT values (506, 495, 511, 39, 4.560, 293.70, -0.80, 4.554, 293.69, -0.88, 0.009, 118.33, -48.03);
insert into SHOT values (507, 495, 512, 39, 4.140, 283.50, 1.10, 4.134, 283.43, 1.11, 0.008, 142.23, 3.76);
insert into SHOT values (508, 495, 513, 39, 4.130, 276.70, 1.60, 4.129, 276.68, 1.53, 0.006, 173.29, -72.52);
insert into SHOT values (509, 495, 514, 39, 4.490, 267.70, 1.40, 4.485, 267.70, 1.41, 0.005, 88.43, 3.40);
insert into SHOT values (510, 495, 515, 39, 4.590, 218.60, 7.90, 4.591, 218.48, 7.89, 0.009, 136.87, -5.29);
insert into SHOT values (511, 495, 516, 39, 4.070, 223.30, 7.90, 4.071, 223.19, 7.91, 0.008, 141.75, 4.44);
insert into SHOT values (512, 495, 517, 39, 3.690, 230.10, 9.00, 3.686, 230.01, 8.90, 0.010, 110.11, -48.64);
insert into SHOT values (513, 495, 518, 39, 3.550, 237.10, 9.70, 3.552, 237.13, 9.73, 0.003, 289.68, 41.79);
insert into SHOT values (514, 495, 519, 39, 3.870, 242.80, 10.00, 3.869, 242.83, 9.97, 0.003, 353.17, -43.74);
insert into SHOT values (515, 495, 520, 39, 3.340, 247.70, 9.30, 3.340, 247.71, 9.30, 0.001, 330.02, 16.21);
insert into SHOT values (516, 495, 521, 39, 3.400, 253.90, 7.10, 3.400, 253.82, 7.10, 0.005, 159.85, -3.02);
insert into SHOT values (517, 495, 522, 39, 3.480, 257.90, 7.00, 3.483, 257.81, 6.93, 0.008, 204.17, -32.12);
insert into SHOT values (518, 495, 523, 39, 3.510, 262.50, 6.80, 3.505, 262.41, 6.72, 0.009, 132.75, -36.82);
insert into SHOT values (519, 495, 524, 39, 3.750, 267.80, 6.00, 3.743, 267.69, 5.98, 0.010, 135.53, -11.69);
insert into SHOT values (520, 495, 525, 39, 4.100, 273.10, 5.30, 4.094, 273.09, 5.33, 0.007, 96.80, 11.07);
insert into SHOT values (521, 495, 526, 39, 3.820, 278.30, 5.10, 3.815, 278.32, 5.11, 0.005, 81.59, 4.77);
insert into SHOT values (522, 495, 527, 39, 2.940, 3.00, 4.40, 2.902, 2.97, 4.35, 0.038, 185.23, -8.43);
insert into SHOT values (523, 527, 528, 39, 5.780, 292.60, -8.00, 5.785, 292.58, -7.95, 0.007, 273.86, 37.36);
insert into SHOT values (524, 528, 529, 39, 10.790, 158.30, 5.20, 10.785, 158.31, 5.21, 0.006, 322.35, 21.93);
insert into SHOT values (525, 528, 530, 39, 9.740, 152.40, 5.30, 9.734, 152.40, 5.30, 0.006, 325.77, 3.11);
insert into SHOT values (526, 528, 531, 39, 8.710, 142.50, 6.50, 8.706, 142.47, 6.46, 0.008, 17.30, -45.20);
insert into SHOT values (527, 528, 532, 39, 8.470, 132.20, 7.10, 8.468, 132.15, 7.05, 0.010, 30.90, -45.38);
insert into SHOT values (528, 528, 533, 39, 8.880, 123.80, 6.90, 8.880, 123.76, 6.86, 0.009, 46.19, -48.82);
insert into SHOT values (529, 528, 534, 39, 10.450, 115.50, 7.20, 10.451, 115.48, 7.20, 0.004, 35.01, 3.73);
insert into SHOT values (530, 528, 535, 39, 5.660, 111.50, 6.80, 5.661, 111.50, 6.80, 0.001, 102.50, -10.45);
insert into SHOT values (531, 528, 536, 39, 5.180, 110.80, 8.70, 5.183, 110.80, 8.66, 0.005, 117.26, -43.39);
insert into SHOT values (532, 528, 537, 39, 4.660, 102.60, 11.60, 4.662, 102.52, 11.51, 0.010, 41.48, -42.29);
insert into SHOT values (533, 528, 538, 39, 4.260, 98.30, 13.10, 4.263, 98.31, 13.01, 0.007, 103.61, -51.22);
insert into SHOT values (534, 528, 539, 39, 3.800, 94.30, 14.00, 3.803, 94.20, 14.00, 0.007, 26.76, 5.50);
insert into SHOT values (535, 528, 540, 39, 3.540, 90.60, 15.00, 3.539, 90.50, 14.90, 0.009, 7.94, -46.69);
insert into SHOT values (536, 528, 541, 39, 2.960, 84.30, 17.10, 2.964, 84.33, 17.07, 0.005, 101.56, -4.16);
insert into SHOT values (537, 528, 542, 39, 3.080, 76.80, 13.50, 3.086, 76.70, 13.49, 0.007, 34.68, 7.57);
insert into SHOT values (538, 528, 543, 39, 3.410, 70.80, 12.50, 3.408, 70.69, 12.54, 0.007, 322.23, 16.60);
insert into SHOT values (539, 528, 544, 39, 4.710, 64.00, 8.20, 4.712, 63.93, 8.17, 0.007, 359.65, -15.60);
insert into SHOT values (540, 528, 545, 39, 5.950, 63.70, 4.30, 5.951, 63.69, 4.24, 0.006, 38.74, -76.49);
insert into SHOT values (541, 528, 546, 39, 5.950, 61.30, 6.10, 5.950, 61.31, 6.08, 0.003, 155.25, -60.83);
insert into SHOT values (542, 528, 547, 39, 6.050, 57.80, 5.40, 6.053, 57.81, 5.40, 0.003, 82.88, 11.13);
insert into SHOT values (543, 528, 548, 39, 6.230, 55.80, 5.40, 6.232, 55.77, 5.34, 0.007, 2.37, -59.12);
insert into SHOT values (544, 528, 549, 39, 6.560, 53.20, 5.20, 6.563, 53.15, 5.16, 0.008, 349.84, -34.25);
insert into SHOT values (545, 528, 550, 39, 7.640, 50.30, 4.80, 7.646, 50.27, 4.80, 0.007, 19.13, 5.46);
insert into SHOT values (546, 528, 551, 39, 7.590, 46.90, 4.50, 7.593, 46.93, 4.46, 0.008, 90.68, -46.89);
insert into SHOT values (547, 528, 552, 39, 0.120, 44.20, 3.90, 0.121, 41.63, 4.75, 0.006, 320.27, 18.73);
insert into SHOT values (548, 528, 553, 39, 7.900, 39.50, 4.90, 7.907, 39.49, 4.86, 0.009, 27.45, -33.43);
insert into SHOT values (549, 528, 554, 39, 7.750, 37.60, 5.60, 7.751, 37.63, 5.55, 0.007, 103.41, -57.11);
insert into SHOT values (550, 528, 555, 39, 7.960, 34.10, 6.00, 7.965, 34.09, 5.98, 0.005, 20.35, -22.01);
insert into SHOT values (551, 528, 556, 39, 0.310, 30.30, 4.00, 0.314, 30.65, 3.65, 0.005, 52.98, -18.06);
insert into SHOT values (552, 528, 557, 39, 0.310, 29.10, 5.90, 0.310, 29.05, 5.55, 0.002, 3.51, -73.11);
insert into SHOT values (553, 528, 558, 39, 0.340, 32.90, 5.20, 0.343, 31.83, 5.02, 0.007, 325.51, -6.72);
insert into SHOT values (554, 528, 559, 39, 0.340, 31.70, 6.30, 0.343, 31.83, 5.02, 0.008, 44.38, -64.68);
insert into SHOT values (555, 528, 560, 39, 8.460, 30.80, 6.70, 8.460, 30.78, 6.65, 0.008, 320.88, -62.62);
insert into SHOT values (556, 528, 561, 39, 0.320, 28.10, 6.80, 0.320, 28.18, 7.18, 0.002, 131.23, 78.03);
insert into SHOT values (557, 528, 562, 39, 8.340, 29.10, 7.40, 8.341, 29.07, 7.37, 0.006, 326.71, -45.33);
insert into SHOT values (558, 528, 563, 39, 8.010, 25.00, 7.50, 8.013, 25.02, 7.46, 0.007, 55.73, -50.27);
insert into SHOT values (559, 528, 564, 39, 7.180, 22.10, 6.90, 7.184, 22.07, 6.88, 0.006, 343.17, -23.42);
insert into SHOT values (560, 528, 565, 39, 6.920, 17.20, 6.10, 6.928, 17.23, 6.05, 0.010, 37.45, -31.59);
insert into SHOT values (561, 528, 566, 39, 6.010, 11.90, 6.40, 6.015, 11.87, 6.39, 0.006, 344.94, 0.68);
insert into SHOT values (562, 528, 567, 39, 5.450, 6.80, 6.20, 5.450, 6.78, 6.21, 0.002, 269.66, 42.58);
insert into SHOT values (563, 528, 568, 39, 5.950, 14.00, 9.30, 5.952, 13.99, 9.28, 0.003, 348.90, -29.97);
insert into SHOT values (564, 528, 569, 39, 5.470, 7.60, 10.10, 5.472, 7.57, 10.10, 0.003, 312.91, 13.72);
insert into SHOT values (565, 528, 570, 39, 5.540, 2.70, 10.40, 5.547, 2.73, 10.39, 0.008, 25.16, -0.56);
insert into SHOT values (566, 528, 571, 39, 5.640, 358.80, 5.50, 5.647, 358.78, 5.49, 0.008, 341.35, -4.29);
insert into SHOT values (567, 528, 572, 39, 6.940, 357.30, 4.00, 6.944, 357.27, 3.96, 0.007, 319.82, -34.37);
insert into SHOT values (568, 528, 573, 39, 3.740, 92.20, 5.80, 3.742, 92.16, 5.83, 0.004, 33.67, 31.03);
insert into SHOT values (569, 573, 574, 39, 8.370, 191.50, 0.30, 8.368, 191.51, 0.27, 0.004, 324.74, -59.26);
insert into SHOT values (570, 573, 575, 39, 7.410, 195.70, -0.30, 7.408, 195.74, -0.31, 0.006, 305.25, -11.37);
insert into SHOT values (571, 573, 576, 39, 8.440, 191.20, 1.00, 8.442, 191.20, 0.95, 0.008, 204.51, -73.24);
insert into SHOT values (572, 573, 577, 39, 6.550, 196.00, 1.70, 6.548, 196.05, 1.66, 0.008, 303.04, -33.96);
insert into SHOT values (573, 573, 578, 39, 6.200, 200.90, 1.40, 6.199, 200.89, 1.39, 0.002, 73.11, -51.77);
insert into SHOT values (574, 573, 579, 39, 6.220, 205.10, 1.80, 6.221, 205.12, 1.75, 0.006, 267.09, -62.61);
insert into SHOT values (575, 573, 580, 39, 5.680, 212.60, 2.90, 5.682, 212.63, 2.82, 0.008, 254.90, -62.51);
insert into SHOT values (576, 573, 581, 39, 4.850, 217.60, 4.20, 4.847, 217.60, 4.14, 0.006, 28.81, -63.39);
insert into SHOT values (577, 573, 582, 39, 4.970, 225.00, 5.10, 4.969, 225.00, 5.08, 0.002, 45.00, -72.28);
insert into SHOT values (578, 573, 583, 39, 4.980, 229.90, 3.60, 4.978, 229.90, 3.57, 0.004, 51.88, -49.82);
insert into SHOT values (579, 573, 584, 39, 5.400, 237.20, 3.70, 5.400, 237.19, 3.61, 0.009, 204.70, -83.53);
insert into SHOT values (580, 573, 585, 39, 5.900, 240.20, 4.70, 5.896, 240.21, 4.67, 0.005, 48.67, -44.79);
insert into SHOT values (581, 573, 586, 39, 5.470, 244.40, 5.00, 5.473, 244.47, 4.93, 0.010, 308.15, -42.69);
insert into SHOT values (582, 573, 587, 39, 5.070, 250.60, 5.60, 5.071, 250.56, 5.54, 0.006, 189.76, -49.60);
insert into SHOT values (583, 573, 588, 39, 5.410, 256.80, 5.00, 5.413, 256.81, 4.98, 0.003, 282.80, -26.33);
insert into SHOT values (584, 573, 589, 39, 5.620, 262.90, 4.70, 5.622, 262.93, 4.69, 0.003, 321.28, -9.50);
insert into SHOT values (585, 573, 590, 39, 5.570, 268.60, 4.40, 5.568, 268.56, 4.33, 0.009, 155.94, -57.18);
insert into SHOT values (586, 573, 591, 39, 5.430, 274.40, 4.50, 5.433, 274.45, 4.43, 0.008, 330.19, -48.08);
insert into SHOT values (587, 573, 592, 39, 5.950, 279.10, 4.70, 5.954, 279.11, 4.62, 0.009, 294.58, -55.87);
insert into SHOT values (588, 573, 593, 39, 5.900, 284.00, 4.20, 5.900, 283.97, 4.18, 0.004, 190.17, -30.59);
insert into SHOT values (589, 573, 594, 39, 6.500, 287.80, 4.10, 6.496, 287.79, 4.06, 0.006, 122.79, -52.96);
insert into SHOT values (590, 573, 595, 39, 6.620, 294.00, 3.90, 6.618, 294.04, 3.90, 0.005, 45.22, -2.90);
insert into SHOT values (591, 573, 596, 39, 6.950, 299.20, 3.80, 6.945, 299.19, 3.80, 0.005, 132.41, -7.32);
insert into SHOT values (592, 573, 597, 39, 7.800, 301.10, 3.60, 7.803, 301.08, 3.60, 0.004, 256.77, 3.03);
insert into SHOT values (593, 573, 598, 39, 7.030, 300.10, 3.10, 7.027, 300.11, 3.10, 0.003, 98.43, -3.16);
insert into SHOT values (594, 573, 599, 39, 7.290, 304.10, 2.00, 7.285, 304.08, 1.97, 0.007, 147.75, -39.27);
insert into SHOT values (595, 573, 600, 39, 7.070, 306.90, 1.90, 7.068, 306.89, 1.86, 0.005, 165.90, -58.33);
insert into SHOT values (596, 573, 601, 39, 7.080, 311.90, 0.90, 7.082, 311.91, 0.89, 0.003, 338.35, -25.74);
insert into SHOT values (597, 573, 602, 39, 7.400, 315.60, -0.80, 7.405, 315.60, -0.85, 0.008, 318.76, -55.77);
insert into SHOT values (598, 573, 603, 39, 7.390, 317.90, -2.40, 7.391, 317.91, -2.40, 0.002, 3.80, -18.49);
insert into SHOT values (599, 573, 604, 39, 7.290, 329.40, -1.80, 7.289, 329.39, -1.81, 0.002, 208.22, -27.58);
insert into SHOT values (600, 573, 605, 39, 0.810, 332.00, -1.80, 0.806, 331.84, -2.13, 0.007, 179.00, -43.30);
insert into SHOT values (601, 528, 606, 39, 4.800, 30.00, 2.80, 4.800, 30.04, 2.75, 0.006, 124.36, -52.23);
insert into SHOT values (602, 606, 607, 39, 3.380, 73.90, 0.80, 3.384, 73.87, 0.85, 0.005, 46.17, 35.09);
insert into SHOT values (603, 606, 608, 39, 3.180, 75.30, 8.60, 3.180, 75.26, 8.68, 0.005, 327.99, 60.79);
insert into SHOT values (604, 606, 609, 39, 3.100, 77.20, 19.60, 3.103, 77.15, 19.58, 0.004, 36.24, 1.54);
insert into SHOT values (605, 606, 610, 39, 2.610, 80.20, 32.60, 2.607, 80.02, 32.74, 0.010, 310.54, 23.31);
insert into SHOT values (606, 606, 611, 39, 1.970, 96.40, 55.10, 1.973, 96.12, 55.19, 0.007, 358.95, 37.32);
insert into SHOT values (607, 606, 612, 39, 1.660, 136.30, 65.40, 1.661, 136.17, 65.34, 0.003, 99.04, 14.33);
insert into SHOT values (608, 606, 613, 39, 1.750, 173.90, 62.70, 1.750, 174.22, 63.02, 0.011, 326.82, 26.97);
insert into SHOT values (609, 606, 614, 39, 1.770, 208.40, 50.70, 1.769, 208.86, 50.76, 0.009, 312.24, 1.89);
insert into SHOT values (610, 606, 615, 39, 2.290, 223.70, 40.40, 2.296, 223.84, 40.46, 0.008, 278.81, 48.06);
insert into SHOT values (611, 606, 616, 39, 2.920, 226.40, 34.70, 2.916, 226.52, 34.69, 0.006, 344.77, -21.79);
insert into SHOT values (612, 606, 617, 39, 3.460, 227.50, 27.80, 3.461, 227.65, 27.91, 0.011, 335.98, 36.62);
insert into SHOT values (613, 606, 618, 39, 3.750, 230.80, 23.20, 3.745, 230.90, 23.28, 0.009, 7.05, 17.70);
insert into SHOT values (614, 606, 619, 39, 4.260, 230.20, 19.30, 4.259, 230.25, 19.33, 0.004, 343.89, 28.06);
insert into SHOT values (615, 606, 620, 39, 4.740, 230.40, 15.70, 4.737, 230.52, 15.68, 0.010, 335.09, -15.48);
insert into SHOT values (616, 606, 621, 39, 5.660, 230.50, 10.40, 5.662, 230.54, 10.38, 0.005, 283.64, -21.20);
insert into SHOT values (617, 606, 622, 39, 4.960, 230.70, 5.50, 4.956, 230.76, 5.56, 0.008, 4.64, 32.86);
insert into SHOT values (618, 606, 623, 39, 4.380, 231.10, -0.20, 4.381, 231.12, -0.13, 0.005, 289.33, 75.23);
insert into SHOT values (619, 606, 624, 39, 3.840, 230.90, -1.90, 3.841, 230.92, -1.94, 0.003, 285.97, -57.88);
insert into SURVEY values (41, 18, 'byaki_06', 'byaki_06.byaki', 'byaki 06');
 insert into CENTRELINE values (42, 41, NULL, NULL, NULL, 0.00, 0.00, 0.00);
 insert into CENTRELINE values (43, 41, NULL, '2025-01-06', NULL, 59.04, 0.00, 0.00);
 insert into TOPO values (1, 43);
 insert into TOPO values (2, 43);
 insert into SHOT values (620, 625, 626, 43, 5.600, 112.20, 8.80, 5.597, 112.21, 8.84, 0.005, 284.60, 39.56);
insert into SHOT values (621, 625, 627, 43, 5.150, 123.30, 6.10, 5.149, 123.29, 6.13, 0.003, 358.58, 61.97);
insert into SHOT values (622, 625, 628, 43, 4.240, 129.80, 7.60, 4.233, 129.88, 7.60, 0.009, 271.44, -4.92);
insert into SHOT values (623, 625, 629, 43, 3.960, 138.10, 8.20, 3.950, 138.11, 8.30, 0.012, 314.08, 26.19);
insert into SHOT values (624, 625, 630, 43, 4.080, 145.00, 10.40, 4.074, 144.96, 10.47, 0.008, 346.43, 25.07);
insert into SHOT values (625, 625, 631, 43, 3.630, 153.70, 8.60, 3.623, 153.65, 8.57, 0.008, 358.02, -20.16);
insert into SHOT values (626, 625, 632, 43, 3.780, 167.20, 4.40, 3.774, 167.26, 4.41, 0.007, 316.21, 0.02);
insert into SHOT values (627, 625, 633, 43, 5.320, 177.40, 2.40, 5.320, 177.41, 2.37, 0.003, 262.96, -67.91);
insert into SHOT values (628, 625, 634, 43, 5.960, 183.80, 0.90, 5.954, 183.85, 0.96, 0.010, 320.63, 38.69);
insert into SHOT values (629, 625, 635, 43, 3.730, 97.00, -2.20, 3.713, 97.28, -2.16, 0.025, 231.00, 7.25);
insert into SHOT values (630, 635, 636, 43, 2.940, 269.50, 15.60, 2.948, 269.60, 15.54, 0.010, 299.26, -3.71);
insert into SHOT values (631, 635, 637, 43, 2.860, 274.60, 15.00, 2.866, 274.56, 14.96, 0.007, 256.26, -1.95);
insert into SHOT values (632, 635, 638, 43, 2.630, 281.90, 15.40, 2.638, 281.80, 15.39, 0.009, 252.31, 9.62);
insert into SHOT values (633, 635, 639, 43, 2.370, 289.10, 15.70, 2.374, 289.15, 15.64, 0.005, 310.41, -14.05);
insert into SHOT values (634, 635, 640, 43, 2.170, 296.50, 15.70, 2.170, 296.44, 15.78, 0.004, 191.83, 52.17);
insert into SHOT values (635, 635, 641, 43, 2.040, 300.00, 15.00, 2.046, 300.07, 15.02, 0.006, 323.60, 18.78);
insert into SHOT values (636, 635, 642, 43, 1.850, 308.70, 15.30, 1.859, 308.66, 15.29, 0.009, 300.23, 12.13);
insert into SHOT values (637, 635, 643, 43, 1.680, 317.60, 15.50, 1.689, 317.49, 15.45, 0.010, 298.34, 6.24);
insert into SHOT values (638, 635, 644, 43, 1.610, 326.90, 14.60, 1.620, 326.72, 14.66, 0.011, 297.76, 21.92);
insert into SHOT values (639, 635, 645, 43, 1.550, 334.80, 14.20, 1.550, 334.80, 14.19, 0.000, 330.82, -28.09);
insert into SHOT values (640, 635, 646, 43, 1.490, 346.70, 13.70, 1.492, 346.44, 13.57, 0.008, 279.90, -22.19);
insert into SHOT values (641, 635, 647, 43, 1.530, 355.10, 12.60, 1.532, 355.01, 12.44, 0.005, 313.14, -48.12);
insert into SHOT values (642, 635, 648, 43, 1.810, 3.10, 9.70, 1.809, 2.89, 9.87, 0.008, 256.87, 37.10);
insert into SHOT values (643, 635, 649, 43, 2.160, 10.00, 5.00, 2.160, 9.90, 5.05, 0.004, 283.99, 24.85);
insert into SHOT values (644, 635, 650, 43, 2.760, 9.80, 1.60, 2.760, 9.60, 1.66, 0.010, 277.92, 16.86);
insert into SHOT values (645, 635, 651, 43, 3.570, 12.90, -0.40, 3.569, 12.79, -0.32, 0.009, 271.54, 35.17);
insert into SHOT values (646, 635, 652, 43, 3.840, 15.10, -0.20, 3.842, 15.09, -0.15, 0.004, 352.76, 52.32);
insert into SHOT values (647, 635, 653, 43, 3.910, 18.10, 0.60, 3.912, 18.02, 0.59, 0.006, 308.24, -9.01);
insert into SHOT values (648, 635, 654, 43, 4.130, 22.20, 0.90, 4.136, 22.16, 0.97, 0.008, 357.49, 37.71);
insert into SHOT values (649, 635, 655, 43, 4.160, 23.30, 1.90, 4.160, 23.23, 1.93, 0.005, 286.63, 23.53);
insert into SHOT values (650, 635, 656, 43, 4.340, 24.50, 1.20, 4.306, 24.42, 1.20, 0.034, 214.33, -1.48);
insert into SHOT values (651, 656, 657, 43, 7.850, 211.80, 4.80, 7.856, 211.84, 4.82, 0.009, 257.58, 21.14);
insert into SHOT values (652, 656, 658, 43, 7.670, 208.20, 5.20, 7.669, 208.21, 5.24, 0.005, 345.72, 69.28);
insert into SHOT values (653, 656, 659, 43, 6.840, 202.90, 5.40, 6.838, 202.91, 5.45, 0.007, 356.03, 64.89);
insert into SHOT values (654, 656, 660, 43, 6.650, 195.40, 7.50, 6.656, 195.47, 7.51, 0.010, 248.47, 11.49);
insert into SHOT values (655, 656, 661, 43, 4.950, 185.60, 9.10, 4.957, 185.63, 9.17, 0.010, 208.41, 48.04);
insert into SHOT values (656, 656, 662, 43, 5.090, 175.80, 12.90, 5.092, 175.84, 12.94, 0.005, 242.05, 43.76);
insert into SHOT values (657, 656, 663, 43, 5.070, 170.80, 13.80, 5.069, 170.88, 13.81, 0.007, 272.50, 5.04);
insert into SHOT values (658, 656, 664, 43, 4.820, 165.40, 13.50, 4.825, 165.43, 13.54, 0.007, 197.27, 45.37);
insert into SHOT values (659, 656, 665, 43, 4.280, 161.10, 12.20, 4.282, 161.18, 12.27, 0.008, 246.46, 45.07);
insert into SHOT values (660, 656, 666, 43, 3.980, 156.10, 9.30, 3.980, 156.11, 9.40, 0.007, 305.42, 77.13);
insert into SHOT values (661, 656, 667, 43, 3.680, 149.70, 8.40, 3.674, 149.77, 8.45, 0.008, 295.46, 17.91);
insert into SHOT values (662, 656, 668, 43, 4.210, 142.10, 8.30, 4.207, 142.22, 8.34, 0.010, 253.09, 13.44);
insert into SHOT values (663, 656, 669, 43, 4.120, 129.00, 6.80, 4.116, 129.14, 6.84, 0.011, 239.73, 11.40);
insert into SHOT values (664, 656, 670, 43, 3.750, 118.50, 8.10, 3.747, 118.50, 8.13, 0.003, 299.08, 27.79);
insert into SHOT values (665, 656, 671, 43, 3.680, 113.70, 9.50, 3.678, 113.74, 9.55, 0.004, 251.92, 36.07);
insert into SHOT values (666, 656, 672, 43, 3.840, 108.90, 10.60, 3.839, 108.87, 10.66, 0.005, 339.62, 52.41);
insert into SHOT values (667, 656, 673, 43, 4.950, 102.90, 10.80, 4.942, 102.98, 10.85, 0.011, 244.96, 13.08);
insert into SHOT values (668, 656, 674, 43, 4.740, 97.90, 10.40, 4.733, 97.90, 10.47, 0.009, 275.68, 28.71);
insert into SHOT values (669, 656, 675, 43, 4.380, 89.10, 10.00, 4.377, 89.07, 10.00, 0.004, 307.53, -8.92);
insert into SHOT values (670, 656, 676, 43, 4.640, 80.70, 9.00, 4.638, 80.70, 9.06, 0.005, 256.97, 56.87);
insert into SHOT values (671, 656, 677, 43, 4.620, 76.80, 7.80, 4.613, 76.85, 7.85, 0.009, 230.44, 20.07);
insert into SHOT values (672, 656, 678, 43, 4.480, 73.60, 5.40, 4.472, 73.56, 5.39, 0.009, 274.78, -10.47);
insert into SHOT values (673, 656, 679, 43, 4.250, 73.40, 5.30, 4.245, 73.37, 5.27, 0.006, 280.54, -24.88);
insert into SHOT values (674, 656, 680, 43, 4.040, 72.30, 5.20, 4.037, 72.33, 5.26, 0.006, 221.97, 41.43);
insert into SHOT values (675, 656, 681, 43, 4.090, 70.90, 5.30, 4.082, 70.90, 5.34, 0.009, 252.64, 14.20);
insert into SHOT values (676, 656, 682, 43, 4.170, 70.20, 5.30, 4.162, 70.25, 5.38, 0.011, 225.87, 27.29);
insert into SHOT values (677, 656, 683, 43, 4.450, 69.20, 5.50, 4.449, 69.23, 5.55, 0.005, 195.58, 48.69);
insert into SHOT values (678, 656, 684, 43, 5.100, 73.50, 10.00, 5.069, 73.71, 10.11, 0.037, 224.14, 6.79);
insert into SHOT values (679, 684, 685, 43, 7.290, 240.60, -6.60, 7.294, 240.57, -6.61, 0.006, 190.61, -22.40);
insert into SHOT values (680, 684, 686, 43, 7.200, 241.90, -7.20, 7.201, 241.86, -7.18, 0.006, 167.28, 23.22);
insert into SHOT values (681, 684, 687, 43, 7.160, 243.80, -7.70, 7.162, 243.83, -7.70, 0.005, 306.97, -8.42);
insert into SHOT values (682, 684, 688, 43, 7.110, 245.60, -8.00, 7.109, 245.58, -8.01, 0.002, 125.95, -11.27);
insert into SHOT values (683, 684, 689, 43, 7.120, 247.70, -8.50, 7.123, 247.73, -8.48, 0.006, 292.87, 24.47);
insert into SHOT values (684, 684, 690, 43, 7.090, 249.20, -8.60, 7.096, 249.21, -8.59, 0.007, 264.81, 1.77);
insert into SHOT values (685, 684, 691, 43, 5.360, 250.80, -8.20, 5.362, 250.75, -8.26, 0.008, 178.85, -46.12);
insert into SHOT values (686, 684, 692, 43, 4.990, 252.40, -8.70, 4.989, 252.41, -8.76, 0.006, 49.14, -66.74);
insert into SHOT values (687, 684, 693, 43, 4.700, 255.20, -8.80, 4.700, 255.16, -8.81, 0.004, 170.71, -15.09);
insert into SHOT values (688, 684, 694, 43, 4.540, 258.00, -8.80, 4.542, 258.04, -8.87, 0.006, 332.12, -59.74);
insert into SHOT values (689, 684, 695, 43, 4.630, 262.70, -8.40, 4.627, 262.72, -8.45, 0.005, 58.06, -43.91);
insert into SHOT values (690, 684, 696, 43, 5.610, 265.40, -6.60, 5.616, 265.37, -6.65, 0.008, 239.13, -41.04);
insert into SHOT values (691, 684, 697, 43, 5.650, 270.20, -5.40, 5.655, 270.20, -5.38, 0.005, 274.09, 18.48);
insert into SHOT values (692, 684, 698, 43, 5.400, 277.30, -5.00, 5.404, 277.26, -4.99, 0.005, 229.57, 6.70);
insert into SHOT values (693, 684, 699, 43, 5.200, 284.50, -5.00, 5.203, 284.41, -4.96, 0.009, 214.30, 20.69);
insert into SHOT values (694, 684, 700, 43, 5.640, 289.30, -4.80, 5.646, 289.30, -4.78, 0.006, 293.40, 17.57);
insert into SHOT values (695, 684, 701, 43, 5.840, 298.70, -3.70, 5.839, 298.72, -3.73, 0.004, 54.17, -53.83);
insert into SHOT values (696, 684, 702, 43, 5.580, 303.00, -2.70, 5.581, 302.92, -2.67, 0.008, 223.46, 19.93);
insert into SHOT values (697, 684, 703, 43, 5.490, 306.50, -2.90, 5.491, 306.47, -2.92, 0.004, 240.62, -38.29);
insert into SHOT values (698, 684, 704, 43, 5.390, 311.50, -1.00, 5.392, 311.47, -1.06, 0.007, 255.36, -56.88);
insert into SHOT values (699, 684, 705, 43, 5.880, 314.70, -1.30, 5.878, 314.66, -1.27, 0.006, 197.83, 33.48);
insert into SHOT values (700, 684, 706, 43, 9.690, 316.80, -0.50, 9.685, 316.80, -0.53, 0.007, 138.80, -49.98);
insert into SHOT values (701, 684, 707, 43, 9.260, 318.80, -1.10, 9.257, 318.77, -1.11, 0.007, 195.27, -19.50);
insert into SHOT values (702, 684, 708, 43, 11.810, 323.10, -0.80, 11.807, 323.09, -0.82, 0.006, 175.37, -56.61);
insert into SHOT values (703, 684, 709, 43, 11.310, 327.50, 0.50, 11.313, 327.49, 0.51, 0.004, 295.46, 19.23);
insert into SHOT values (704, 684, 710, 43, 11.200, 331.80, -0.00, 11.198, 331.81, 0.00, 0.003, 103.12, 0.00);
insert into SHOT values (705, 684, 711, 43, 11.250, 333.80, -0.70, 11.248, 333.78, -0.71, 0.005, 225.22, -27.90);
insert into SHOT values (706, 684, 712, 43, 11.960, 337.00, -0.70, 11.960, 337.02, -0.72, 0.005, 60.47, -50.41);
insert into SHOT values (707, 684, 713, 43, 1.690, 13.60, 0.90, 1.688, 13.71, 1.02, 0.005, 132.21, 43.90);
insert into SHOT values (708, 713, 714, 43, 1.930, 196.20, 2.00, 1.928, 196.27, 1.78, 0.008, 320.04, -68.35);
insert into SHOT values (709, 713, 715, 43, 1.770, 193.70, 1.70, 1.771, 193.72, 1.62, 0.003, 221.34, -59.38);
insert into SHOT values (710, 713, 716, 43, 1.660, 192.30, 1.90, 1.660, 192.53, 1.73, 0.008, 278.70, -37.19);
insert into SHOT values (711, 713, 717, 43, 1.750, 210.20, -17.30, 1.749, 210.26, -17.64, 0.010, 6.49, -66.94);
insert into SHOT values (712, 713, 718, 43, 1.720, 208.60, -15.20, 1.727, 208.72, -15.45, 0.011, 243.67, -56.04);
insert into SHOT values (713, 713, 719, 43, 1.690, 205.10, -14.00, 1.688, 205.31, -14.06, 0.007, 318.39, -9.87);
insert into SHOT values (714, 713, 720, 43, 1.670, 200.30, -13.70, 1.672, 200.56, -13.84, 0.009, 283.56, -31.52);
insert into SHOT values (715, 713, 721, 43, 1.670, 196.20, -13.80, 1.675, 196.43, -13.82, 0.008, 250.95, -11.69);
insert into SHOT values (716, 713, 722, 43, 4.050, 177.80, 5.80, 4.053, 177.87, 5.66, 0.011, 231.62, -57.27);
insert into SHOT values (717, 713, 723, 43, 4.020, 180.60, 4.60, 4.023, 180.71, 4.56, 0.009, 248.49, -15.52);
insert into SHOT values (718, 713, 724, 43, 4.190, 173.00, 3.60, 4.189, 172.99, 3.56, 0.003, 33.72, -77.67);
insert into SHOT values (719, 713, 725, 43, 4.410, 167.80, 3.90, 4.410, 167.80, 3.90, 0.000, 27.06, 6.32);
insert into SHOT values (720, 713, 726, 43, 4.860, 163.00, 3.10, 4.856, 163.10, 3.07, 0.009, 275.42, -17.62);
insert into SHOT values (721, 713, 727, 43, 5.080, 157.00, 3.60, 5.082, 157.02, 3.50, 0.010, 198.04, -70.26);
insert into SHOT values (722, 713, 728, 43, 5.280, 152.60, 0.90, 5.283, 152.61, 0.87, 0.004, 171.32, -44.88);
insert into SHOT values (723, 713, 729, 43, 5.540, 150.40, 0.90, 5.540, 150.47, 0.83, 0.010, 239.51, -44.75);
insert into SHOT values (724, 713, 730, 43, 5.450, 148.10, 0.70, 5.453, 148.12, 0.63, 0.007, 176.25, -62.29);
insert into SHOT values (725, 713, 731, 43, 5.330, 147.00, 0.30, 5.328, 147.03, 0.22, 0.008, 271.05, -69.95);
insert into SHOT values (726, 713, 732, 43, 5.200, 144.40, 0.20, 5.197, 144.48, 0.11, 0.011, 254.84, -48.26);
insert into SHOT values (727, 713, 733, 43, 5.030, 141.20, -0.10, 5.029, 141.22, -0.11, 0.002, 272.02, -33.95);
insert into SHOT values (728, 713, 734, 43, 5.090, 139.50, 0.20, 5.086, 139.55, 0.11, 0.010, 274.46, -53.79);
insert into SHOT values (729, 713, 735, 43, 2.200, 129.90, 6.50, 2.192, 129.97, 6.28, 0.012, 287.03, -51.36);
insert into SHOT values (730, 735, 736, 43, 3.010, 198.50, -0.40, 3.014, 198.37, -0.38, 0.008, 137.96, 7.63);
insert into SHOT values (731, 735, 737, 43, 3.010, 206.40, -0.40, 3.014, 206.40, -0.38, 0.004, 202.93, 13.22);
insert into SHOT values (732, 735, 738, 43, 3.100, 211.50, -0.40, 3.097, 211.53, -0.37, 0.004, 354.62, 27.65);
insert into SHOT values (733, 735, 739, 43, 3.090, 215.90, -0.50, 3.087, 215.90, -0.37, 0.008, 31.84, 63.63);
insert into SHOT values (734, 735, 740, 43, 3.110, 220.60, 0.40, 3.107, 220.56, 0.55, 0.009, 71.70, 63.88);
insert into SHOT values (735, 735, 741, 43, 2.830, 224.80, -0.20, 2.828, 224.71, -0.20, 0.005, 115.16, -1.53);
insert into SHOT values (736, 735, 742, 43, 2.500, 230.20, -2.10, 2.501, 230.19, -2.06, 0.002, 215.98, 58.42);
insert into SHOT values (737, 735, 743, 43, 2.430, 236.70, -3.40, 2.423, 236.64, -3.31, 0.009, 76.56, 28.28);
insert into SHOT values (738, 735, 744, 43, 2.360, 242.40, -3.70, 2.353, 242.34, -3.65, 0.008, 81.17, 17.77);
insert into SHOT values (739, 735, 745, 43, 2.270, 251.40, -4.90, 2.266, 251.40, -4.81, 0.005, 68.71, 45.47);
insert into SHOT values (740, 735, 746, 43, 1.820, 258.50, -5.10, 1.813, 258.50, -5.06, 0.007, 77.55, 15.25);
insert into SHOT values (741, 735, 747, 43, 1.880, 263.80, -4.30, 1.876, 263.86, -4.28, 0.005, 56.61, 12.09);
insert into SHOT values (742, 735, 748, 43, 0.980, 350.70, 6.50, 0.979, 351.12, 7.04, 0.012, 96.99, 50.73);
insert into SHOT values (743, 735, 749, 43, 1.020, 347.20, 6.00, 1.020, 347.47, 6.19, 0.006, 80.46, 35.11);
insert into SHOT values (744, 735, 750, 43, 1.090, 342.30, 5.30, 1.086, 342.24, 5.28, 0.004, 180.30, -9.80);
insert into SHOT values (745, 735, 751, 43, 1.220, 336.80, 3.90, 1.222, 336.80, 4.22, 0.007, 338.07, 79.12);
insert into SHOT values (746, 735, 752, 43, 1.380, 333.10, 1.20, 1.378, 333.25, 1.25, 0.004, 95.55, 14.53);
insert into SHOT values (747, 735, 753, 43, 1.540, 329.70, 0.90, 1.537, 329.93, 1.12, 0.009, 85.55, 40.11);
insert into SHOT values (748, 735, 754, 43, 1.590, 327.90, 0.10, 1.590, 328.11, 0.36, 0.009, 57.98, 51.22);
insert into SHOT values (749, 735, 755, 43, 1.500, 333.20, -2.30, 1.499, 333.43, -2.29, 0.006, 69.13, 1.83);
insert into SHOT values (750, 735, 756, 43, 2.370, 192.60, -4.00, 2.371, 192.45, -3.87, 0.008, 115.28, 39.98);
insert into SHOT values (751, 756, 757, 43, 1.940, 107.90, 4.50, 1.938, 107.78, 4.44, 0.005, 354.82, -26.41);
insert into SHOT values (752, 756, 758, 43, 1.960, 106.00, 2.10, 1.957, 106.03, 2.05, 0.003, 267.68, -32.96);
insert into SHOT values (753, 756, 759, 43, 1.960, 99.70, 1.00, 1.958, 99.70, 0.88, 0.005, 276.40, -68.05);
insert into SHOT values (754, 756, 760, 43, 2.150, 95.90, 0.90, 2.151, 95.87, 0.80, 0.004, 59.42, -63.02);
insert into SHOT values (755, 756, 761, 43, 2.210, 93.30, 0.20, 2.204, 93.38, 0.26, 0.007, 246.23, 18.31);
insert into SHOT values (756, 756, 762, 43, 2.280, 90.10, -0.50, 2.280, 90.00, -0.50, 0.004, 1.30, -1.49);
insert into SHOT values (757, 756, 763, 43, 2.400, 85.50, 0.50, 2.398, 85.45, 0.48, 0.003, 304.19, -17.27);
insert into SHOT values (758, 756, 764, 43, 2.660, 80.80, -0.30, 2.655, 80.68, -0.43, 0.010, 309.41, -39.23);
insert into SHOT values (759, 756, 765, 43, 2.790, 73.60, -1.30, 2.785, 73.52, -1.23, 0.007, 293.08, 27.62);
insert into SHOT values (760, 756, 766, 43, 2.700, 70.40, -2.20, 2.700, 70.29, -2.12, 0.006, 341.24, 34.91);
insert into SHOT values (761, 756, 767, 43, 2.820, 65.50, -2.70, 2.818, 65.44, -2.64, 0.005, 299.89, 37.22);
insert into SHOT values (762, 756, 768, 43, 2.850, 58.10, -3.80, 2.845, 58.10, -3.83, 0.005, 237.21, -12.48);
insert into SHOT values (763, 756, 769, 43, 3.050, 51.00, -1.40, 3.051, 50.99, -1.50, 0.006, 19.79, -77.48);
insert into SHOT values (764, 756, 770, 43, 2.890, 45.20, -1.80, 2.893, 45.14, -1.78, 0.005, 4.37, 9.54);
insert into SHOT values (765, 756, 771, 43, 2.440, 41.10, -0.40, 2.438, 41.01, -0.47, 0.005, 288.84, -35.35);
insert into SHOT values (766, 756, 772, 43, 1.750, 32.90, 2.50, 1.752, 32.87, 2.62, 0.004, 9.61, 60.28);
insert into SHOT values (767, 756, 773, 43, 1.890, 35.90, 1.90, 1.885, 35.71, 1.82, 0.008, 268.97, -19.23);
insert into SHOT values (768, 756, 774, 43, 1.740, 28.90, 0.60, 1.737, 28.93, 0.66, 0.004, 195.02, 28.05);
insert into SHOT values (769, 756, 775, 43, 1.770, 24.30, 0.70, 1.768, 24.39, 0.65, 0.004, 151.35, -24.95);
insert into SHOT values (770, 756, 776, 43, 1.870, 21.20, 0.20, 1.865, 21.06, 0.31, 0.008, 241.14, 26.01);
insert into SHOT values (771, 756, 777, 43, 1.990, 18.90, 0.70, 1.986, 18.80, 0.58, 0.007, 240.53, -39.54);
insert into SHOT values (772, 756, 778, 43, 2.360, 14.00, 2.50, 2.362, 13.98, 2.43, 0.004, 350.24, -51.80);
insert into SHOT values (773, 756, 779, 43, 2.710, 11.50, 1.80, 2.715, 11.48, 1.69, 0.008, 359.79, -41.88);
insert into SHOT values (774, 756, 780, 43, 3.000, 9.20, 1.50, 3.000, 9.21, 1.53, 0.002, 127.11, 66.03);
insert into SHOT values (775, 684, 781, 43, 5.290, 292.30, -11.50, 5.301, 291.92, -11.42, 0.036, 221.48, 7.35);
insert into SHOT values (776, 781, 782, 43, 2.900, 165.70, 12.10, 2.900, 165.72, 11.94, 0.008, 189.52, -73.63);
insert into SHOT values (777, 781, 783, 43, 2.660, 170.80, 12.50, 2.666, 170.72, 12.35, 0.010, 143.40, -35.46);
insert into SHOT values (778, 781, 784, 43, 2.450, 175.00, 13.60, 2.447, 174.94, 13.47, 0.007, 47.59, -61.39);
insert into SHOT values (779, 781, 785, 43, 2.400, 179.10, 14.10, 2.401, 179.02, 13.98, 0.006, 127.04, -47.35);
insert into SHOT values (780, 781, 786, 43, 2.410, 183.50, 15.50, 2.411, 183.45, 15.40, 0.005, 138.14, -56.65);
insert into SHOT values (781, 781, 787, 43, 2.570, 189.40, 15.40, 2.574, 189.27, 15.32, 0.008, 139.86, -18.87);
insert into SHOT values (782, 781, 788, 43, 2.800, 193.40, 16.60, 2.799, 193.36, 16.61, 0.002, 82.22, 2.23);
insert into SHOT values (783, 781, 789, 43, 1.480, 200.50, 17.80, 1.478, 200.37, 17.72, 0.004, 91.43, -34.79);
insert into SHOT values (784, 781, 790, 43, 1.280, 207.10, 16.40, 1.277, 207.19, 16.37, 0.003, 348.62, -23.76);
insert into SHOT values (785, 781, 791, 43, 0.830, 212.50, 17.80, 0.829, 212.08, 17.54, 0.007, 127.17, -32.79);
insert into SHOT values (786, 781, 792, 43, 0.910, 222.50, 13.80, 0.903, 222.23, 13.45, 0.010, 77.54, -44.42);
insert into SHOT values (787, 781, 793, 43, 1.090, 236.60, 7.10, 1.089, 236.31, 6.85, 0.007, 146.70, -40.79);
insert into SHOT values (788, 781, 794, 43, 1.810, 241.50, -0.90, 1.813, 241.31, -0.95, 0.007, 175.90, -13.65);
insert into SHOT values (789, 781, 795, 43, 1.860, 245.70, -3.00, 1.860, 245.50, -3.08, 0.007, 152.86, -22.76);
insert into SHOT values (790, 781, 796, 43, 1.880, 251.10, -3.60, 1.876, 250.98, -3.67, 0.006, 113.56, -19.24);
insert into SHOT values (791, 781, 797, 43, 1.990, 256.50, -4.40, 1.991, 256.59, -4.61, 0.008, 347.84, -66.02);
insert into SHOT values (792, 781, 798, 43, 2.040, 259.60, -4.60, 2.041, 259.52, -4.78, 0.007, 179.56, -65.40);
insert into SHOT values (793, 781, 799, 43, 2.110, 263.50, -4.60, 2.111, 263.45, -4.62, 0.002, 189.40, -21.94);
insert into SHOT values (794, 781, 800, 43, 2.170, 266.10, -5.10, 2.164, 266.01, -5.30, 0.010, 115.04, -45.13);
insert into SHOT values (795, 781, 801, 43, 3.130, 270.00, -7.70, 3.128, 270.00, -7.72, 0.002, 90.00, -19.32);
insert into SHOT values (796, 781, 802, 43, 3.340, 274.90, -6.30, 3.332, 274.85, -6.37, 0.009, 114.88, -22.35);
insert into SHOT values (797, 781, 803, 43, 3.440, 282.40, -6.90, 3.435, 282.36, -7.02, 0.009, 121.64, -46.59);
insert into SHOT values (798, 781, 804, 43, 3.370, 284.50, -6.30, 3.368, 284.53, -6.31, 0.003, 66.00, -3.46);
insert into SHOT values (799, 781, 805, 43, 3.310, 287.40, -6.50, 3.311, 287.33, -6.59, 0.007, 207.05, -53.73);
insert into SHOT values (800, 781, 806, 43, 3.280, 289.30, -6.00, 3.283, 289.32, -6.12, 0.007, 325.11, -72.47);
insert into SHOT values (801, 781, 807, 43, 3.280, 290.80, -5.40, 3.278, 290.82, -5.43, 0.003, 80.93, -26.53);
insert into SHOT values (802, 781, 808, 43, 3.360, 291.50, -5.00, 3.358, 291.58, -5.13, 0.009, 53.03, -53.01);
insert into SHOT values (803, 781, 809, 43, 3.470, 292.80, -5.20, 3.466, 292.85, -5.30, 0.008, 81.47, -43.68);
insert into SHOT values (804, 781, 810, 43, 3.360, 295.10, -4.60, 3.357, 295.11, -4.61, 0.003, 103.88, -10.06);
insert into SHOT values (805, 781, 811, 43, 3.230, 296.90, -3.60, 3.227, 296.96, -3.73, 0.009, 72.51, -54.87);
insert into SHOT values (806, 781, 812, 43, 3.160, 299.00, -2.90, 3.160, 299.00, -2.90, 0.000, 98.02, -25.79);
insert into SHOT values (807, 781, 813, 43, 3.070, 301.00, -1.80, 3.070, 301.00, -1.87, 0.004, 152.06, -83.01);
insert into SHOT values (808, 781, 814, 43, 2.920, 303.70, -0.70, 2.921, 303.69, -0.78, 0.004, 268.38, -78.56);
insert into SHOT values (809, 781, 815, 43, 2.090, 307.10, -0.20, 2.084, 307.20, -0.27, 0.007, 95.74, -21.19);
insert into SHOT values (810, 781, 816, 43, 1.110, 310.10, 2.20, 1.108, 309.87, 2.07, 0.005, 199.35, -28.96);
insert into SHOT values (811, 781, 817, 43, 0.980, 318.80, 14.90, 0.975, 318.87, 14.85, 0.005, 124.03, -23.40);
insert into SHOT values (812, 781, 818, 43, 1.010, 326.70, 23.80, 1.001, 327.00, 23.54, 0.011, 107.91, -44.44);
insert into SHOT values (813, 781, 819, 43, 0.900, 342.20, 23.50, 0.891, 342.23, 23.14, 0.011, 158.46, -54.70);
insert into SHOT values (814, 781, 820, 43, 1.190, 354.40, 29.50, 1.186, 354.45, 29.27, 0.006, 126.13, -77.53);
insert into SHOT values (815, 781, 821, 43, 1.340, 13.20, 26.80, 1.336, 13.57, 26.69, 0.009, 122.98, -26.99);
insert into SHOT values (816, 781, 822, 43, 1.510, 16.50, 21.10, 1.508, 16.50, 20.98, 0.004, 188.34, -78.14);
insert into SHOT values (817, 781, 823, 43, 1.560, 21.40, 18.50, 1.561, 21.37, 18.30, 0.006, 4.53, -62.34);
insert into SHOT values (818, 781, 824, 43, 6.940, 84.60, 9.50, 6.944, 84.64, 9.45, 0.009, 126.79, -38.05);
insert into SHOT values (819, 781, 825, 43, 6.770, 83.10, 9.00, 6.770, 83.13, 8.92, 0.010, 151.76, -67.46);
insert into SHOT values (820, 781, 826, 43, 6.790, 80.60, 8.80, 6.788, 80.65, 8.73, 0.011, 179.70, -55.95);
insert into SHOT values (821, 781, 827, 43, 6.720, 77.90, 9.10, 6.721, 77.91, 9.07, 0.004, 114.44, -52.15);
insert into SHOT values (822, 781, 828, 43, 6.670, 74.00, 8.90, 6.673, 74.07, 8.88, 0.009, 138.76, -12.77);
insert into SHOT values (823, 781, 829, 43, 6.940, 69.80, 9.90, 6.943, 69.82, 9.87, 0.005, 100.12, -39.23);
insert into SHOT values (824, 781, 830, 43, 7.460, 64.10, 9.90, 7.459, 64.10, 9.88, 0.003, 268.56, -73.36);
insert into SHOT values (825, 781, 831, 43, 6.430, 56.80, 10.00, 6.431, 56.79, 9.94, 0.007, 26.85, -65.57);
insert into SHOT values (826, 781, 832, 43, 6.550, 54.40, 11.00, 6.550, 54.43, 11.00, 0.004, 144.42, 3.28);
insert into SHOT values (827, 781, 833, 43, 5.030, 49.90, 13.10, 5.028, 49.97, 13.10, 0.006, 155.41, -0.52);
insert into SHOT values (828, 781, 834, 43, 5.070, 52.20, 12.10, 5.073, 52.21, 12.06, 0.004, 61.27, -39.75);
insert into SHOT values (829, 781, 835, 43, 4.750, 48.10, 12.70, 4.747, 48.15, 12.66, 0.006, 167.52, -42.21);
insert into SHOT values (830, 781, 836, 43, 4.750, 45.40, 12.10, 4.750, 45.44, 12.03, 0.007, 110.52, -60.48);
insert into SHOT values (831, 781, 837, 43, 4.800, 42.30, 12.80, 4.798, 42.31, 12.76, 0.004, 185.16, -59.63);
insert into SHOT values (832, 781, 838, 43, 6.210, 37.40, 11.50, 6.207, 37.45, 11.43, 0.010, 137.52, -54.32);
insert into SHOT values (833, 781, 839, 43, 5.960, 33.40, 10.10, 5.960, 33.39, 10.05, 0.005, 359.10, -74.74);
insert into SHOT values (834, 781, 840, 43, 5.720, 30.60, 9.80, 5.718, 30.62, 9.77, 0.004, 154.28, -63.72);
insert into SHOT values (835, 781, 841, 43, 5.600, 29.00, 10.30, 5.600, 28.98, 10.29, 0.002, 311.83, -39.15);
insert into SHOT values (836, 781, 842, 43, 5.640, 27.20, 10.80, 5.644, 27.26, 10.72, 0.011, 71.56, -40.33);
insert into SHOT values (837, 781, 843, 43, 7.290, 106.70, 10.90, 7.292, 106.71, 10.83, 0.010, 130.41, -61.97);
insert into SHOT values (838, 781, 844, 43, 7.150, 103.60, 10.20, 7.150, 103.64, 10.15, 0.008, 176.64, -49.20);
insert into SHOT values (839, 781, 845, 43, 6.950, 99.60, 10.30, 6.957, 99.59, 10.27, 0.008, 87.31, -19.01);
insert into SHOT values (840, 781, 846, 43, 6.840, 95.70, 9.70, 6.841, 95.70, 9.68, 0.003, 107.99, -64.39);
insert into SHOT values (841, 781, 847, 43, 5.390, 93.60, 10.70, 5.394, 93.57, 10.68, 0.005, 58.48, -8.64);
insert into SHOT values (842, 781, 848, 43, 6.420, 90.10, 12.10, 6.421, 90.09, 12.04, 0.006, 70.10, -63.97);
insert into SHOT values (843, 781, 849, 43, 6.140, 87.60, 11.80, 6.144, 87.62, 11.74, 0.008, 108.51, -46.60);
insert into SHOT values (844, 781, 850, 43, 6.880, 84.70, 10.70, 6.877, 84.74, 10.64, 0.009, 198.28, -57.55);
insert into SHOT values (845, 781, 851, 43, 6.570, 82.20, 10.60, 6.569, 82.26, 10.53, 0.011, 163.85, -51.95);
insert into SHOT values (846, 781, 852, 43, 6.640, 56.50, 13.50, 6.643, 56.56, 13.49, 0.007, 121.03, -0.63);
insert into SHOT values (847, 852, 853, 43, 1.040, 52.50, 6.70, 1.041, 52.47, 6.62, 0.002, 24.31, -45.17);
insert into SHOT values (848, 852, 854, 43, 0.880, 25.30, 8.50, 0.882, 25.10, 8.48, 0.004, 328.29, -1.12);
insert into SHOT values (849, 852, 855, 43, 0.850, 19.30, 10.90, 0.850, 18.87, 10.85, 0.006, 290.91, -6.64);
insert into SHOT values (850, 852, 856, 43, 0.900, 355.80, 11.70, 0.901, 355.45, 11.52, 0.006, 281.06, -24.29);
insert into SHOT values (851, 852, 857, 43, 0.880, 336.80, 11.50, 0.877, 336.71, 11.18, 0.006, 186.37, -64.32);
insert into SHOT values (852, 852, 858, 43, 1.050, 324.10, 10.50, 1.055, 324.01, 10.37, 0.006, 308.69, -12.83);
insert into SHOT values (853, 852, 859, 43, 1.240, 315.50, 8.40, 1.244, 315.66, 8.32, 0.005, 357.78, -12.73);
insert into SHOT values (854, 852, 860, 43, 1.550, 307.30, 8.40, 1.550, 307.32, 8.16, 0.006, 342.98, -82.64);
insert into SHOT values (855, 852, 861, 43, 1.710, 300.30, 8.90, 1.709, 300.21, 8.75, 0.005, 210.19, -59.12);
insert into SHOT values (856, 852, 862, 43, 2.040, 292.70, 9.70, 2.045, 292.75, 9.57, 0.007, 309.11, -30.35);
insert into SHOT values (857, 852, 863, 43, 2.060, 284.80, 9.50, 2.066, 284.79, 9.47, 0.006, 280.01, 0.02);
insert into SHOT values (858, 852, 864, 43, 1.870, 278.20, 9.80, 1.874, 278.09, 9.52, 0.011, 245.25, -50.87);
insert into SHOT values (859, 852, 865, 43, 1.560, 271.80, 9.40, 1.561, 271.86, 9.22, 0.005, 314.15, -63.58);
insert into SHOT values (860, 852, 866, 43, 1.370, 261.40, 12.50, 1.376, 261.45, 12.17, 0.010, 270.06, -40.96);
insert into SHOT values (861, 852, 867, 43, 1.100, 251.50, 17.10, 1.101, 251.74, 16.90, 0.006, 320.63, -36.45);
insert into SHOT values (862, 852, 868, 43, 0.870, 242.00, 20.50, 0.868, 242.18, 20.23, 0.005, 349.40, -60.77);
insert into SHOT values (863, 852, 869, 43, 0.830, 236.10, 22.90, 0.830, 236.73, 22.69, 0.009, 320.11, -19.49);
insert into SHOT values (864, 852, 870, 43, 0.690, 217.00, 29.10, 0.690, 217.63, 28.57, 0.009, 281.82, -37.28);
insert into SHOT values (865, 852, 871, 43, 0.520, 188.30, 23.80, 0.520, 188.47, 23.84, 0.002, 301.11, 5.80);
insert into SHOT values (866, 852, 872, 43, 0.520, 167.00, 22.60, 0.520, 167.99, 22.60, 0.008, 254.38, 1.15);
insert into SHOT values (867, 852, 873, 43, 0.650, 126.90, 27.60, 0.646, 126.47, 27.68, 0.006, 353.73, -10.96);
insert into SHOT values (868, 852, 874, 43, 0.670, 91.80, 19.60, 0.668, 91.82, 19.24, 0.005, 258.64, -79.46);
insert into SHOT values (869, 852, 875, 43, 0.700, 78.80, 15.60, 0.696, 78.86, 14.98, 0.008, 235.18, -78.53);
insert into SHOT values (870, 852, 876, 43, 0.790, 65.60, 13.40, 0.790, 65.43, 13.16, 0.004, 3.30, -50.54);
insert into SHOT values (871, 852, 877, 43, 0.920, 57.70, 16.60, 0.914, 57.58, 16.52, 0.006, 257.96, -27.91);
insert into SHOT values (872, 852, 878, 43, 1.400, 314.80, -31.40, 1.400, 314.66, -31.42, 0.003, 225.92, -11.43);
insert into SHOT values (873, 878, 879, 43, 0.270, 59.90, -8.30, 0.272, 58.67, -8.45, 0.006, 349.22, -9.50);
insert into SHOT values (874, 878, 880, 43, 0.410, 66.30, -10.00, 0.415, 65.32, -11.12, 0.012, 2.09, -48.79);
insert into SHOT values (875, 878, 881, 43, 0.550, 71.50, -10.70, 0.552, 70.56, -11.50, 0.012, 343.58, -41.60);
insert into SHOT values (876, 878, 882, 43, 0.780, 75.70, -12.50, 0.783, 75.60, -12.54, 0.003, 47.53, -22.62);
insert into SHOT values (877, 878, 883, 43, 0.970, 81.10, -12.90, 0.967, 80.84, -13.15, 0.007, 311.97, -31.80);
insert into SHOT values (878, 878, 884, 43, 0.530, 125.20, -13.20, 0.524, 124.62, -13.23, 0.008, 347.53, 7.67);
insert into SHOT values (879, 878, 885, 43, 1.640, 126.60, -15.90, 1.643, 126.51, -15.90, 0.004, 83.93, -10.61);
insert into SHOT values (880, 878, 886, 43, 1.570, 117.00, -19.50, 1.572, 116.91, -19.70, 0.006, 35.80, -68.61);
insert into SHOT values (881, 878, 887, 43, 0.470, 106.70, -21.90, 0.472, 105.95, -22.40, 0.007, 23.50, -39.03);
insert into SHOT values (882, 878, 888, 43, 1.530, 104.60, -13.80, 1.532, 104.41, -13.97, 0.007, 25.30, -45.17);
insert into SHOT values (883, 878, 889, 43, 1.580, 95.00, -14.10, 1.584, 94.86, -14.25, 0.007, 43.99, -45.82);
insert into SHOT values (884, 878, 890, 43, 1.630, 92.00, -11.90, 1.627, 91.80, -12.06, 0.008, 324.78, -29.28);
insert into SHOT values (885, 878, 891, 43, 2.620, 103.50, -0.60, 2.622, 103.45, -0.66, 0.004, 57.80, -40.61);
insert into SHOT values (886, 878, 892, 43, 2.870, 98.60, -1.30, 2.873, 98.61, -1.40, 0.006, 107.47, -57.24);
insert into SHOT values (887, 878, 893, 43, 3.450, 96.20, -1.80, 3.452, 96.16, -1.83, 0.003, 37.79, -28.13);
insert into SHOT values (888, 878, 894, 43, 2.490, 105.80, 0.10, 2.482, 105.66, 0.00, 0.011, 323.42, -23.63);
insert into SHOT values (889, 878, 895, 43, 2.390, 110.80, 7.90, 2.386, 110.81, 7.71, 0.009, 282.13, -69.96);
insert into SHOT values (890, 878, 896, 43, 1.930, 86.50, -10.30, 1.926, 86.37, -10.47, 0.008, 307.26, -36.12);
insert into SHOT values (891, 896, 897, 43, 1.190, 117.10, -6.90, 1.198, 117.00, -6.71, 0.009, 102.39, 19.18);
insert into SHOT values (892, 896, 898, 43, 4.140, 113.00, -5.80, 4.148, 112.96, -5.81, 0.009, 94.34, -10.66);
insert into SHOT values (893, 896, 899, 43, 4.180, 108.20, -5.00, 4.183, 108.17, -4.94, 0.006, 82.03, 45.28);
insert into SHOT values (894, 896, 900, 43, 4.060, 105.70, -5.80, 4.061, 105.65, -5.80, 0.003, 26.16, 4.91);
insert into SHOT values (895, 896, 901, 43, 3.510, 101.90, -4.50, 3.515, 101.85, -4.41, 0.008, 75.60, 40.94);
insert into SHOT values (896, 896, 902, 43, 3.280, 97.70, -4.20, 3.288, 97.71, -4.19, 0.008, 101.61, 1.50);
insert into SHOT values (897, 896, 903, 43, 3.120, 94.20, -6.30, 3.127, 94.24, -6.24, 0.008, 111.86, 17.06);
insert into SHOT values (898, 896, 904, 43, 2.940, 89.50, -7.40, 2.945, 89.41, -7.41, 0.007, 45.25, -11.70);
insert into SHOT values (899, 896, 905, 43, 2.730, 85.20, -8.10, 2.736, 85.13, -7.98, 0.009, 60.24, 31.07);
insert into SHOT values (900, 896, 906, 43, 2.370, 80.10, -8.20, 2.379, 80.22, -8.22, 0.010, 109.84, -11.43);
insert into SHOT values (901, 896, 907, 43, 2.330, 76.50, -7.60, 2.335, 76.50, -7.63, 0.005, 78.76, -22.89);
insert into SHOT values (902, 896, 908, 43, 2.310, 73.40, -10.50, 2.313, 73.40, -10.46, 0.004, 71.63, 15.30);
insert into SHOT values (903, 896, 909, 43, 2.560, 68.00, -14.50, 2.562, 67.98, -14.47, 0.003, 52.36, 20.93);
insert into SHOT values (904, 896, 910, 43, 2.650, 62.30, -16.40, 2.658, 62.43, -16.39, 0.009, 100.58, -10.89);
insert into SHOT values (905, 896, 911, 43, 2.570, 56.60, -17.80, 2.576, 56.63, -17.63, 0.010, 67.32, 36.03);
insert into SHOT values (906, 896, 912, 43, 2.550, 53.70, -18.50, 2.550, 53.75, -18.52, 0.002, 146.24, -24.12);
insert into SHOT values (907, 896, 913, 43, 2.390, 48.90, -20.30, 2.389, 48.98, -20.33, 0.004, 166.56, -12.74);
insert into SHOT values (908, 896, 914, 43, 2.590, 43.90, -21.00, 2.591, 43.99, -21.03, 0.004, 123.98, -24.19);
insert into SHOT values (909, 896, 915, 43, 2.410, 37.00, -21.60, 2.412, 37.02, -21.65, 0.003, 73.10, -61.32);
insert into SHOT values (910, 896, 916, 43, 0.980, 32.40, -21.70, 0.981, 32.47, -21.53, 0.003, 60.35, 44.18);
insert into SHOT values (911, 896, 917, 43, 2.000, 134.50, -14.80, 2.004, 134.58, -14.75, 0.005, 170.01, 10.61);
insert into SHOT values (912, 896, 918, 43, 2.390, 132.50, -13.50, 2.395, 132.39, -13.52, 0.007, 89.59, -17.39);
insert into SHOT values (913, 896, 919, 43, 2.570, 128.70, -12.40, 2.571, 128.70, -12.35, 0.002, 119.45, 56.39);
insert into SHOT values (914, 896, 920, 43, 2.870, 124.00, -12.90, 2.868, 123.92, -12.89, 0.004, 9.26, 9.32);
insert into SHOT values (915, 781, 921, 43, 5.600, 28.10, 10.20, 5.565, 28.11, 10.25, 0.036, 206.65, -2.69);
insert into SHOT values (916, 921, 922, 43, 10.260, 353.20, -0.40, 10.263, 353.17, -0.39, 0.006, 294.96, 15.83);
insert into SHOT values (917, 921, 923, 43, 10.720, 350.30, -1.00, 10.716, 350.27, -1.02, 0.007, 218.41, -23.96);
insert into SHOT values (918, 921, 924, 43, 10.860, 348.30, -0.90, 10.857, 348.31, -0.90, 0.004, 146.75, 9.06);
insert into SHOT values (919, 921, 925, 43, 11.980, 345.90, -0.30, 11.981, 345.89, -0.29, 0.003, 305.49, 55.39);
insert into SHOT values (920, 921, 926, 43, 6.370, 341.20, -0.20, 6.372, 341.14, -0.18, 0.008, 269.05, 17.29);
insert into SHOT values (921, 921, 927, 43, 5.340, 335.90, -0.60, 5.336, 335.88, -0.64, 0.006, 175.11, -43.62);
insert into SHOT values (922, 921, 928, 43, 4.970, 327.50, -1.80, 4.971, 327.49, -1.84, 0.004, 293.74, -75.23);
insert into SHOT values (923, 921, 929, 43, 4.320, 317.20, -2.00, 4.326, 317.16, -1.99, 0.007, 288.57, 6.28);
insert into SHOT values (924, 921, 930, 43, 4.150, 306.70, -2.90, 4.157, 306.68, -2.90, 0.008, 293.74, -0.30);
insert into SHOT values (925, 921, 931, 43, 11.690, 349.00, 1.20, 11.687, 349.00, 1.18, 0.006, 178.56, -60.67);
insert into SHOT values (926, 921, 932, 43, 11.970, 345.50, 0.50, 11.972, 345.49, 0.48, 0.006, 299.21, -51.76);
insert into SHOT values (927, 921, 933, 43, 6.340, 340.80, -0.10, 6.344, 340.77, -0.09, 0.006, 298.09, 10.67);
insert into SHOT values (928, 921, 934, 43, 5.180, 334.60, -0.30, 5.180, 334.62, -0.33, 0.004, 66.99, -55.02);
insert into SHOT values (929, 921, 935, 43, 4.950, 327.70, -0.80, 4.950, 327.63, -0.81, 0.006, 235.09, -7.94);
insert into SHOT values (930, 921, 936, 43, 4.380, 318.80, -2.10, 4.382, 318.70, -2.09, 0.008, 243.94, 3.73);
insert into SHOT values (931, 921, 937, 43, 4.160, 310.30, -1.10, 4.158, 310.32, -1.10, 0.002, 94.05, -3.74);
insert into SHOT values (932, 921, 938, 43, 4.210, 301.80, -2.90, 4.212, 301.69, -2.86, 0.009, 229.19, 19.14);
insert into SHOT values (933, 921, 939, 43, 4.110, 292.10, -3.50, 4.108, 292.06, -3.49, 0.004, 164.69, 14.48);
insert into SHOT values (934, 921, 940, 43, 5.890, 294.70, -3.30, 5.889, 294.73, -3.31, 0.004, 38.22, -14.67);
insert into SHOT values (935, 921, 941, 43, 6.940, 292.40, -3.20, 6.943, 292.38, -3.22, 0.005, 262.14, -35.16);
insert into SHOT values (936, 921, 942, 43, 7.000, 290.70, -3.30, 7.002, 290.69, -3.27, 0.004, 265.40, 46.90);
insert into SHOT values (937, 921, 943, 43, 6.670, 288.70, -3.40, 6.672, 288.65, -3.44, 0.007, 214.34, -37.73);
insert into SHOT values (938, 921, 944, 43, 6.280, 287.40, -4.00, 6.281, 287.36, -4.02, 0.004, 210.06, -26.15);
insert into SHOT values (939, 921, 945, 43, 5.950, 286.00, -4.30, 5.955, 285.93, -4.33, 0.009, 230.55, -24.42);
insert into SHOT values (940, 921, 946, 43, 5.620, 284.00, -4.60, 5.623, 283.94, -4.59, 0.007, 220.77, 5.94);
insert into SHOT values (941, 921, 947, 43, 5.500, 281.90, -4.30, 5.503, 281.88, -4.27, 0.004, 254.47, 34.43);
insert into SHOT values (942, 921, 948, 43, 4.670, 270.30, -3.40, 4.668, 270.25, -3.44, 0.006, 158.73, -32.72);
insert into SHOT values (943, 921, 949, 43, 4.790, 268.80, -3.80, 4.792, 268.80, -3.83, 0.003, 273.39, -58.17);
insert into SHOT values (944, 921, 950, 43, 4.830, 266.70, -3.50, 4.837, 266.68, -3.56, 0.009, 250.47, -34.65);
insert into SHOT values (945, 921, 951, 43, 4.660, 264.10, -2.30, 4.659, 264.08, -2.34, 0.004, 130.97, -54.96);
insert into SHOT values (946, 921, 952, 43, 4.550, 261.50, -1.50, 4.551, 261.53, -1.51, 0.003, 326.57, -17.97);
insert into SHOT values (947, 921, 953, 43, 4.950, 259.60, -0.90, 4.951, 259.64, -0.93, 0.005, 330.95, -29.61);
insert into SHOT values (948, 921, 954, 43, 4.580, 257.90, -1.70, 4.584, 257.91, -1.75, 0.006, 264.33, -47.81);
insert into SHOT values (949, 921, 955, 43, 3.220, 254.50, -3.80, 3.224, 254.49, -3.73, 0.005, 250.60, 39.22);
insert into SHOT values (950, 921, 956, 43, 3.150, 252.70, -2.50, 3.156, 252.66, -2.54, 0.007, 232.21, -20.94);
insert into SHOT values (951, 921, 957, 43, 3.200, 248.90, -2.50, 3.197, 248.90, -2.51, 0.003, 71.10, -8.62);
insert into SHOT values (952, 921, 958, 43, 3.280, 246.60, -4.30, 3.279, 246.57, -4.37, 0.005, 120.11, -63.42);
insert into SHOT values (953, 921, 959, 43, 3.810, 240.40, -4.40, 3.818, 240.40, -4.36, 0.008, 242.56, 16.28);
insert into SHOT values (954, 921, 960, 43, 3.360, 235.10, -5.70, 3.356, 235.12, -5.64, 0.005, 35.67, 46.09);
insert into SHOT values (955, 921, 961, 43, 3.440, 230.70, -6.20, 3.445, 230.69, -6.17, 0.006, 222.29, 16.01);
insert into SHOT values (956, 921, 962, 43, 3.520, 225.90, -5.40, 3.523, 225.92, -5.37, 0.004, 249.77, 19.12);
insert into SHOT values (957, 921, 963, 43, 3.370, 221.20, -5.60, 3.368, 221.25, -5.62, 0.004, 347.09, -17.52);
insert into SHOT values (958, 921, 964, 43, 3.280, 217.60, -4.80, 3.284, 217.68, -4.89, 0.008, 265.98, -43.88);
insert into SHOT values (959, 921, 965, 43, 3.250, 214.80, -3.90, 3.248, 214.82, -3.88, 0.003, 11.59, 21.92);
insert into SHOT values (960, 921, 966, 43, 3.580, 212.00, -3.40, 3.583, 212.09, -3.36, 0.007, 276.12, 20.30);
insert into SHOT values (961, 921, 967, 43, 3.590, 207.90, -3.20, 3.593, 207.92, -3.19, 0.004, 230.99, 6.43);
insert into SHOT values (962, 921, 968, 43, 3.880, 206.30, -3.60, 3.880, 206.37, -3.55, 0.006, 289.37, 38.67);
insert into SHOT values (963, 921, 969, 43, 3.580, 276.60, -7.40, 3.583, 276.63, -7.38, 0.004, 300.27, 15.69);
insert into SHOT values (964, 969, 970, 43, 1.900, 289.60, 2.10, 1.899, 289.39, 2.11, 0.007, 190.57, 3.06);
insert into SHOT values (965, 969, 971, 43, 1.810, 294.70, 1.40, 1.804, 294.58, 1.27, 0.008, 147.41, -30.19);
insert into SHOT values (966, 969, 972, 43, 2.330, 296.80, 0.80, 2.330, 296.78, 0.74, 0.003, 227.21, -75.58);
insert into SHOT values (967, 969, 973, 43, 2.620, 298.90, 0.90, 2.614, 298.82, 0.88, 0.007, 150.39, -9.42);
insert into SHOT values (968, 969, 974, 43, 3.210, 300.80, 0.50, 3.211, 300.72, 0.54, 0.005, 218.34, 23.44);
insert into SHOT values (969, 969, 975, 43, 3.390, 302.50, 0.60, 3.390, 302.47, 0.51, 0.006, 218.22, -72.70);
insert into SHOT values (970, 969, 976, 43, 3.570, 305.40, 0.70, 3.566, 305.29, 0.64, 0.009, 181.53, -24.64);
insert into SHOT values (971, 969, 977, 43, 3.500, 308.10, 2.00, 3.499, 308.15, 1.97, 0.004, 56.92, -34.75);
insert into SHOT values (972, 969, 978, 43, 3.560, 310.50, 2.00, 3.555, 310.55, 1.93, 0.007, 96.62, -37.99);
insert into SHOT values (973, 969, 979, 43, 3.890, 314.40, 1.90, 3.891, 314.37, 1.91, 0.002, 265.03, 24.64);
insert into SHOT values (974, 969, 980, 43, 3.850, 317.50, 2.80, 3.848, 317.43, 2.83, 0.006, 202.10, 19.21);
insert into SHOT values (975, 969, 981, 43, 3.740, 322.80, 4.60, 3.738, 322.85, 4.60, 0.004, 81.66, 0.81);
insert into SHOT values (976, 969, 982, 43, 3.840, 325.90, 5.50, 3.834, 325.89, 5.54, 0.006, 150.08, 18.31);
insert into SHOT values (977, 969, 983, 43, 3.900, 328.20, 5.10, 3.900, 328.15, 5.00, 0.007, 244.12, -63.44);
insert into SHOT values (978, 969, 984, 43, 3.050, 331.70, 5.10, 3.046, 331.66, 5.09, 0.005, 177.10, -13.14);
insert into SHOT values (979, 969, 985, 43, 2.300, 334.40, 5.90, 2.297, 334.33, 5.75, 0.007, 204.45, -61.10);
insert into SHOT values (980, 969, 986, 43, 2.100, 338.70, 8.80, 2.095, 338.76, 8.79, 0.005, 132.45, -13.69);
insert into SHOT values (981, 969, 987, 43, 2.170, 343.90, 9.90, 2.165, 343.94, 9.84, 0.006, 143.82, -32.94);
insert into SHOT values (982, 969, 988, 43, 1.710, 348.10, 9.00, 1.708, 348.02, 9.09, 0.004, 213.17, 38.27);
insert into SHOT values (983, 969, 989, 43, 2.030, 354.10, 8.60, 2.023, 353.98, 8.53, 0.008, 209.34, -25.36);
insert into SHOT values (984, 969, 990, 43, 1.860, 0.40, 9.10, 1.853, 0.31, 9.00, 0.008, 203.32, -30.35);
insert into SHOT values (985, 969, 991, 43, 2.140, 4.70, 8.40, 2.139, 4.61, 8.33, 0.004, 271.26, -37.04);
insert into SHOT values (986, 969, 992, 43, 4.820, 115.40, 5.20, 4.823, 115.39, 5.11, 0.008, 105.16, -59.83);
insert into SHOT values (987, 969, 993, 43, 4.610, 112.30, 5.30, 4.612, 112.26, 5.23, 0.007, 58.99, -58.86);
insert into SHOT values (988, 969, 994, 43, 4.610, 109.70, 5.70, 4.613, 109.74, 5.72, 0.004, 160.79, 28.76);
insert into SHOT values (989, 969, 995, 43, 4.970, 107.00, 6.00, 4.975, 107.04, 6.00, 0.006, 146.69, 4.84);
insert into SHOT values (990, 969, 996, 43, 5.220, 104.10, 7.10, 5.215, 104.09, 7.05, 0.007, 296.14, -50.05);
insert into SHOT values (991, 969, 997, 43, 4.990, 97.80, 7.70, 4.991, 97.79, 7.72, 0.002, 33.79, 46.42);
insert into SHOT values (992, 969, 998, 43, 3.870, 96.00, 7.60, 3.875, 95.98, 7.56, 0.005, 79.02, -19.75);
insert into SHOT values (993, 969, 999, 43, 3.600, 93.70, 7.90, 3.601, 93.70, 7.82, 0.005, 86.01, -71.54);
insert into SHOT values (994, 969, 1000, 43, 3.630, 90.00, 8.30, 3.627, 90.00, 8.24, 0.004, 270.00, -63.75);
insert into SHOT values (995, 969, 1001, 43, 1.360, 86.10, 5.80, 1.360, 86.19, 5.91, 0.003, 177.30, 51.63);
insert into SHOT values (996, 969, 1002, 43, 3.930, 84.20, 4.90, 3.933, 84.29, 4.81, 0.009, 142.28, -38.29);
insert into SHOT values (997, 969, 1003, 43, 4.430, 78.30, 4.00, 4.431, 78.39, 4.01, 0.007, 157.04, 8.32);
insert into SHOT values (998, 969, 1004, 43, 6.070, 74.70, 2.70, 6.071, 74.70, 2.64, 0.006, 87.60, -74.58);
insert into SHOT values (999, 969, 1005, 43, 6.570, 71.70, 3.10, 6.571, 71.70, 3.05, 0.005, 86.40, -75.14);
insert into SHOT values (1000, 969, 1006, 43, 8.080, 58.50, 0.20, 8.080, 58.51, 0.21, 0.003, 158.08, 43.38);
insert into SHOT values (1001, 969, 1007, 43, 7.460, 56.30, 1.00, 7.465, 56.31, 1.00, 0.005, 71.92, -2.32);
insert into SHOT values (1002, 969, 1008, 43, 7.440, 54.40, 1.10, 7.441, 54.41, 1.08, 0.003, 96.82, -59.64);
insert into SHOT values (1003, 969, 1009, 43, 7.420, 52.60, 2.10, 7.417, 52.62, 2.09, 0.004, 189.17, -26.83);
insert into SHOT values (1004, 969, 1010, 43, 7.200, 50.30, 2.90, 7.196, 50.31, 2.87, 0.006, 218.57, -45.87);
insert into SHOT values (1005, 969, 1011, 43, 7.200, 47.70, 3.50, 7.199, 47.76, 3.50, 0.008, 145.40, 3.19);
insert into SHOT values (1006, 969, 1012, 43, 7.560, 44.80, 3.50, 7.559, 44.84, 3.49, 0.005, 146.29, -16.28);
insert into SHOT values (1007, 969, 1013, 43, 8.210, 42.90, 3.30, 8.207, 42.92, 3.28, 0.005, 172.56, -31.52);
insert into SHOT values (1008, 969, 1014, 43, 8.300, 40.70, 3.00, 8.300, 40.74, 2.97, 0.008, 127.89, -34.71);
insert into SHOT values (1009, 969, 1015, 43, 8.680, 38.00, 2.30, 8.677, 38.02, 2.31, 0.005, 175.30, 20.46);
insert into SHOT values (1010, 969, 1016, 43, 8.330, 38.60, 2.90, 8.328, 38.61, 2.89, 0.002, 188.61, -39.46);
insert into SHOT values (1011, 969, 1017, 43, 10.380, 30.90, 1.30, 10.377, 30.92, 1.27, 0.007, 169.57, -50.71);
insert into SHOT values (1012, 969, 1018, 43, 9.810, 28.80, 1.20, 9.808, 28.84, 1.17, 0.009, 132.94, -38.38);
insert into SHOT values (1013, 969, 1019, 43, 9.700, 26.90, 0.90, 9.701, 26.91, 0.89, 0.003, 71.84, -49.37);
insert into SHOT values (1014, 969, 1020, 43, 10.120, 23.50, 0.70, 10.122, 23.53, 0.68, 0.006, 89.48, -36.24);
insert into SHOT values (1015, 969, 1021, 43, 9.960, 21.60, 1.20, 9.963, 21.62, 1.21, 0.005, 71.21, 17.35);
insert into SHOT values (1016, 921, 1022, 43, 11.550, 343.40, -2.10, 11.528, 342.89, -2.09, 0.106, 241.04, 1.75);
insert into SHOT values (1017, 1022, 1023, 43, 5.020, 165.70, 2.00, 5.019, 165.69, 2.06, 0.005, 28.74, 70.45);
insert into SHOT values (1018, 1022, 1024, 43, 4.980, 169.80, 4.10, 4.982, 169.80, 4.14, 0.004, 163.30, 71.69);
insert into SHOT values (1019, 1022, 1025, 43, 4.940, 172.70, 4.90, 4.938, 172.64, 4.88, 0.005, 65.95, -21.28);
insert into SHOT values (1020, 1022, 1026, 43, 5.020, 176.80, 3.50, 5.017, 176.79, 3.54, 0.005, 6.04, 51.24);
insert into SHOT values (1021, 1022, 1027, 43, 5.210, 180.00, 3.30, 5.209, 180.00, 3.30, 0.001, 0.00, 3.84);
insert into SHOT values (1022, 1022, 1028, 43, 5.190, 184.30, 3.20, 5.192, 184.20, 3.20, 0.009, 107.43, 1.83);
insert into SHOT values (1023, 1022, 1029, 43, 4.030, 188.20, 2.10, 4.033, 188.13, 2.13, 0.006, 131.36, 21.60);
insert into SHOT values (1024, 1022, 1030, 43, 3.820, 195.30, 3.80, 3.822, 195.20, 3.75, 0.007, 121.14, -25.12);
insert into SHOT values (1025, 1022, 1031, 43, 4.200, 204.90, 2.40, 4.201, 204.79, 2.46, 0.009, 118.92, 27.95);
insert into SHOT values (1026, 1022, 1032, 43, 4.420, 206.40, 0.70, 4.419, 206.33, 0.65, 0.007, 103.66, -37.09);
insert into SHOT values (1027, 1022, 1033, 43, 4.740, 212.10, -0.80, 4.731, 212.04, -0.85, 0.011, 59.95, -21.06);
insert into SHOT values (1028, 1022, 1034, 43, 5.110, 218.60, 0.10, 5.102, 218.55, 0.11, 0.009, 66.04, 7.02);
insert into SHOT values (1029, 1022, 1035, 43, 6.020, 224.40, -1.40, 6.020, 224.39, -1.43, 0.003, 102.47, -75.89);
insert into SHOT values (1030, 1022, 1036, 43, 6.370, 227.80, -1.50, 6.366, 227.74, -1.53, 0.008, 109.63, -22.75);
insert into SHOT values (1031, 1022, 1037, 43, 0.820, 86.00, 9.30, 0.823, 85.76, 9.09, 0.005, 37.75, -29.25);
insert into SHOT values (1032, 1022, 1038, 43, 0.860, 101.50, 8.50, 0.867, 101.44, 8.63, 0.007, 93.75, 23.81);
insert into SHOT values (1033, 1022, 1039, 43, 2.900, 118.10, 12.90, 2.905, 118.01, 12.93, 0.007, 77.14, 21.42);
insert into SHOT values (1034, 1022, 1040, 43, 1.130, 120.40, 8.80, 1.138, 120.44, 8.59, 0.009, 125.72, -18.86);
insert into SHOT values (1035, 1022, 1041, 43, 1.180, 129.60, -0.40, 1.179, 129.49, -0.49, 0.003, 20.87, -37.55);
insert into SHOT values (1036, 1022, 1042, 43, 6.610, 128.10, 4.50, 6.616, 128.10, 4.51, 0.006, 132.07, 13.17);
insert into SHOT values (1037, 1022, 1043, 43, 7.320, 130.30, 2.50, 7.322, 130.29, 2.50, 0.003, 90.11, 15.30);
insert into SHOT values (1038, 1022, 1044, 43, 7.340, 131.90, 3.40, 7.343, 131.85, 3.44, 0.009, 62.88, 33.25);
insert into SHOT values (1039, 1022, 1045, 43, 7.480, 135.30, 3.40, 7.487, 135.27, 3.37, 0.009, 108.14, -23.57);
insert into SHOT values (1040, 1022, 1046, 43, 7.710, 137.20, 4.30, 7.714, 137.16, 4.31, 0.007, 79.73, 16.76);
insert into SHOT values (1041, 1022, 1047, 43, 8.010, 139.20, 4.50, 8.008, 139.17, 4.51, 0.006, 24.80, 16.14);
insert into SHOT values (1042, 1022, 1048, 43, 3.620, 184.10, 7.00, 3.657, 184.27, 6.91, 0.038, 199.92, -1.74);
insert into SURVEY values (45, 18, 'byaki_07', 'byaki_07.byaki', 'byaki 07');
 insert into CENTRELINE values (46, 45, NULL, NULL, NULL, 0.00, 0.00, 0.00);
 insert into CENTRELINE values (47, 45, NULL, '2025-01-06', NULL, 22.09, 0.00, 0.00);
 insert into TOPO values (1, 47);
 insert into TOPO values (2, 47);
 insert into SHOT values (1043, 1049, 1050, 47, 4.360, 307.00, -8.40, 4.354, 306.79, -8.32, 0.018, 198.59, 22.59);
insert into SHOT values (1044, 1050, 1051, 47, 4.170, 308.90, 1.40, 4.176, 308.87, 1.37, 0.006, 290.91, -17.16);
insert into SHOT values (1045, 1050, 1052, 47, 6.370, 305.00, 1.40, 6.371, 304.96, 1.35, 0.007, 233.94, -51.99);
insert into SHOT values (1046, 1050, 1053, 47, 7.020, 298.80, 1.80, 7.021, 298.79, 1.80, 0.001, 259.93, -19.99);
insert into SHOT values (1047, 1050, 1054, 47, 5.090, 294.00, 2.30, 5.094, 294.00, 2.25, 0.006, 289.94, -46.58);
insert into SHOT values (1048, 1050, 1055, 47, 5.120, 287.70, 1.90, 5.123, 287.62, 1.90, 0.008, 221.11, 1.83);
insert into SHOT values (1049, 1050, 1056, 47, 4.840, 280.10, 3.20, 4.843, 280.12, 3.20, 0.004, 316.31, -2.86);
insert into SHOT values (1050, 1050, 1057, 47, 5.130, 273.50, 3.40, 5.138, 273.46, 3.35, 0.010, 252.97, -25.30);
insert into SHOT values (1051, 1050, 1058, 47, 4.800, 271.30, 2.40, 4.805, 271.31, 2.39, 0.006, 282.39, -10.20);
insert into SHOT values (1052, 1050, 1059, 47, 12.000, 267.70, 4.30, 12.003, 267.70, 4.30, 0.003, 273.78, 4.26);
insert into SHOT values (1053, 1050, 1060, 47, 12.110, 262.70, 3.60, 12.112, 262.68, 3.60, 0.005, 203.48, -4.81);
insert into SHOT values (1054, 1050, 1061, 47, 10.120, 259.30, 3.20, 10.122, 259.28, 3.17, 0.006, 200.17, -49.18);
insert into SHOT values (1055, 1050, 1062, 47, 9.680, 254.40, 2.90, 9.688, 254.41, 2.90, 0.009, 268.72, 1.75);
insert into SHOT values (1056, 1050, 1063, 47, 9.550, 247.90, 3.20, 9.556, 247.90, 3.18, 0.007, 243.97, -27.05);
insert into SHOT values (1057, 1050, 1064, 47, 8.800, 242.00, 3.00, 8.803, 241.98, 3.00, 0.004, 189.34, -7.26);
insert into SHOT values (1058, 1050, 1065, 47, 9.900, 236.20, 2.70, 9.901, 236.21, 2.66, 0.007, 296.94, -67.15);
insert into SHOT values (1059, 1050, 1066, 47, 10.690, 232.60, 1.60, 10.691, 232.60, 1.61, 0.002, 287.25, 54.90);
insert into SHOT values (1060, 1050, 1067, 47, 10.900, 230.90, 1.70, 10.903, 230.92, 1.68, 0.006, 285.55, -33.92);
insert into SHOT values (1061, 1050, 1068, 47, 4.240, 211.50, -0.60, 4.247, 211.52, -0.67, 0.009, 223.37, -39.13);
insert into SHOT values (1062, 1050, 1069, 47, 3.990, 208.70, 1.00, 3.993, 208.75, 1.00, 0.004, 260.27, 4.89);
insert into SHOT values (1063, 1050, 1070, 47, 3.700, 205.90, 0.50, 3.703, 205.94, 0.46, 0.005, 245.65, -28.16);
insert into SHOT values (1064, 1050, 1071, 47, 3.530, 202.90, 1.20, 3.532, 203.01, 1.14, 0.008, 279.09, -30.08);
insert into SHOT values (1065, 1050, 1072, 47, 3.460, 198.20, 1.00, 3.463, 198.17, 0.99, 0.004, 171.86, -6.05);
insert into SHOT values (1066, 1050, 1073, 47, 3.460, 195.70, 2.00, 3.462, 195.76, 1.99, 0.004, 255.43, -9.63);
insert into SHOT values (1067, 1050, 1074, 47, 3.540, 184.40, 1.80, 3.543, 184.54, 1.78, 0.009, 255.73, -7.71);
insert into SHOT values (1068, 1050, 1075, 47, 2.860, 161.50, 3.20, 2.860, 161.63, 3.21, 0.006, 251.58, 3.13);
insert into SHOT values (1069, 1050, 1076, 47, 2.050, 172.00, 7.70, 2.047, 172.07, 7.58, 0.006, 302.56, -55.24);
insert into SHOT values (1070, 1050, 1077, 47, 3.070, 168.20, 8.80, 3.070, 168.21, 8.81, 0.001, 238.56, 34.59);
insert into SHOT values (1071, 1050, 1078, 47, 3.130, 151.40, 9.10, 3.126, 151.36, 9.02, 0.006, 8.97, -54.87);
insert into SHOT values (1072, 1050, 1079, 47, 3.620, 140.20, 3.80, 3.622, 140.28, 3.80, 0.005, 203.11, 0.95);
insert into SHOT values (1073, 1050, 1080, 47, 3.640, 134.70, 9.80, 3.638, 134.66, 9.81, 0.003, 8.43, 8.22);
insert into SHOT values (1074, 1050, 1081, 47, 3.950, 132.20, 8.20, 3.947, 132.30, 8.16, 0.008, 238.54, -24.75);
insert into SHOT values (1075, 1050, 1082, 47, 4.150, 127.40, 7.30, 4.150, 127.40, 7.34, 0.003, 331.25, 85.65);
insert into SHOT values (1076, 1050, 1083, 47, 4.410, 124.50, 9.00, 4.412, 124.53, 9.00, 0.003, 173.14, 2.43);
insert into SHOT values (1077, 1050, 1084, 47, 4.220, 211.60, 0.40, 4.266, 211.68, 0.40, 0.046, 218.85, 0.67);
insert into SHOT values (1078, 1084, 1085, 47, 7.450, 50.90, 0.90, 7.451, 50.88, 0.92, 0.004, 337.85, 53.47);
insert into SHOT values (1079, 1084, 1086, 47, 7.220, 48.70, 0.10, 7.228, 48.70, 0.08, 0.008, 50.81, -18.92);
insert into SHOT values (1080, 1084, 1087, 47, 6.850, 46.70, 0.10, 6.855, 46.71, 0.08, 0.006, 65.70, -20.51);
insert into SHOT values (1081, 1084, 1088, 47, 6.750, 44.60, -0.10, 6.753, 44.58, -0.08, 0.004, 7.05, 24.76);
insert into SHOT values (1082, 1084, 1089, 47, 5.400, 40.90, -0.40, 5.402, 40.95, -0.42, 0.005, 108.60, -25.93);
insert into SHOT values (1083, 1084, 1090, 47, 4.730, 37.90, -0.40, 4.739, 37.89, -0.36, 0.009, 30.24, 18.67);
insert into SHOT values (1084, 1084, 1091, 47, 4.480, 33.30, -0.70, 4.485, 33.26, -0.77, 0.008, 5.47, -41.81);
insert into SHOT values (1085, 1084, 1092, 47, 4.340, 30.30, -1.00, 4.343, 30.28, -1.06, 0.006, 11.26, -50.56);
insert into SHOT values (1086, 1084, 1093, 47, 4.550, 26.30, -0.60, 4.553, 26.34, -0.63, 0.005, 73.69, -28.64);
insert into SHOT values (1087, 1084, 1094, 47, 4.610, 22.30, 0.20, 4.615, 22.29, 0.25, 0.006, 8.49, 38.79);
insert into SHOT values (1088, 1084, 1095, 47, 4.670, 18.60, -0.20, 4.674, 18.59, -0.25, 0.005, 6.78, -42.93);
insert into SHOT values (1089, 1084, 1096, 47, 4.650, 17.10, 0.40, 4.656, 17.11, 0.37, 0.007, 25.84, -21.35);
insert into SHOT values (1090, 1084, 1097, 47, 4.490, 16.60, 2.40, 4.493, 16.70, 2.42, 0.009, 83.83, 13.20);
insert into SHOT values (1091, 1084, 1098, 47, 6.680, 3.80, 1.40, 6.687, 3.86, 1.37, 0.010, 48.03, -17.81);
insert into SHOT values (1092, 1084, 1099, 47, 6.540, 2.20, 1.70, 6.548, 2.28, 1.66, 0.013, 49.63, -18.68);
insert into SHOT values (1093, 1084, 1100, 47, 6.790, 2.90, -1.30, 6.791, 2.96, -1.27, 0.008, 86.16, 31.60);
insert into SHOT values (1094, 1084, 1101, 47, 6.450, 0.60, 0.30, 6.450, 0.62, 0.27, 0.005, 79.80, -56.49);
insert into SHOT values (1095, 1084, 1102, 47, 6.320, 358.00, -0.40, 6.324, 358.01, -0.36, 0.006, 7.95, 45.55);
insert into SHOT values (1096, 1084, 1103, 47, 6.130, 355.70, 0.30, 6.137, 355.70, 0.28, 0.008, 356.98, -15.92);
insert into SHOT values (1097, 1084, 1104, 47, 6.140, 348.80, 1.40, 6.138, 348.82, 1.40, 0.003, 119.46, -0.30);
insert into SHOT values (1098, 1084, 1105, 47, 6.230, 351.80, 1.70, 6.235, 351.88, 1.65, 0.011, 51.95, -24.88);
insert into SHOT values (1099, 1084, 1106, 47, 6.290, 345.50, 1.50, 6.291, 345.54, 1.46, 0.007, 60.73, -43.01);
insert into SHOT values (1100, 1084, 1107, 47, 6.550, 343.40, 1.50, 6.555, 343.42, 1.49, 0.005, 6.85, -15.74);
insert into SHOT values (1101, 1084, 1108, 47, 7.780, 316.90, 2.40, 7.782, 316.93, 2.36, 0.007, 15.61, -52.25);
insert into SHOT values (1102, 1084, 1109, 47, 8.440, 313.60, 2.10, 8.437, 313.65, 2.11, 0.009, 66.00, 4.80);
insert into SHOT values (1103, 1084, 1110, 47, 9.140, 310.50, 1.80, 9.140, 310.56, 1.82, 0.010, 43.77, 16.74);
insert into SHOT values (1104, 1084, 1111, 47, 9.840, 309.00, 1.80, 9.838, 309.01, 1.81, 0.004, 80.77, 15.17);
insert into SHOT values (1105, 1084, 1112, 47, 9.990, 307.60, 2.80, 9.987, 307.63, 2.81, 0.006, 70.77, 18.79);
insert into SHOT values (1106, 1084, 1113, 47, 16.120, 305.70, -0.70, 16.123, 305.71, -0.71, 0.005, 357.29, -37.28);
insert into SHOT values (1107, 1084, 1114, 47, 5.430, 263.60, 2.60, 5.452, 263.36, 2.63, 0.032, 217.42, 6.58);
insert into SHOT values (1108, 1114, 1115, 47, 7.330, 166.90, -1.00, 7.332, 166.91, -1.02, 0.003, 210.85, -44.00);
insert into SHOT values (1109, 1114, 1116, 47, 7.360, 165.40, -3.10, 7.358, 165.42, -3.12, 0.004, 307.31, -32.05);
insert into SHOT values (1110, 1114, 1117, 47, 7.500, 168.20, 0.50, 7.500, 168.15, 0.46, 0.008, 79.05, -40.17);
insert into SHOT values (1111, 1114, 1118, 47, 7.180, 162.50, -0.70, 7.183, 162.50, -0.72, 0.004, 158.83, -37.00);
insert into SHOT values (1112, 1114, 1119, 47, 7.000, 156.70, 0.40, 7.001, 156.69, 0.41, 0.002, 129.57, 34.92);
insert into SHOT values (1113, 1114, 1120, 47, 7.120, 152.30, 0.40, 7.117, 152.28, 0.40, 0.004, 6.01, 4.34);
insert into SHOT values (1114, 1114, 1121, 47, 7.540, 147.30, -2.40, 7.541, 147.30, -2.43, 0.004, 164.34, -82.02);
insert into SHOT values (1115, 1114, 1122, 47, 6.380, 137.80, 0.80, 6.386, 137.79, 0.81, 0.006, 130.45, 8.24);
insert into SHOT values (1116, 1114, 1123, 47, 6.420, 134.00, -7.80, 6.424, 133.98, -7.78, 0.005, 108.81, 15.02);
insert into SHOT values (1117, 1114, 1124, 47, 6.410, 126.00, -9.50, 6.417, 126.00, -9.51, 0.007, 126.71, -17.12);
insert into SHOT values (1118, 1114, 1125, 47, 5.630, 121.30, -10.40, 5.631, 121.34, -10.44, 0.005, 206.46, -46.18);
insert into SHOT values (1119, 1114, 1126, 47, 5.440, 113.10, -11.50, 5.446, 113.06, -11.54, 0.009, 77.51, -38.71);
insert into SHOT values (1120, 1114, 1127, 47, 5.360, 106.80, -10.80, 5.360, 106.78, -10.86, 0.006, 348.99, -72.26);
insert into SHOT values (1121, 1114, 1128, 47, 5.290, 101.30, -11.60, 5.291, 101.35, -11.67, 0.008, 197.99, -52.38);
insert into SHOT values (1122, 1114, 1129, 47, 4.810, 94.30, -9.60, 4.811, 94.35, -9.57, 0.005, 170.85, 25.82);
insert into SHOT values (1123, 1114, 1130, 47, 5.210, 88.40, -8.60, 5.211, 88.44, -8.61, 0.004, 171.29, -13.35);
insert into SHOT values (1124, 1114, 1131, 47, 5.390, 84.80, -8.00, 5.394, 84.84, -7.99, 0.006, 130.34, 1.41);
insert into SHOT values (1125, 1114, 1132, 47, 5.550, 82.80, -7.50, 5.552, 82.80, -7.56, 0.006, 68.00, -80.45);
insert into SHOT values (1126, 1114, 1133, 47, 8.770, 60.00, -2.00, 8.769, 60.01, -2.03, 0.005, 190.13, -58.96);
insert into SHOT values (1127, 1114, 1134, 47, 8.810, 59.40, -3.30, 8.811, 59.38, -3.32, 0.004, 348.56, -45.23);
insert into SHOT values (1128, 1114, 1135, 47, 8.420, 52.60, -2.00, 8.424, 52.63, -2.04, 0.008, 100.97, -49.77);
insert into SHOT values (1129, 1114, 1136, 47, 10.870, 51.30, -1.80, 10.869, 51.32, -1.79, 0.003, 163.35, 24.38);
insert into SHOT values (1130, 1114, 1137, 47, 11.090, 49.70, -1.40, 11.093, 49.72, -1.39, 0.005, 99.49, 11.71);
insert into SHOT values (1131, 1114, 1138, 47, 11.740, 48.10, -1.40, 11.745, 48.11, -1.41, 0.006, 65.66, -33.30);
insert into SHOT values (1132, 1114, 1139, 47, 11.770, 46.20, -0.80, 11.777, 46.20, -0.83, 0.009, 53.22, -38.47);
insert into SHOT values (1133, 1114, 1140, 47, 11.240, 45.10, -1.70, 11.241, 45.11, -1.73, 0.007, 105.95, -74.35);
insert into SHOT values (1134, 1114, 1141, 47, 6.130, 8.10, 0.50, 6.132, 8.16, 0.47, 0.007, 77.61, -28.41);
insert into SHOT values (1135, 1114, 1142, 47, 6.270, 2.10, 0.40, 6.274, 2.10, 0.37, 0.006, 3.27, -40.80);
insert into SHOT values (1136, 1114, 1143, 47, 6.150, 356.10, 1.10, 6.146, 356.08, 1.12, 0.005, 201.07, 21.32);
insert into SHOT values (1137, 1114, 1144, 47, 6.210, 354.20, 2.10, 6.206, 354.17, 2.03, 0.009, 215.18, -56.68);
insert into SHOT values (1138, 1114, 1145, 47, 6.560, 347.30, 2.10, 6.564, 347.32, 2.10, 0.005, 14.31, -4.43);
insert into SHOT values (1139, 1114, 1146, 47, 6.860, 343.80, 0.60, 6.862, 343.84, 0.58, 0.005, 53.96, -21.48);
insert into SHOT values (1140, 1114, 1147, 47, 7.190, 339.60, -0.10, 7.189, 339.65, -0.16, 0.010, 81.30, -49.78);
insert into SHOT values (1141, 1114, 1148, 47, 7.190, 343.40, -5.10, 7.185, 343.44, -5.11, 0.007, 117.16, -7.22);
insert into SHOT values (1142, 1114, 1149, 47, 7.180, 342.60, -3.50, 7.180, 342.63, -3.51, 0.004, 66.77, -26.30);
insert into SHOT values (1143, 1114, 1150, 47, 8.080, 173.80, 1.50, 8.105, 174.12, 1.48, 0.052, 234.67, -1.67);
insert into SURVEY values (49, 18, 'byaki_08', 'byaki_08.byaki', 'byaki 08');
 insert into CENTRELINE values (50, 49, NULL, NULL, NULL, 0.00, 0.00, 0.00);
 insert into CENTRELINE values (51, 49, NULL, '2025-01-07', NULL, 224.24, 0.00, 0.00);
 insert into TOPO values (2, 51);
 insert into PERSON values (3, NULL, '_____');
insert into TOPO values (3, 51);
 insert into SHOT values (1144, 1151, 1152, 51, 5.150, 40.80, -0.40, 5.154, 40.83, -0.33, 0.008, 72.45, 48.82);
insert into SHOT values (1145, 1151, 1153, 51, 5.250, 36.00, -0.70, 5.247, 36.08, -0.66, 0.009, 148.18, 26.60);
insert into SHOT values (1146, 1151, 1154, 51, 5.130, 31.00, -1.00, 5.129, 31.12, -1.01, 0.011, 128.63, -2.54);
insert into SHOT values (1147, 1151, 1155, 51, 5.360, 25.90, -1.70, 5.365, 25.99, -1.71, 0.010, 87.12, -5.77);
insert into SHOT values (1148, 1151, 1156, 51, 5.410, 17.80, 0.10, 5.411, 17.87, 0.11, 0.006, 99.29, 5.08);
insert into SHOT values (1149, 1151, 1157, 51, 15.820, 17.20, -1.30, 15.822, 17.21, -1.30, 0.004, 65.93, -17.73);
insert into SHOT values (1150, 1151, 1158, 51, 15.210, 14.50, -1.20, 15.208, 14.51, -1.21, 0.004, 131.94, -23.11);
insert into SHOT values (1151, 1151, 1159, 51, 15.010, 10.50, -1.00, 15.005, 10.52, -0.99, 0.008, 141.70, 13.50);
insert into SHOT values (1152, 1151, 1160, 51, 12.700, 6.30, -0.80, 12.699, 6.33, -0.81, 0.007, 107.67, -21.42);
insert into SHOT values (1153, 1151, 1161, 51, 13.530, 1.80, -0.60, 13.528, 1.82, -0.59, 0.006, 117.15, 16.56);
insert into SHOT values (1154, 1151, 1162, 51, 14.410, 357.00, -0.60, 14.410, 357.02, -0.60, 0.004, 82.57, 12.20);
insert into SHOT values (1155, 1151, 1163, 51, 14.280, 354.20, -0.30, 14.273, 354.21, -0.28, 0.009, 155.43, 32.91);
insert into SHOT values (1156, 1151, 1164, 51, 7.560, 352.20, -0.80, 7.560, 352.25, -0.76, 0.008, 83.47, 43.04);
insert into SHOT values (1157, 1151, 1165, 51, 6.890, 348.10, -0.30, 6.888, 348.10, -0.25, 0.006, 158.37, 72.01);
insert into SHOT values (1158, 1151, 1166, 51, 6.220, 343.20, 0.40, 6.214, 343.26, 0.46, 0.011, 119.54, 36.50);
insert into SHOT values (1159, 1151, 1167, 51, 5.490, 337.60, 0.60, 5.484, 337.60, 0.63, 0.006, 160.30, 23.33);
insert into SHOT values (1160, 1151, 1168, 51, 5.150, 329.80, 0.40, 5.149, 329.80, 0.45, 0.004, 151.63, 75.71);
insert into SHOT values (1161, 1151, 1169, 51, 5.380, 324.00, 1.10, 5.378, 324.00, 1.07, 0.004, 135.12, -53.69);
insert into SHOT values (1162, 1151, 1170, 51, 5.600, 318.90, 0.70, 5.600, 318.91, 0.72, 0.002, 70.68, 55.53);
insert into SHOT values (1163, 1151, 1171, 51, 5.350, 310.90, -0.90, 5.346, 310.90, -0.86, 0.006, 126.24, 44.45);
insert into SHOT values (1164, 1151, 1172, 51, 6.050, 300.80, -1.50, 6.042, 300.77, -1.52, 0.009, 144.07, -10.98);
insert into SHOT values (1165, 1151, 1173, 51, 7.740, 295.70, -1.30, 7.735, 295.67, -1.26, 0.008, 155.81, 42.08);
insert into SHOT values (1166, 1151, 1174, 51, 7.510, 295.50, -2.00, 7.506, 295.51, -1.99, 0.005, 105.25, 25.25);
insert into SHOT values (1167, 1151, 1175, 51, 7.990, 271.30, -0.70, 7.983, 271.29, -0.72, 0.008, 99.72, -17.75);
insert into SHOT values (1168, 1151, 1176, 51, 7.640, 267.60, -0.70, 7.637, 267.60, -0.68, 0.004, 91.97, 50.72);
insert into SHOT values (1169, 1151, 1177, 51, 8.200, 262.90, -0.50, 8.194, 262.85, -0.49, 0.010, 133.69, 9.39);
insert into SHOT values (1170, 1151, 1178, 51, 8.270, 259.90, -1.40, 8.261, 259.89, -1.39, 0.010, 90.91, 12.31);
insert into SHOT values (1171, 1151, 1179, 51, 5.970, 258.50, -0.70, 5.960, 258.48, -0.67, 0.010, 89.19, 16.81);
insert into SHOT values (1172, 1151, 1180, 51, 5.760, 254.90, -1.10, 5.760, 254.90, -1.09, 0.001, 23.02, 66.64);
insert into SHOT values (1173, 1151, 1181, 51, 5.690, 249.30, -2.40, 5.683, 249.27, -2.42, 0.008, 93.52, -12.15);
insert into SHOT values (1174, 1151, 1182, 51, 5.540, 244.30, -2.70, 5.534, 244.27, -2.69, 0.007, 91.74, 8.58);
insert into SHOT values (1175, 1151, 1183, 51, 5.700, 241.60, -3.10, 5.696, 241.54, -3.12, 0.007, 113.60, -13.54);
insert into SHOT values (1176, 1151, 1184, 51, 6.570, 239.30, -5.10, 6.563, 239.28, -5.07, 0.008, 81.81, 30.19);
insert into SHOT values (1177, 1151, 1185, 51, 8.740, 237.00, -6.30, 8.735, 236.99, -6.31, 0.006, 76.25, -8.91);
insert into SHOT values (1178, 1151, 1186, 51, 8.430, 234.90, -7.50, 8.426, 234.85, -7.50, 0.009, 117.57, 2.13);
insert into SHOT values (1179, 1151, 1187, 51, 8.020, 232.80, -8.40, 8.014, 232.74, -8.39, 0.010, 108.00, 8.89);
insert into SHOT values (1180, 1151, 1188, 51, 8.020, 230.90, -7.00, 8.014, 230.87, -7.02, 0.008, 87.57, -19.16);
insert into SHOT values (1181, 1151, 1189, 51, 9.020, 228.50, -5.00, 9.023, 228.47, -4.96, 0.009, 181.23, 46.11);
insert into SHOT values (1182, 1151, 1190, 51, 8.010, 225.00, -5.20, 8.009, 225.00, -5.16, 0.006, 45.00, 81.71);
insert into SHOT values (1183, 1151, 1191, 51, 6.140, 221.60, -5.60, 6.136, 221.55, -5.61, 0.007, 93.51, -6.79);
insert into SHOT values (1184, 1151, 1192, 51, 5.360, 218.30, -6.20, 5.357, 218.29, -6.22, 0.003, 55.18, -19.64);
insert into SHOT values (1185, 1151, 1193, 51, 4.840, 213.20, -6.30, 4.841, 213.13, -6.28, 0.006, 137.08, 10.24);
insert into SHOT values (1186, 1151, 1194, 51, 4.560, 209.00, -5.70, 4.556, 208.88, -5.67, 0.010, 98.44, 16.30);
insert into SHOT values (1187, 1151, 1195, 51, 3.800, 205.00, -5.90, 3.801, 204.87, -5.89, 0.009, 119.87, 4.08);
insert into SHOT values (1188, 1151, 1196, 51, 3.540, 200.00, -6.30, 3.542, 199.93, -6.32, 0.005, 136.12, -17.25);
insert into SHOT values (1189, 1151, 1197, 51, 9.960, 287.50, -7.40, 9.963, 287.00, -7.32, 0.087, 200.60, 8.51);
insert into SHOT values (1190, 1197, 1198, 51, 10.090, 96.70, 6.60, 10.085, 96.71, 6.60, 0.005, 262.77, 3.45);
insert into SHOT values (1191, 1197, 1199, 51, 10.720, 98.80, 6.20, 10.719, 98.85, 6.16, 0.012, 190.89, -38.46);
insert into SHOT values (1192, 1197, 1200, 51, 10.370, 103.00, 5.90, 10.371, 103.05, 5.87, 0.011, 184.13, -31.72);
insert into SHOT values (1193, 1197, 1201, 51, 10.010, 106.10, 5.70, 10.012, 106.14, 5.67, 0.009, 178.88, -28.23);
insert into SHOT values (1194, 1197, 1202, 51, 10.250, 107.70, 5.70, 10.246, 107.76, 5.66, 0.014, 215.62, -35.73);
insert into SHOT values (1195, 1197, 1203, 51, 10.310, 111.70, 5.00, 10.307, 111.72, 4.95, 0.009, 230.23, -66.22);
insert into SHOT values (1196, 1197, 1204, 51, 10.040, 114.10, 6.30, 10.042, 114.13, 6.29, 0.005, 174.51, -18.61);
insert into SHOT values (1197, 1197, 1205, 51, 10.180, 115.10, 0.90, 10.174, 115.13, 0.90, 0.008, 253.88, 0.73);
insert into SHOT values (1198, 1197, 1206, 51, 9.290, 124.90, 6.00, 9.286, 124.95, 6.00, 0.008, 242.55, -7.24);
insert into SHOT values (1199, 1197, 1207, 51, 10.220, 126.50, 4.00, 10.219, 126.54, 3.98, 0.008, 223.38, -20.30);
insert into SHOT values (1200, 1197, 1208, 51, 10.270, 128.10, 4.00, 10.273, 128.14, 3.96, 0.011, 194.14, -36.20);
insert into SHOT values (1201, 1197, 1209, 51, 9.880, 129.70, 3.40, 9.881, 129.69, 3.37, 0.006, 92.76, -73.92);
insert into SHOT values (1202, 1197, 1210, 51, 9.900, 132.90, 3.50, 9.903, 132.91, 3.47, 0.006, 158.50, -49.89);
insert into SHOT values (1203, 1197, 1211, 51, 9.800, 135.40, 4.00, 9.803, 135.46, 3.98, 0.011, 205.38, -19.65);
insert into SHOT values (1204, 1197, 1212, 51, 9.510, 137.80, 4.10, 9.511, 137.82, 4.10, 0.003, 209.93, 0.99);
insert into SHOT values (1205, 1197, 1213, 51, 6.610, 139.30, 5.80, 6.614, 139.31, 5.73, 0.009, 158.86, -59.50);
insert into SHOT values (1206, 1197, 1214, 51, 5.430, 140.40, 10.90, 5.431, 140.40, 10.83, 0.007, 142.32, -73.46);
insert into SHOT values (1207, 1197, 1215, 51, 5.330, 143.60, 10.70, 5.329, 143.70, 10.71, 0.009, 240.37, 2.49);
insert into SHOT values (1208, 1197, 1216, 51, 5.260, 147.10, 11.10, 5.263, 147.17, 11.06, 0.008, 210.40, -20.29);
insert into SHOT values (1209, 1197, 1217, 51, 5.140, 150.20, 9.90, 5.141, 150.30, 9.86, 0.010, 226.40, -22.78);
insert into SHOT values (1210, 1197, 1218, 51, 3.300, 152.20, 14.00, 3.303, 152.32, 13.84, 0.012, 203.86, -45.14);
insert into SHOT values (1211, 1197, 1219, 51, 3.000, 157.20, 21.40, 3.002, 157.29, 21.29, 0.007, 205.24, -39.49);
insert into SHOT values (1212, 1197, 1220, 51, 3.100, 161.90, 19.60, 3.102, 162.06, 19.59, 0.008, 240.45, 0.68);
insert into SHOT values (1213, 1197, 1221, 51, 3.320, 168.00, 17.70, 3.325, 168.16, 17.69, 0.010, 230.40, 3.54);
insert into SHOT values (1214, 1197, 1222, 51, 3.610, 173.20, 16.80, 3.617, 173.20, 16.71, 0.009, 174.52, -22.00);
insert into SHOT values (1215, 1197, 1223, 51, 4.020, 180.30, 14.60, 4.029, 180.29, 14.52, 0.010, 177.86, -18.59);
insert into SHOT values (1216, 1197, 1224, 51, 4.370, 187.10, 13.20, 4.377, 187.14, 13.07, 0.012, 207.08, -41.00);
insert into SHOT values (1217, 1197, 1225, 51, 4.400, 193.40, 12.10, 4.405, 193.42, 12.06, 0.006, 211.28, -22.13);
insert into SHOT values (1218, 1197, 1226, 51, 4.510, 200.10, 12.40, 4.513, 200.16, 12.28, 0.011, 240.86, -49.76);
insert into SHOT values (1219, 1197, 1227, 51, 4.820, 206.00, 11.50, 4.824, 205.97, 11.48, 0.005, 173.67, -11.21);
insert into SHOT values (1220, 1197, 1228, 51, 5.080, 210.30, 12.30, 5.086, 210.33, 12.26, 0.008, 231.55, -16.42);
insert into SHOT values (1221, 1197, 1229, 51, 5.770, 215.70, 10.90, 5.779, 215.68, 10.87, 0.010, 202.84, -6.45);
insert into SHOT values (1222, 1197, 1230, 51, 5.980, 226.60, 8.20, 5.981, 226.57, 8.17, 0.004, 171.27, -41.85);
insert into SHOT values (1223, 1197, 1231, 51, 3.310, 225.50, 22.20, 3.314, 225.53, 22.16, 0.005, 244.59, -8.09);
insert into SHOT values (1224, 1197, 1232, 51, 3.170, 232.90, 16.30, 3.175, 232.87, 16.28, 0.006, 215.01, 2.86);
insert into SHOT values (1225, 1197, 1233, 51, 2.810, 237.30, 20.70, 2.815, 237.40, 20.59, 0.009, 270.53, -22.18);
insert into SHOT values (1226, 1197, 1234, 51, 2.450, 243.80, 21.90, 2.451, 243.66, 21.79, 0.007, 183.18, -30.91);
insert into SHOT values (1227, 1197, 1235, 51, 2.550, 251.30, 20.20, 2.553, 251.26, 20.16, 0.004, 229.40, -6.96);
insert into SHOT values (1228, 1197, 1236, 51, 3.190, 259.30, 18.00, 3.188, 259.17, 17.90, 0.009, 170.53, -40.27);
insert into SHOT values (1229, 1197, 1237, 51, 3.670, 265.40, 12.40, 3.675, 265.37, 12.25, 0.011, 250.49, -46.77);
insert into SHOT values (1230, 1197, 1238, 51, 3.840, 267.90, 12.90, 3.838, 267.86, 12.80, 0.008, 168.67, -68.31);
insert into SHOT values (1231, 1197, 1239, 51, 11.560, 268.20, 4.20, 11.566, 268.16, 4.16, 0.012, 220.56, -32.64);
insert into SHOT values (1232, 1197, 1240, 51, 11.690, 269.30, 3.50, 11.693, 269.26, 3.48, 0.009, 199.75, -24.80);
insert into SHOT values (1233, 1197, 1241, 51, 11.530, 272.20, 3.50, 11.530, 272.19, 3.48, 0.004, 179.63, -65.34);
insert into SHOT values (1234, 1197, 1242, 51, 11.550, 273.70, 3.10, 11.550, 273.68, 3.08, 0.006, 192.46, -46.60);
insert into SHOT values (1235, 1197, 1243, 51, 11.110, 275.20, 3.10, 11.111, 275.17, 3.10, 0.006, 199.35, -8.03);
insert into SHOT values (1236, 1197, 1244, 51, 11.860, 278.70, 2.60, 11.858, 278.69, 2.56, 0.008, 145.11, -72.21);
insert into SHOT values (1237, 1197, 1245, 51, 12.340, 279.30, 1.80, 12.337, 279.29, 1.77, 0.008, 150.83, -64.23);
insert into SHOT values (1238, 1197, 1246, 51, 12.960, 280.90, 1.60, 12.957, 280.86, 1.59, 0.010, 172.83, -10.77);
insert into SHOT values (1239, 1197, 1247, 51, 12.780, 283.20, 1.20, 12.778, 283.17, 1.17, 0.011, 182.91, -44.81);
insert into SHOT values (1240, 1197, 1248, 51, 13.140, 285.30, 1.00, 13.146, 285.26, 1.00, 0.010, 228.50, 3.79);
insert into SHOT values (1241, 1197, 1249, 51, 8.080, 286.90, 1.70, 8.080, 286.84, 1.70, 0.008, 196.68, 2.08);
insert into SHOT values (1242, 1197, 1250, 51, 5.260, 286.80, 5.90, 5.260, 286.77, 5.89, 0.003, 207.50, -15.17);
insert into SHOT values (1243, 1197, 1251, 51, 5.200, 289.30, 4.80, 5.198, 289.27, 4.74, 0.006, 168.21, -62.18);
insert into SHOT values (1244, 1197, 1252, 51, 4.940, 293.00, 4.80, 4.937, 292.97, 4.76, 0.005, 158.64, -42.35);
insert into SHOT values (1245, 1197, 1253, 51, 5.010, 295.30, 4.40, 5.011, 295.23, 4.35, 0.008, 219.34, -35.37);
insert into SHOT values (1246, 1197, 1254, 51, 5.140, 299.30, 3.20, 5.143, 299.26, 3.12, 0.008, 251.72, -55.29);
insert into SHOT values (1247, 1197, 1255, 51, 7.050, 300.30, -0.30, 7.049, 300.24, -0.33, 0.008, 204.59, -22.22);
insert into SHOT values (1248, 1197, 1256, 51, 7.260, 303.50, -0.70, 7.262, 303.43, -0.71, 0.009, 223.60, -7.95);
insert into SHOT values (1249, 1197, 1257, 51, 6.910, 317.20, 0.90, 6.907, 317.11, 0.83, 0.014, 210.83, -37.81);
insert into SHOT values (1250, 1197, 1258, 51, 7.040, 320.10, 3.10, 7.038, 320.08, 3.09, 0.003, 195.27, -13.20);
insert into SHOT values (1251, 1197, 1259, 51, 7.010, 322.10, 3.40, 7.009, 322.08, 3.35, 0.006, 219.57, -68.49);
insert into SHOT values (1252, 1197, 1260, 51, 6.890, 325.30, 4.50, 6.884, 325.27, 4.50, 0.007, 178.03, -4.69);
insert into SHOT values (1253, 1197, 1261, 51, 6.360, 330.00, 5.20, 6.356, 329.95, 5.14, 0.009, 210.45, -46.51);
insert into SHOT values (1254, 1197, 1262, 51, 6.080, 333.40, 5.10, 6.075, 333.39, 5.10, 0.005, 162.06, -5.26);
insert into SHOT values (1255, 1197, 1263, 51, 5.780, 338.30, 6.10, 5.781, 338.25, 6.06, 0.007, 270.24, -40.27);
insert into SHOT values (1256, 1197, 1264, 51, 4.790, 342.50, 8.10, 4.788, 342.44, 8.04, 0.007, 235.62, -45.49);
insert into SHOT values (1257, 1197, 1265, 51, 4.300, 346.00, 12.00, 4.299, 345.96, 11.95, 0.005, 246.03, -56.10);
insert into SHOT values (1258, 1197, 1266, 51, 3.320, 348.70, 12.90, 3.318, 348.59, 12.89, 0.007, 239.43, -9.89);
insert into SHOT values (1259, 1197, 1267, 51, 3.920, 356.30, 16.20, 3.913, 356.19, 16.17, 0.010, 227.41, -20.77);
insert into SHOT values (1260, 1197, 1268, 51, 3.760, 2.40, 18.70, 3.750, 2.42, 18.66, 0.010, 174.15, -33.14);
insert into SHOT values (1261, 1197, 1269, 51, 5.590, 224.30, 6.10, 5.632, 224.28, 6.01, 0.043, 221.21, -5.41);
insert into SHOT values (1262, 1269, 1270, 51, 7.060, 40.70, 1.70, 7.065, 40.75, 1.70, 0.008, 90.51, 3.88);
insert into SHOT values (1263, 1269, 1271, 51, 7.170, 45.30, 2.40, 7.176, 45.34, 2.40, 0.008, 82.32, -1.75);
insert into SHOT values (1264, 1269, 1272, 51, 7.460, 50.40, 2.70, 7.459, 50.39, 2.69, 0.002, 273.33, -40.59);
insert into SHOT values (1265, 1269, 1273, 51, 7.990, 55.50, 2.70, 7.992, 55.51, 2.73, 0.004, 102.47, 54.28);
insert into SHOT values (1266, 1269, 1274, 51, 8.570, 61.20, 2.10, 8.572, 61.25, 2.14, 0.010, 138.97, 37.53);
insert into SHOT values (1267, 1269, 1275, 51, 9.300, 64.20, 1.70, 9.298, 64.23, 1.73, 0.007, 173.00, 34.77);
insert into SHOT values (1268, 1269, 1276, 51, 5.090, 74.40, 5.80, 5.093, 74.43, 5.86, 0.006, 124.62, 60.67);
insert into SHOT values (1269, 1269, 1277, 51, 4.840, 76.80, 5.60, 4.840, 76.80, 5.57, 0.002, 81.24, -80.83);
insert into SHOT values (1270, 1269, 1278, 51, 4.470, 81.00, 5.80, 4.476, 81.09, 5.77, 0.010, 126.66, -10.25);
insert into SHOT values (1271, 1269, 1279, 51, 4.220, 83.90, 5.90, 4.226, 83.99, 5.98, 0.011, 134.71, 35.82);
insert into SHOT values (1272, 1269, 1280, 51, 4.030, 87.00, 5.90, 4.037, 87.00, 5.97, 0.009, 88.30, 40.01);
insert into SHOT values (1273, 1269, 1281, 51, 3.560, 90.70, 5.90, 3.560, 90.81, 5.97, 0.008, 187.42, 30.85);
insert into SHOT values (1274, 1269, 1282, 51, 2.240, 92.90, 6.20, 2.246, 93.08, 6.13, 0.010, 140.93, -11.48);
insert into SHOT values (1275, 1269, 1283, 51, 1.570, 100.10, 18.10, 1.573, 100.41, 18.15, 0.009, 174.38, 15.02);
insert into SHOT values (1276, 1269, 1284, 51, 1.280, 102.50, 19.80, 1.286, 102.43, 20.01, 0.008, 81.06, 56.34);
insert into SHOT values (1277, 1269, 1285, 51, 1.050, 112.30, 26.10, 1.056, 112.25, 25.82, 0.008, 106.16, -13.76);
insert into SHOT values (1278, 1269, 1286, 51, 1.000, 153.90, 24.40, 1.000, 154.00, 24.20, 0.004, 196.49, -53.77);
insert into SHOT values (1279, 1269, 1287, 51, 1.300, 171.80, 13.60, 1.300, 171.81, 13.79, 0.004, 340.89, 81.20);
insert into SHOT values (1280, 1269, 1288, 51, 1.980, 183.50, 4.60, 1.980, 183.49, 4.63, 0.001, 96.91, 67.88);
insert into SHOT values (1281, 1269, 1289, 51, 2.270, 189.40, 2.00, 2.272, 189.38, 2.02, 0.002, 164.15, 22.08);
insert into SHOT values (1282, 1269, 1290, 51, 2.550, 196.90, 1.30, 2.550, 196.87, 1.35, 0.003, 124.41, 58.17);
insert into SHOT values (1283, 1269, 1291, 51, 2.500, 202.70, 1.30, 2.502, 202.57, 1.37, 0.007, 133.25, 27.89);
insert into SHOT values (1284, 1269, 1292, 51, 2.510, 209.60, 1.60, 2.518, 209.52, 1.59, 0.008, 184.68, -0.57);
insert into SHOT values (1285, 1269, 1293, 51, 2.530, 216.40, 4.80, 2.527, 216.28, 4.77, 0.006, 97.13, -15.54);
insert into SHOT values (1286, 1269, 1294, 51, 2.680, 221.50, 3.90, 2.684, 221.37, 3.84, 0.008, 167.07, -16.62);
insert into SHOT values (1287, 1269, 1295, 51, 2.780, 224.20, 4.20, 2.780, 224.12, 4.33, 0.007, 128.77, 59.70);
insert into SHOT values (1288, 1269, 1296, 51, 2.920, 226.80, 5.70, 2.957, 226.65, 5.63, 0.038, 215.28, -0.02);
insert into SHOT values (1289, 1296, 1297, 51, 8.500, 316.00, -3.90, 8.499, 316.00, -3.85, 0.008, 103.94, 83.33);
insert into SHOT values (1290, 1296, 1298, 51, 4.930, 217.10, 2.70, 4.932, 217.08, 2.79, 0.008, 167.27, 73.27);
insert into SHOT values (1291, 1296, 1299, 51, 4.990, 223.30, 3.10, 4.995, 223.29, 3.10, 0.005, 216.65, 1.81);
insert into SHOT values (1292, 1296, 1300, 51, 5.400, 230.40, 3.30, 5.400, 230.34, 3.40, 0.011, 133.06, 59.93);
insert into SHOT values (1293, 1296, 1301, 51, 5.540, 231.20, 4.60, 5.538, 231.18, 4.66, 0.007, 86.79, 57.49);
insert into SHOT values (1294, 1296, 1302, 51, 10.120, 232.20, 3.90, 10.123, 232.20, 3.91, 0.003, 230.93, 31.34);
insert into SHOT values (1295, 1296, 1303, 51, 10.290, 234.50, 3.50, 10.286, 234.51, 3.51, 0.005, 20.74, 21.55);
insert into SHOT values (1296, 1296, 1304, 51, 8.200, 241.00, 2.70, 8.196, 240.99, 2.73, 0.006, 75.34, 42.61);
insert into SHOT values (1297, 1296, 1305, 51, 8.310, 244.40, 2.30, 8.313, 244.39, 2.34, 0.007, 218.68, 66.01);
insert into SHOT values (1298, 1296, 1306, 51, 8.510, 248.10, 1.50, 8.506, 248.11, 1.55, 0.008, 46.31, 58.70);
insert into SHOT values (1299, 1296, 1307, 51, 8.670, 251.40, 1.70, 8.665, 251.42, 1.72, 0.006, 40.36, 27.10);
insert into SHOT values (1300, 1296, 1308, 51, 9.480, 253.50, 2.10, 9.477, 253.50, 2.12, 0.004, 79.38, 36.27);
insert into SHOT values (1301, 1296, 1309, 51, 9.310, 257.20, 2.70, 9.311, 257.20, 2.71, 0.002, 282.80, 44.30);
insert into SHOT values (1302, 1296, 1310, 51, 8.880, 259.70, 3.10, 8.877, 259.67, 3.10, 0.006, 137.94, -2.05);
insert into SHOT values (1303, 1296, 1311, 51, 8.490, 263.00, 3.30, 8.487, 263.02, 3.31, 0.004, 42.88, 17.63);
insert into SHOT values (1304, 1296, 1312, 51, 7.750, 267.40, 2.40, 7.745, 267.41, 2.44, 0.008, 76.51, 45.45);
insert into SHOT values (1305, 1296, 1313, 51, 7.500, 270.40, 1.90, 7.494, 270.38, 1.91, 0.006, 112.26, 12.25);
insert into SHOT values (1306, 1296, 1314, 51, 7.450, 271.80, 2.10, 7.449, 271.77, 2.15, 0.008, 161.05, 59.82);
insert into SHOT values (1307, 1296, 1315, 51, 6.240, 273.10, 4.80, 6.242, 273.13, 4.87, 0.009, 345.23, 63.82);
insert into SHOT values (1308, 1296, 1316, 51, 6.050, 275.00, 5.40, 6.049, 274.95, 5.41, 0.005, 177.34, 7.41);
insert into SHOT values (1309, 1296, 1317, 51, 5.990, 278.00, 5.30, 5.994, 277.99, 5.36, 0.008, 268.70, 61.39);
insert into SHOT values (1310, 1296, 1318, 51, 5.900, 283.40, 4.90, 5.902, 283.37, 4.96, 0.007, 214.61, 65.02);
insert into SHOT values (1311, 1296, 1319, 51, 5.690, 285.70, 4.60, 5.689, 285.65, 4.64, 0.006, 179.14, 37.63);
insert into SHOT values (1312, 1296, 1320, 51, 5.650, 289.10, 5.50, 5.647, 289.11, 5.59, 0.010, 93.52, 62.61);
insert into SHOT values (1313, 1296, 1321, 51, 4.950, 290.60, 4.50, 4.952, 290.64, 4.52, 0.004, 348.13, 23.00);
insert into SHOT values (1314, 1296, 1322, 51, 4.790, 292.60, 3.70, 4.789, 292.65, 3.71, 0.004, 44.02, 11.81);
insert into SHOT values (1315, 1296, 1323, 51, 5.340, 297.80, -0.10, 5.337, 297.81, 0.00, 0.010, 97.80, 68.40);
insert into SHOT values (1316, 1296, 1324, 51, 5.230, 299.80, -0.30, 5.232, 299.80, -0.22, 0.008, 297.59, 75.86);
insert into SHOT values (1317, 1296, 1325, 51, 5.350, 303.90, 0.00, 5.347, 303.87, 0.00, 0.004, 171.82, 0.00);
insert into SHOT values (1318, 1296, 1326, 51, 5.550, 306.30, -0.20, 5.550, 306.35, -0.10, 0.011, 33.48, 60.93);
insert into SHOT values (1319, 1296, 1327, 51, 9.830, 308.90, -2.10, 9.827, 308.92, -2.10, 0.005, 75.74, 2.31);
insert into SHOT values (1320, 1296, 1328, 51, 8.370, 311.30, -2.30, 8.368, 311.31, -2.26, 0.007, 85.52, 62.87);
insert into SHOT values (1321, 1296, 1329, 51, 8.360, 313.00, -2.90, 8.360, 312.96, -2.88, 0.006, 221.45, 27.80);
insert into SHOT values (1322, 1296, 1330, 51, 8.490, 315.50, -3.70, 8.489, 315.48, -3.65, 0.009, 210.36, 67.08);
insert into SHOT values (1323, 1296, 1331, 51, 8.850, 318.70, -3.40, 8.851, 318.72, -3.37, 0.006, 13.67, 57.45);
insert into SHOT values (1324, 1296, 1332, 51, 8.880, 321.20, -3.20, 8.876, 321.23, -3.16, 0.008, 87.23, 45.62);
insert into SHOT values (1325, 1296, 1333, 51, 8.810, 322.90, -2.90, 8.813, 322.90, -2.86, 0.007, 311.93, 59.15);
insert into SHOT values (1326, 1296, 1334, 51, 12.480, 324.80, -3.40, 12.479, 324.80, -3.40, 0.001, 90.86, 6.75);
insert into SHOT values (1327, 1296, 1335, 51, 4.380, 344.10, 0.60, 4.378, 344.09, 0.65, 0.005, 183.24, 61.98);
insert into SHOT values (1328, 1296, 1336, 51, 3.840, 347.50, 1.10, 3.842, 347.52, 1.19, 0.007, 29.63, 72.57);
insert into SHOT values (1329, 1296, 1337, 51, 3.220, 351.40, 1.90, 3.218, 351.42, 1.96, 0.004, 148.79, 53.57);
insert into SHOT values (1330, 1296, 1338, 51, 2.990, 356.60, 1.50, 2.987, 356.54, 1.53, 0.005, 216.36, 20.57);
insert into SHOT values (1331, 1296, 1339, 51, 2.790, 3.80, 0.10, 2.787, 3.91, 0.21, 0.008, 127.16, 38.74);
insert into SHOT values (1332, 1296, 1340, 51, 2.840, 13.00, -0.60, 2.843, 13.01, -0.60, 0.003, 21.76, -4.70);
insert into SHOT values (1333, 1296, 1341, 51, 2.850, 20.30, -2.50, 2.850, 20.34, -2.41, 0.005, 101.42, 62.79);
insert into SHOT values (1334, 1296, 1342, 51, 2.280, 27.40, 0.40, 2.277, 27.47, 0.50, 0.006, 169.54, 43.92);
insert into SHOT values (1335, 1296, 1343, 51, 2.290, 35.80, -2.70, 2.287, 35.92, -2.51, 0.010, 159.86, 54.49);
insert into SHOT values (1336, 1296, 1344, 51, 2.430, 39.30, 2.10, 2.432, 39.32, 2.12, 0.002, 66.57, 24.57);
insert into SHOT values (1337, 1296, 1345, 51, 3.130, 60.20, -1.20, 3.131, 60.32, -1.10, 0.009, 139.12, 38.97);
insert into SHOT values (1338, 1296, 1346, 51, 2.660, 63.00, -0.90, 2.661, 62.95, -0.86, 0.003, 4.85, 35.01);
insert into SHOT values (1339, 1296, 1347, 51, 2.280, 68.60, -2.00, 2.278, 68.62, -1.76, 0.010, 226.99, 77.79);
insert into SHOT values (1340, 1296, 1348, 51, 2.150, 74.60, -2.80, 2.149, 74.60, -2.67, 0.005, 231.38, 85.19);
insert into SHOT values (1341, 1296, 1349, 51, 2.030, 81.40, -4.00, 2.027, 81.47, -3.96, 0.004, 219.06, 23.87);
insert into SHOT values (1342, 1296, 1350, 51, 1.830, 89.30, -6.20, 1.830, 89.37, -5.96, 0.008, 159.34, 72.70);
insert into SHOT values (1343, 1296, 1351, 51, 2.790, 272.40, -5.90, 2.787, 272.48, -5.77, 0.008, 36.35, 55.31);
insert into SHOT values (1344, 1296, 1352, 51, 4.440, 235.40, -0.90, 4.436, 235.38, -0.90, 0.004, 77.92, -3.40);
insert into SHOT values (1345, 1296, 1353, 51, 4.400, 238.50, 0.30, 4.399, 238.48, 0.39, 0.007, 123.55, 74.90);
insert into SHOT values (1346, 1296, 1354, 51, 4.320, 242.40, -2.10, 4.314, 242.37, -1.99, 0.010, 89.07, 54.92);
insert into SHOT values (1347, 1296, 1355, 51, 4.580, 248.10, -3.30, 4.579, 248.04, -3.25, 0.006, 151.75, 35.21);
insert into SHOT values (1348, 1296, 1356, 51, 4.760, 255.40, -3.10, 4.761, 255.38, -3.01, 0.008, 193.14, 75.22);
insert into SHOT values (1349, 1296, 1357, 51, 4.070, 262.10, -3.80, 4.068, 262.07, -3.81, 0.003, 126.10, -4.88);
insert into SHOT values (1350, 1296, 1358, 51, 3.740, 266.70, -4.10, 3.736, 266.62, -3.99, 0.010, 141.12, 47.59);
insert into SHOT values (1351, 1296, 1359, 51, 2.690, 271.40, -6.20, 2.686, 271.29, -6.20, 0.006, 146.99, 4.65);
insert into SHOT values (1352, 1296, 1360, 51, 2.390, 279.50, -6.70, 2.388, 279.46, -6.49, 0.009, 147.57, 76.66);
insert into SHOT values (1353, 1296, 1361, 51, 2.150, 288.30, -5.70, 2.148, 288.27, -5.61, 0.004, 146.13, 59.27);
insert into SHOT values (1354, 1296, 1362, 51, 2.340, 294.00, -1.10, 2.342, 293.94, -0.98, 0.006, 239.51, 57.54);
insert into SHOT values (1355, 1296, 1363, 51, 2.240, 298.10, -2.90, 2.235, 298.06, -2.82, 0.006, 137.26, 33.34);
insert into SHOT values (1356, 1296, 1364, 51, 2.280, 305.00, -2.70, 2.277, 305.16, -2.52, 0.010, 56.53, 47.83);
insert into SHOT values (1357, 1296, 1365, 51, 2.250, 310.20, -5.60, 2.245, 310.10, -5.37, 0.011, 176.37, 60.73);
insert into SHOT values (1358, 1296, 1366, 51, 2.180, 316.90, -7.20, 2.182, 316.87, -7.11, 0.004, 289.86, 53.95);
insert into SHOT values (1359, 1296, 1367, 51, 1.970, 323.40, -7.00, 1.967, 323.54, -7.01, 0.006, 87.65, 0.81);
insert into SHOT values (1360, 1296, 1368, 51, 1.860, 332.20, -5.20, 1.859, 332.33, -4.94, 0.010, 69.64, 64.07);
insert into SHOT values (1361, 1296, 1369, 51, 2.120, 341.50, -3.40, 2.122, 341.57, -3.24, 0.007, 25.90, 59.03);
insert into SHOT values (1362, 1296, 1370, 51, 1.810, 349.70, -4.40, 1.813, 349.81, -4.11, 0.010, 31.23, 59.76);
insert into SHOT values (1363, 1296, 1371, 51, 1.460, 359.40, -14.90, 1.458, 359.59, -14.70, 0.007, 99.88, 48.16);
insert into SHOT values (1364, 1296, 1372, 51, 1.480, 10.90, -14.00, 1.478, 10.84, -13.70, 0.008, 265.21, 79.07);
insert into SHOT values (1365, 1297, 1373, 51, 6.380, 153.10, 1.20, 6.383, 153.07, 1.17, 0.006, 111.07, -39.43);
insert into SHOT values (1366, 1297, 1374, 51, 6.240, 149.70, 2.10, 6.239, 149.65, 2.11, 0.006, 44.21, 13.63);
insert into SHOT values (1367, 1297, 1375, 51, 6.170, 145.10, 2.70, 6.176, 145.10, 2.69, 0.007, 144.41, -5.69);
insert into SHOT values (1368, 1297, 1376, 51, 5.980, 139.30, 1.00, 5.978, 139.27, 0.96, 0.005, 19.50, -54.34);
insert into SHOT values (1369, 1297, 1377, 51, 5.920, 135.40, 1.00, 5.919, 135.34, 0.97, 0.007, 40.49, -29.00);
insert into SHOT values (1370, 1297, 1378, 51, 5.490, 129.10, 1.60, 5.490, 129.08, 1.57, 0.004, 47.73, -64.40);
insert into SHOT values (1371, 1297, 1379, 51, 6.230, 123.60, 1.50, 6.234, 123.61, 1.47, 0.005, 142.98, -34.72);
insert into SHOT values (1372, 1297, 1380, 51, 5.740, 118.40, 1.70, 5.743, 118.40, 1.70, 0.003, 110.21, -5.02);
insert into SHOT values (1373, 1297, 1381, 51, 5.260, 154.90, -0.40, 5.257, 154.90, -0.44, 0.005, 338.76, -43.90);
insert into SHOT values (1374, 1296, 1382, 51, 2.380, 292.60, 0.90, 2.387, 292.16, 0.96, 0.020, 221.93, 7.64);
insert into SHOT values (1375, 1382, 1383, 51, 2.980, 30.10, -0.10, 2.984, 30.17, 0.00, 0.008, 71.38, 41.86);
insert into SHOT values (1376, 1382, 1384, 51, 3.030, 36.10, -0.50, 3.034, 36.15, -0.38, 0.008, 68.58, 51.31);
insert into SHOT values (1377, 1382, 1385, 51, 2.940, 44.60, 0.10, 2.949, 44.59, 0.19, 0.010, 40.48, 29.12);
insert into SHOT values (1378, 1382, 1386, 51, 3.360, 52.40, -1.30, 3.359, 52.38, -1.19, 0.006, 287.35, 76.68);
insert into SHOT values (1379, 1382, 1387, 51, 3.620, 59.10, -1.60, 3.625, 59.12, -1.58, 0.005, 71.22, 11.48);
insert into SHOT values (1380, 1382, 1388, 51, 3.700, 66.20, -2.50, 3.701, 66.07, -2.48, 0.009, 345.62, 9.22);
insert into SHOT values (1381, 1382, 1389, 51, 3.470, 71.10, -2.30, 3.472, 70.99, -2.31, 0.007, 357.75, -6.13);
insert into SHOT values (1382, 1382, 1390, 51, 3.290, 74.30, -1.80, 3.294, 74.32, -1.74, 0.005, 87.82, 37.78);
insert into SHOT values (1383, 1382, 1391, 51, 5.280, 78.80, -2.90, 5.278, 78.73, -2.82, 0.010, 333.98, 48.07);
insert into SHOT values (1384, 1382, 1392, 51, 4.820, 82.00, -3.00, 4.823, 82.00, -2.97, 0.004, 88.26, 33.21);
insert into SHOT values (1385, 1382, 1393, 51, 4.490, 87.00, -3.30, 4.494, 86.93, -3.32, 0.007, 33.60, -13.34);
insert into SHOT values (1386, 1382, 1394, 51, 4.290, 91.90, -2.30, 4.296, 91.87, -2.27, 0.007, 69.95, 19.29);
insert into SHOT values (1387, 1382, 1395, 51, 4.250, 96.20, -1.80, 4.246, 96.09, -1.75, 0.010, 340.79, 20.62);
insert into SHOT values (1388, 1382, 1396, 51, 4.060, 101.80, -2.50, 4.059, 101.81, -2.40, 0.007, 218.01, 84.52);
insert into SHOT values (1389, 1382, 1397, 51, 3.870, 106.30, -3.40, 3.871, 106.23, -3.41, 0.005, 26.11, -5.82);
insert into SHOT values (1390, 1382, 1398, 51, 2.820, 107.80, -2.40, 2.817, 107.79, -2.44, 0.004, 296.21, -32.90);
insert into SHOT values (1391, 1382, 1399, 51, 2.440, 111.20, -2.60, 2.437, 111.19, -2.59, 0.003, 299.93, 13.23);
insert into SHOT values (1392, 1382, 1400, 51, 2.460, 115.30, -2.90, 2.459, 115.31, -2.80, 0.005, 267.80, 74.99);
insert into SHOT values (1393, 1382, 1401, 51, 2.530, 122.90, -3.30, 2.528, 122.87, -3.17, 0.006, 339.87, 69.75);
insert into SHOT values (1394, 1382, 1402, 51, 2.580, 130.70, -2.40, 2.584, 130.60, -2.44, 0.006, 80.70, -18.66);
insert into SHOT values (1395, 1382, 1403, 51, 2.830, 135.10, -2.40, 2.831, 135.00, -2.43, 0.005, 55.49, -16.56);
insert into SHOT values (1396, 1382, 1404, 51, 3.170, 140.30, -2.50, 3.163, 140.26, -2.54, 0.008, 336.04, -13.30);
insert into SHOT values (1397, 1382, 1405, 51, 3.670, 142.20, -4.70, 3.669, 142.22, -4.69, 0.002, 273.73, 21.55);
insert into SHOT values (1398, 1382, 1406, 51, 5.460, 143.30, -5.70, 5.457, 143.24, -5.68, 0.007, 27.14, 18.59);
insert into SHOT values (1399, 1382, 1407, 51, 6.740, 144.70, -5.60, 6.738, 144.65, -5.54, 0.010, 40.29, 52.48);
insert into SHOT values (1400, 1382, 1408, 51, 7.060, 147.30, -5.70, 7.061, 147.26, -5.69, 0.005, 70.45, 13.33);
insert into SHOT values (1401, 1382, 1409, 51, 5.990, 149.60, -5.60, 5.990, 149.56, -5.56, 0.006, 61.57, 50.10);
insert into SHOT values (1402, 1382, 1410, 51, 5.650, 151.40, -4.90, 5.650, 151.34, -4.87, 0.006, 64.87, 24.09);
insert into SHOT values (1403, 1382, 1411, 51, 5.830, 153.80, -5.10, 5.833, 153.74, -5.11, 0.006, 87.17, -15.69);
insert into SHOT values (1404, 1382, 1412, 51, 10.490, 155.80, -5.30, 10.483, 155.79, -5.31, 0.008, 346.71, -7.91);
insert into SHOT values (1405, 1382, 1413, 51, 10.320, 157.30, -5.40, 10.314, 157.26, -5.40, 0.010, 31.57, 6.98);
insert into SHOT values (1406, 1382, 1414, 51, 10.410, 158.70, -5.70, 10.408, 158.71, -5.68, 0.005, 289.07, 53.42);
insert into SHOT values (1407, 1382, 1415, 51, 10.720, 160.90, -4.80, 10.717, 160.87, -4.76, 0.009, 46.30, 48.30);
insert into SHOT values (1408, 1382, 1416, 51, 11.440, 162.30, -4.80, 11.440, 162.28, -4.76, 0.008, 86.83, 60.80);
insert into SHOT values (1409, 1382, 1417, 51, 10.480, 163.10, -4.70, 10.478, 163.07, -4.71, 0.005, 44.98, -13.84);
insert into SHOT values (1410, 1382, 1418, 51, 9.070, 175.20, -5.90, 9.070, 175.17, -5.89, 0.006, 86.46, 24.66);
insert into SHOT values (1411, 1382, 1419, 51, 8.460, 176.20, -6.20, 8.458, 176.18, -6.18, 0.005, 52.09, 48.09);
insert into SHOT values (1412, 1382, 1420, 51, 8.050, 178.70, -6.50, 8.044, 178.71, -6.50, 0.006, 346.75, 11.42);
insert into SHOT values (1413, 1382, 1421, 51, 7.690, 180.70, -6.60, 7.681, 180.68, -6.58, 0.010, 21.45, 23.03);
insert into SHOT values (1414, 1382, 1422, 51, 7.320, 182.50, -8.40, 7.315, 182.46, -8.41, 0.007, 52.02, -5.16);
insert into SHOT values (1415, 1382, 1423, 51, 6.370, 184.80, -8.60, 6.364, 184.83, -8.59, 0.007, 334.76, 20.07);
insert into SHOT values (1416, 1382, 1424, 51, 6.120, 187.30, -9.00, 6.114, 187.33, -8.94, 0.009, 341.09, 50.98);
insert into SHOT values (1417, 1382, 1425, 51, 6.180, 191.40, -10.20, 6.177, 191.38, -10.16, 0.005, 43.56, 53.72);
insert into SHOT values (1418, 1382, 1426, 51, 4.850, 197.90, -10.50, 4.840, 197.86, -10.48, 0.011, 35.72, 21.42);
insert into SHOT values (1419, 1382, 1427, 51, 4.510, 201.60, -9.10, 4.509, 201.61, -9.06, 0.003, 308.17, 75.81);
insert into SHOT values (1420, 1382, 1428, 51, 4.560, 201.30, 7.20, 4.554, 201.28, 7.19, 0.006, 33.87, -14.13);
insert into SHOT values (1421, 1382, 1429, 51, 4.850, 206.80, 6.10, 4.845, 206.78, 6.16, 0.008, 44.00, 36.26);
insert into SHOT values (1422, 1382, 1430, 51, 6.200, 210.20, 5.90, 6.199, 210.18, 5.93, 0.003, 86.91, 50.60);
insert into SHOT values (1423, 1382, 1431, 51, 7.210, 214.60, 4.90, 7.208, 214.62, 4.93, 0.005, 345.47, 52.10);
insert into SHOT values (1424, 1382, 1432, 51, 8.550, 217.80, 4.90, 8.548, 217.80, 4.90, 0.002, 46.68, -10.77);
insert into SHOT values (1425, 1382, 1433, 51, 6.450, 220.90, 4.30, 6.449, 220.90, 4.36, 0.007, 37.86, 73.10);
insert into SHOT values (1426, 1382, 1434, 51, 6.860, 226.50, 5.20, 6.854, 226.48, 5.19, 0.006, 64.40, -15.68);
insert into SHOT values (1427, 1382, 1435, 51, 6.980, 230.70, 4.50, 6.972, 230.72, 4.52, 0.009, 32.82, 15.03);
insert into SHOT values (1428, 1382, 1436, 51, 6.860, 234.10, 3.80, 6.854, 234.10, 3.85, 0.008, 51.82, 42.07);
insert into SHOT values (1429, 1382, 1437, 51, 7.000, 238.30, 3.20, 7.002, 238.33, 3.19, 0.004, 305.42, -9.62);
insert into SHOT values (1430, 1382, 1438, 51, 7.990, 238.90, 4.80, 7.991, 238.93, 4.81, 0.004, 317.34, 21.60);
insert into SHOT values (1431, 1382, 1439, 51, 7.730, 243.00, 4.10, 7.730, 243.00, 4.15, 0.007, 338.20, 86.92);
insert into SHOT values (1432, 1382, 1440, 51, 7.410, 246.40, 3.90, 7.406, 246.38, 3.95, 0.008, 93.59, 52.96);
insert into SHOT values (1433, 1382, 1441, 51, 7.360, 249.90, 3.60, 7.360, 249.94, 3.58, 0.005, 336.32, -24.26);
insert into SHOT values (1434, 1382, 1442, 51, 6.250, 253.60, 3.70, 6.247, 253.60, 3.76, 0.007, 73.44, 63.31);
insert into SHOT values (1435, 1382, 1443, 51, 5.520, 259.30, 3.30, 5.515, 259.32, 3.33, 0.006, 57.69, 20.69);
insert into SHOT values (1436, 1382, 1444, 51, 5.260, 262.90, 3.90, 5.261, 263.00, 3.92, 0.009, 344.34, 14.02);
insert into SHOT values (1437, 1382, 1445, 51, 3.920, 265.30, 5.20, 3.920, 265.30, 5.27, 0.005, 99.44, 80.97);
insert into SHOT values (1438, 1382, 1446, 51, 3.650, 272.30, 5.10, 3.648, 272.37, 5.19, 0.007, 32.60, 48.69);
insert into SHOT values (1439, 1382, 1447, 51, 3.510, 279.90, 6.20, 3.513, 279.89, 6.21, 0.003, 271.35, 20.31);
insert into SHOT values (1440, 1382, 1448, 51, 3.110, 287.40, 4.40, 3.112, 287.44, 4.42, 0.003, 338.75, 25.66);
insert into SHOT values (1441, 1382, 1449, 51, 2.960, 297.00, -2.10, 2.958, 297.17, -2.13, 0.009, 38.34, -9.63);
insert into SHOT values (1442, 1382, 1450, 51, 2.940, 306.80, -0.80, 2.936, 306.83, -0.78, 0.004, 103.73, 14.57);
insert into SHOT values (1443, 1382, 1451, 51, 3.070, 311.30, -1.10, 3.068, 311.43, -1.12, 0.007, 55.01, -8.33);
insert into SHOT values (1444, 1382, 1452, 51, 3.120, 315.70, 0.20, 3.126, 315.78, 0.18, 0.007, 352.27, -7.13);
insert into SHOT values (1445, 1382, 1453, 51, 7.710, 215.60, 5.00, 7.705, 215.62, 4.99, 0.006, 11.94, -20.52);
insert into SHOT values (1446, 1453, 1454, 51, 0.710, 281.60, -21.10, 0.708, 281.31, -20.66, 0.007, 199.52, 58.81);
insert into SHOT values (1447, 1454, 1455, 51, 1.750, 248.60, -25.70, 1.750, 248.81, -25.74, 0.006, 341.16, -10.94);
insert into SHOT values (1448, 1454, 1456, 51, 1.600, 246.90, -25.30, 1.599, 246.80, -25.17, 0.005, 167.43, 56.13);
insert into SHOT values (1449, 1454, 1457, 51, 1.600, 232.60, -23.70, 1.596, 232.50, -23.64, 0.005, 92.34, 38.86);
insert into SHOT values (1450, 1454, 1458, 51, 1.050, 251.00, -3.20, 1.048, 251.05, -3.28, 0.002, 43.50, -37.46);
insert into SHOT values (1451, 1454, 1459, 51, 0.560, 287.90, -4.10, 0.558, 287.78, -4.11, 0.002, 137.68, 0.97);
insert into SHOT values (1452, 1454, 1460, 51, 1.750, 250.00, -25.80, 1.749, 249.95, -25.75, 0.002, 154.40, 52.92);
insert into SHOT values (1453, 1454, 1461, 51, 1.800, 251.20, -22.40, 1.795, 251.35, -22.61, 0.009, 40.55, -26.13);
insert into SHOT values (1454, 1382, 1462, 51, 8.840, 169.50, -2.40, 8.866, 169.86, -2.33, 0.062, 234.26, 9.47);
insert into SHOT values (1455, 1462, 1463, 51, 2.830, 4.60, -1.00, 2.830, 4.66, -1.01, 0.003, 98.42, -11.11);
insert into SHOT values (1456, 1462, 1464, 51, 6.110, 6.40, -1.10, 6.109, 6.39, -1.13, 0.003, 229.78, -65.30);
insert into SHOT values (1457, 1462, 1465, 51, 5.520, 9.50, -1.60, 5.528, 9.48, -1.66, 0.010, 354.83, -36.77);
insert into SHOT values (1458, 1462, 1466, 51, 6.460, 4.80, -1.80, 6.466, 4.79, -1.86, 0.009, 357.13, -50.51);
insert into SHOT values (1459, 1462, 1467, 51, 5.510, 8.20, -1.90, 5.510, 8.25, -1.87, 0.005, 98.37, 30.30);
insert into SHOT values (1460, 1462, 1468, 51, 5.240, 15.00, -2.00, 5.243, 15.04, -2.08, 0.009, 70.52, -55.52);
insert into SHOT values (1461, 1462, 1469, 51, 3.270, 15.40, -4.80, 3.270, 15.49, -4.91, 0.008, 108.17, -52.32);
insert into SHOT values (1462, 1462, 1470, 51, 3.170, 18.10, -2.50, 3.172, 18.21, -2.53, 0.006, 92.51, -15.81);
insert into SHOT values (1463, 1462, 1471, 51, 3.200, 21.60, -2.50, 3.208, 21.60, -2.50, 0.008, 22.48, -2.93);
insert into SHOT values (1464, 1462, 1472, 51, 3.370, 25.10, -2.90, 3.373, 25.12, -2.89, 0.003, 46.78, 9.05);
insert into SHOT values (1465, 1462, 1473, 51, 5.980, 28.40, -0.20, 5.983, 28.45, -0.19, 0.006, 92.64, 8.58);
insert into SHOT values (1466, 1462, 1474, 51, 6.220, 30.40, -0.00, 6.226, 30.40, 0.00, 0.006, 25.56, 0.00);
insert into SHOT values (1467, 1462, 1475, 51, 6.350, 32.90, 0.90, 6.350, 32.91, 0.90, 0.002, 126.22, 9.34);
insert into SHOT values (1468, 1462, 1476, 51, 7.620, 36.40, 2.00, 7.621, 36.40, 1.96, 0.006, 63.73, -80.37);
insert into SHOT values (1469, 1462, 1477, 51, 8.280, 37.70, 1.40, 8.279, 37.69, 1.38, 0.003, 287.92, -48.54);
insert into SHOT values (1470, 1462, 1478, 51, 9.640, 39.60, 1.70, 9.643, 39.57, 1.66, 0.008, 339.52, -45.43);
insert into SHOT values (1471, 1462, 1479, 51, 4.980, 44.40, 2.40, 4.983, 44.35, 2.42, 0.005, 345.91, 15.66);
insert into SHOT values (1472, 1462, 1480, 51, 4.840, 46.50, 3.10, 4.845, 46.51, 3.08, 0.006, 53.17, -17.86);
insert into SHOT values (1473, 1462, 1481, 51, 4.820, 50.80, 3.00, 4.825, 50.73, 2.97, 0.008, 359.17, -16.16);
insert into SHOT values (1474, 1462, 1482, 51, 4.660, 55.80, 4.10, 4.669, 55.76, 4.05, 0.010, 37.47, -18.83);
insert into SHOT values (1475, 1462, 1483, 51, 5.390, 59.90, 5.50, 5.388, 59.90, 5.43, 0.007, 247.65, -74.48);
insert into SHOT values (1476, 1462, 1484, 51, 5.150, 65.40, 5.40, 5.150, 65.33, 5.35, 0.008, 342.52, -38.09);
insert into SHOT values (1477, 1462, 1485, 51, 5.150, 70.00, 5.20, 5.152, 69.94, 5.12, 0.009, 4.89, -49.04);
insert into SHOT values (1478, 1462, 1486, 51, 5.040, 75.20, 4.90, 5.047, 75.13, 4.89, 0.009, 34.66, -3.25);
insert into SHOT values (1479, 1462, 1487, 51, 4.900, 80.90, 3.70, 4.902, 80.83, 3.63, 0.009, 14.82, -42.11);
insert into SHOT values (1480, 1462, 1488, 51, 5.040, 87.20, 2.00, 5.039, 87.15, 1.93, 0.007, 346.93, -55.49);
insert into SHOT values (1481, 1462, 1489, 51, 6.170, 92.30, 2.00, 6.168, 92.23, 1.95, 0.009, 350.31, -35.15);
insert into SHOT values (1482, 1462, 1490, 51, 5.650, 95.60, 1.30, 5.648, 95.59, 1.32, 0.003, 307.12, 42.38);
insert into SHOT values (1483, 1462, 1491, 51, 6.100, 103.60, 0.60, 6.100, 103.56, 0.56, 0.006, 17.63, -40.76);
insert into SHOT values (1484, 1462, 1492, 51, 5.650, 108.50, 1.20, 5.652, 108.47, 1.22, 0.004, 52.92, 23.01);
insert into SHOT values (1485, 1462, 1493, 51, 5.530, 110.70, 1.90, 5.528, 110.67, 1.87, 0.005, 357.46, -42.57);
insert into SHOT values (1486, 1462, 1494, 51, 2.910, 112.20, 0.50, 2.916, 112.17, 0.39, 0.008, 95.16, -42.71);
insert into SHOT values (1487, 1462, 1495, 51, 2.600, 118.10, -0.90, 2.604, 117.94, -0.88, 0.008, 56.44, 5.91);
insert into SHOT values (1488, 1462, 1496, 51, 2.190, 124.90, -1.30, 2.192, 124.78, -1.31, 0.005, 58.27, -3.54);
insert into SHOT values (1489, 1462, 1497, 51, 2.050, 136.30, -4.70, 2.044, 136.19, -4.77, 0.008, 347.71, -15.58);
insert into SHOT values (1490, 1462, 1498, 51, 3.310, 138.00, -8.20, 3.305, 137.97, -8.18, 0.006, 334.95, 22.22);
insert into SHOT values (1491, 1462, 1499, 51, 3.810, 143.70, -4.90, 3.812, 143.67, -4.97, 0.005, 103.37, -58.94);
insert into SHOT values (1492, 1462, 1500, 51, 10.150, 147.10, -3.00, 10.152, 147.08, -2.99, 0.005, 83.91, 15.51);
insert into SHOT values (1493, 1462, 1501, 51, 10.320, 152.50, -4.80, 10.320, 152.49, -4.84, 0.007, 38.44, -69.90);
insert into SHOT values (1494, 1462, 1502, 51, 10.480, 155.40, -3.80, 10.476, 155.35, -3.83, 0.012, 41.61, -27.44);
insert into SHOT values (1495, 1462, 1503, 51, 10.640, 158.30, -2.70, 10.635, 158.29, -2.69, 0.005, 3.00, 13.63);
insert into SHOT values (1496, 1462, 1504, 51, 14.670, 160.10, -2.20, 14.667, 160.09, -2.23, 0.008, 4.63, -60.52);
insert into SHOT values (1497, 1462, 1505, 51, 14.540, 161.70, -2.70, 14.541, 161.70, -2.72, 0.005, 209.39, -81.27);
insert into SHOT values (1498, 1462, 1506, 51, 14.200, 166.30, -2.50, 14.197, 166.30, -2.50, 0.003, 1.98, -11.90);
insert into SHOT values (1499, 1462, 1507, 51, 14.290, 169.80, -2.30, 14.288, 169.79, -2.33, 0.007, 27.93, -63.86);
insert into SHOT values (1500, 1462, 1508, 51, 14.220, 172.50, -2.30, 14.214, 172.47, -2.30, 0.009, 37.76, 4.36);
insert into SHOT values (1501, 1462, 1509, 51, 14.140, 175.70, -2.70, 14.136, 175.69, -2.72, 0.006, 12.14, -40.10);
insert into SHOT values (1502, 1462, 1510, 51, 14.720, 181.10, -2.90, 14.722, 181.09, -2.92, 0.006, 125.05, -62.73);
insert into SHOT values (1503, 1462, 1511, 51, 15.730, 185.40, -2.30, 15.722, 185.41, -2.30, 0.008, 353.46, 9.48);
insert into SHOT values (1504, 1462, 1512, 51, 5.030, 190.00, -1.90, 5.029, 189.97, -1.94, 0.004, 73.86, -46.25);
insert into SHOT values (1505, 1462, 1513, 51, 4.630, 193.30, -4.10, 4.625, 193.28, -4.09, 0.005, 29.29, 11.87);
insert into SHOT values (1506, 1462, 1514, 51, 3.050, 198.90, -7.20, 3.047, 198.91, -7.16, 0.004, 3.22, 38.87);
insert into SHOT values (1507, 1462, 1515, 51, 2.700, 207.40, -7.10, 2.701, 207.33, -7.23, 0.007, 113.02, -62.46);
insert into SHOT values (1508, 1462, 1516, 51, 2.470, 224.30, -8.20, 2.465, 224.17, -8.16, 0.008, 92.40, 17.10);
insert into SHOT values (1509, 1462, 1517, 51, 1.680, 249.50, -8.30, 1.672, 249.48, -8.25, 0.008, 72.95, 18.67);
insert into SHOT values (1510, 1462, 1518, 51, 10.770, 160.50, -1.80, 10.786, 160.94, -1.75, 0.085, 239.75, 5.58);
insert into SHOT values (1511, 1518, 1519, 51, 12.440, 238.60, -2.20, 12.478, 238.31, -2.16, 0.074, 179.73, 5.87);
insert into SHOT values (1512, 1519, 1520, 51, 9.070, 165.30, 6.80, 9.093, 165.70, 6.76, 0.068, 235.13, -3.33);
insert into SHOT values (1513, 1519, 1521, 51, 3.620, 77.20, 14.30, 3.619, 77.15, 14.24, 0.005, 346.84, -54.77);
insert into SHOT values (1514, 1519, 1522, 51, 3.730, 82.90, 14.00, 3.728, 82.86, 13.97, 0.004, 331.40, -38.01);
insert into SHOT values (1515, 1519, 1523, 51, 3.980, 91.40, 13.60, 3.984, 91.33, 13.65, 0.007, 31.35, 38.03);
insert into SHOT values (1516, 1519, 1524, 51, 4.330, 100.30, 13.40, 4.325, 100.27, 13.37, 0.006, 306.48, -33.33);
insert into SHOT values (1517, 1519, 1525, 51, 4.220, 109.40, 12.20, 4.219, 109.40, 12.18, 0.002, 277.14, -74.11);
insert into SHOT values (1518, 1519, 1526, 51, 4.480, 122.70, 11.70, 4.479, 122.71, 11.72, 0.002, 269.65, 42.71);
insert into SHOT values (1519, 1519, 1527, 51, 5.290, 134.10, 11.00, 5.288, 134.06, 11.01, 0.004, 13.64, 9.15);
insert into SHOT values (1520, 1519, 1528, 51, 5.530, 146.00, 8.80, 5.532, 145.96, 8.84, 0.006, 81.47, 44.14);
insert into SHOT values (1521, 1519, 1529, 51, 5.750, 148.30, 9.60, 5.748, 148.27, 9.62, 0.004, 13.10, 16.05);
insert into SHOT values (1522, 1519, 1530, 51, 4.880, 179.10, 10.80, 4.876, 179.04, 10.76, 0.007, 57.74, -38.46);
insert into SHOT values (1523, 1519, 1531, 51, 4.710, 184.10, 10.60, 4.713, 184.09, 10.64, 0.004, 155.64, 55.79);
insert into SHOT values (1524, 1519, 1532, 51, 4.780, 190.30, 10.10, 4.780, 190.28, 10.12, 0.002, 86.42, 50.65);
insert into SHOT values (1525, 1519, 1533, 51, 5.040, 197.20, 9.60, 5.043, 197.20, 9.59, 0.003, 190.10, -10.18);
insert into SHOT values (1526, 1519, 1534, 51, 5.130, 200.50, 9.60, 5.132, 200.48, 9.65, 0.005, 146.99, 60.05);
insert into SHOT values (1527, 1519, 1535, 51, 4.990, 194.20, 10.30, 4.989, 194.15, 10.28, 0.005, 95.56, -26.92);
insert into SHOT values (1528, 1519, 1536, 51, 4.720, 189.80, 11.10, 4.717, 189.83, 11.12, 0.005, 338.27, 16.31);
insert into SHOT values (1529, 1519, 1537, 51, 3.650, 79.40, 13.40, 3.650, 79.45, 13.47, 0.005, 180.76, 52.66);
insert into SHOT values (1530, 1519, 1538, 51, 3.810, 85.20, 11.50, 3.809, 85.24, 11.51, 0.002, 189.86, 9.46);
insert into SHOT values (1531, 1519, 1539, 51, 4.250, 98.00, 13.30, 4.254, 97.91, 13.32, 0.007, 37.03, 18.00);
insert into SHOT values (1532, 1519, 1540, 51, 4.190, 108.50, 12.30, 4.188, 108.52, 12.27, 0.004, 245.96, -46.29);
insert into SHOT values (1533, 1519, 1541, 51, 4.150, 117.40, 12.20, 4.151, 117.45, 12.24, 0.005, 200.34, 40.44);
insert into SHOT values (1534, 1519, 1542, 51, 4.470, 124.80, 12.50, 4.467, 124.82, 12.54, 0.004, 279.94, 35.05);
insert into SHOT values (1535, 1520, 1543, 51, 13.800, 72.70, -2.50, 13.774, 73.15, -2.46, 0.111, 176.44, 6.19);
insert into SHOT values (1536, 1543, 1544, 51, 21.000, 61.90, 1.00, 20.973, 62.38, 1.07, 0.181, 161.09, 7.46);
insert into SHOT values (1537, 1544, 1545, 51, 10.600, 39.30, 1.90, 10.558, 39.35, 1.95, 0.044, 207.81, 11.21);
insert into SHOT values (1538, 1545, 1546, 51, 3.600, 79.40, 9.80, 3.569, 79.68, 9.84, 0.035, 230.05, -4.48);
insert into SHOT values (1539, 1546, 1547, 51, 4.990, 79.50, -3.70, 4.969, 79.78, -3.69, 0.032, 210.56, 3.62);
insert into SHOT values (1540, 1547, 1548, 51, 3.920, 156.60, 2.90, 3.939, 156.95, 2.91, 0.031, 208.76, 3.11);
insert into SHOT values (1541, 1548, 1549, 51, 13.960, 121.30, 0.20, 13.962, 122.01, 0.25, 0.172, 210.86, 3.75);
insert into SHOT values (1542, 1549, 1550, 51, 4.120, 194.90, 17.80, 4.152, 195.09, 17.67, 0.036, 216.21, 0.85);
insert into SHOT values (1543, 1550, 1551, 51, 11.950, 194.10, 6.90, 11.985, 194.30, 6.85, 0.056, 244.33, -5.81);
insert into SHOT values (1544, 1551, 1552, 51, 13.230, 178.60, -3.60, 13.257, 179.00, -3.50, 0.100, 252.02, 12.01);
insert into SHOT values (1545, 1552, 1553, 51, 4.460, 178.30, 5.30, 4.490, 178.46, 5.24, 0.033, 200.74, -3.40);
insert into SHOT values (1546, 1553, 1554, 51, 7.790, 86.20, 2.00, 7.759, 86.60, 2.07, 0.063, 206.69, 7.40);
insert into SHOT values (1547, 1554, 1555, 51, 3.420, 100.20, -9.30, 3.410, 100.44, -9.28, 0.017, 223.51, 8.97);
insert into SHOT values (1548, 1555, 1556, 51, 14.300, 169.70, 0.80, 14.329, 170.24, 0.80, 0.137, 247.75, 0.14);
insert into SHOT values (1549, 1556, 1557, 51, 14.210, 187.90, 3.30, 14.241, 188.25, 3.30, 0.092, 258.59, 1.26);
insert into SURVEY values (53, 18, 'byaki_09', 'byaki_09.byaki', 'byaki 09');
 insert into CENTRELINE values (54, 53, NULL, NULL, NULL, 0.00, 0.00, 0.00);
 insert into CENTRELINE values (55, 53, NULL, '2025-01-07', NULL, 237.04, 0.00, 0.00);
 insert into TOPO values (1, 55);
 insert into TOPO values (2, 55);
 insert into TOPO values (3, 55);
 insert into SHOT values (1550, 1558, 1559, 55, 6.040, 100.50, 7.90, 6.037, 100.50, 7.90, 0.003, 275.86, -3.76);
insert into SHOT values (1551, 1559, 1560, 55, 4.870, 58.60, -7.10, 4.875, 58.61, -7.07, 0.006, 67.17, 19.38);
insert into SHOT values (1552, 1560, 1561, 55, 9.820, 91.80, 5.60, 9.822, 91.82, 5.61, 0.004, 150.77, 26.65);
insert into SHOT values (1553, 1561, 1562, 55, 4.250, 46.70, 0.70, 4.252, 46.62, 0.67, 0.006, 332.95, -17.32);
insert into SHOT values (1554, 1562, 1563, 55, 3.550, 75.90, 3.60, 3.553, 75.96, 3.55, 0.006, 129.83, -30.77);
insert into SHOT values (1555, 1563, 1564, 55, 12.900, 120.80, 0.10, 12.902, 120.82, 0.09, 0.005, 186.93, -28.19);
insert into SHOT values (1556, 1564, 1565, 55, 11.220, 117.20, -2.40, 11.218, 117.18, -2.40, 0.004, 353.14, -2.13);
insert into SHOT values (1557, 1565, 1566, 55, 6.590, 133.00, 5.20, 6.593, 133.03, 5.22, 0.005, 177.02, 33.46);
insert into SHOT values (1558, 1566, 1567, 55, 6.920, 86.50, 3.30, 6.914, 86.51, 3.32, 0.006, 252.71, 15.67);
insert into SHOT values (1559, 1567, 1568, 55, 5.310, 137.10, 3.00, 5.307, 137.06, 3.02, 0.005, 4.17, 25.05);
insert into SHOT values (1560, 1568, 1569, 55, 5.070, 98.20, -3.20, 5.069, 98.18, -3.17, 0.004, 350.33, 56.05);
insert into SHOT values (1561, 1569, 1570, 55, 2.780, 180.10, -1.60, 2.781, 180.00, -1.65, 0.006, 102.64, -25.57);
insert into SHOT values (1562, 1569, 1571, 55, 7.450, 99.00, 2.60, 7.450, 99.04, 2.54, 0.010, 186.96, -53.87);
insert into SHOT values (1563, 1571, 1572, 55, 2.800, 54.90, -5.30, 2.803, 54.77, -5.32, 0.007, 351.51, -11.10);
insert into SHOT values (1564, 1572, 1573, 55, 4.890, 152.70, 7.30, 4.893, 152.64, 7.40, 0.010, 88.76, 58.11);
insert into SHOT values (1565, 1573, 1574, 55, 2.660, 48.00, -9.80, 2.660, 48.09, -9.96, 0.008, 152.02, -58.53);
insert into SHOT values (1566, 1574, 1575, 55, 3.300, 131.10, 13.20, 3.299, 131.09, 13.32, 0.007, 332.42, 70.50);
insert into SHOT values (1567, 1574, 1576, 55, 6.130, 96.70, 1.30, 6.123, 96.66, 1.31, 0.008, 307.32, 6.40);
insert into SHOT values (1568, 1576, 1577, 55, 7.430, 55.80, 2.20, 7.428, 55.82, 2.24, 0.006, 191.98, 55.60);
insert into SHOT values (1569, 1577, 1578, 55, 3.020, 130.60, -1.30, 3.029, 130.58, -1.32, 0.009, 124.25, -9.18);
insert into SHOT values (1570, 1577, 1579, 55, 6.740, 106.70, -2.80, 6.744, 106.74, -2.80, 0.006, 160.18, -7.33);
insert into SHOT values (1571, 1579, 1580, 55, 3.320, 138.60, 21.20, 3.320, 138.54, 21.19, 0.004, 58.88, -9.52);
insert into SHOT values (1572, 1580, 1581, 55, 4.050, 117.80, -5.90, 4.048, 117.84, -5.96, 0.005, 252.32, -44.52);
insert into SHOT values (1573, 1581, 1582, 55, 4.960, 119.50, 1.00, 4.962, 119.46, 1.04, 0.005, 60.98, 39.13);
insert into SHOT values (1574, 1582, 1583, 55, 6.640, 169.40, -0.90, 6.634, 169.40, -0.95, 0.008, 347.67, -43.43);
insert into SHOT values (1575, 1583, 1584, 55, 2.310, 7.30, 0.60, 2.308, 7.22, 0.74, 0.007, 251.82, 57.60);
insert into SHOT values (1576, 1584, 1585, 55, 1.180, 354.20, 20.10, 1.176, 354.29, 19.89, 0.006, 141.10, -60.21);
insert into SHOT values (1577, 1584, 1586, 55, 1.490, 15.20, 20.50, 1.484, 15.44, 20.51, 0.008, 149.11, -12.83);
insert into SHOT values (1578, 1584, 1587, 55, 1.820, 31.10, 22.00, 1.819, 31.43, 21.95, 0.010, 120.51, -10.41);
insert into SHOT values (1579, 1584, 1588, 55, 2.120, 44.10, 22.20, 2.122, 44.18, 22.14, 0.004, 83.93, -14.16);
insert into SHOT values (1580, 1584, 1589, 55, 2.560, 56.00, 17.20, 2.559, 56.18, 17.28, 0.008, 161.06, 20.61);
insert into SHOT values (1581, 1584, 1590, 55, 2.440, 66.30, 22.70, 2.437, 66.40, 22.69, 0.005, 193.52, -18.13);
insert into SHOT values (1582, 1584, 1591, 55, 2.330, 76.10, 26.40, 2.335, 76.16, 26.45, 0.006, 108.30, 42.76);
insert into SHOT values (1583, 1584, 1592, 55, 2.640, 91.10, 21.70, 2.648, 91.16, 21.72, 0.009, 111.10, 25.57);
insert into SHOT values (1584, 1584, 1593, 55, 2.810, 103.00, 19.80, 2.814, 103.09, 19.73, 0.007, 143.52, -15.83);
insert into SHOT values (1585, 1584, 1594, 55, 3.320, 111.70, 15.00, 3.322, 111.77, 15.00, 0.004, 174.79, 9.54);
insert into SHOT values (1586, 1584, 1595, 55, 3.210, 124.50, 15.40, 3.213, 124.61, 15.34, 0.008, 183.71, -18.85);
insert into SHOT values (1587, 1584, 1596, 55, 3.460, 126.10, 13.60, 3.460, 126.05, 13.54, 0.005, 61.99, -49.15);
insert into SHOT values (1588, 1584, 1597, 55, 3.480, 136.00, 10.40, 3.487, 136.06, 10.41, 0.008, 163.59, 12.40);
insert into SHOT values (1589, 1584, 1598, 55, 2.960, 143.30, 11.60, 2.967, 143.25, 11.47, 0.010, 126.08, -30.37);
insert into SHOT values (1590, 1584, 1599, 55, 2.550, 148.20, 10.30, 2.561, 148.14, 10.35, 0.012, 134.20, 20.16);
insert into SHOT values (1591, 1584, 1600, 55, 1.880, 156.30, 11.60, 1.884, 156.35, 11.64, 0.004, 183.51, 27.94);
insert into SHOT values (1592, 1584, 1601, 55, 1.750, 172.00, 12.00, 1.754, 171.96, 11.84, 0.006, 160.15, -36.43);
insert into SHOT values (1593, 1584, 1602, 55, 1.850, 163.10, 14.20, 1.855, 162.87, 14.04, 0.010, 114.75, -21.89);
insert into SHOT values (1594, 1584, 1603, 55, 1.900, 160.50, 4.80, 1.908, 160.33, 4.81, 0.010, 123.37, 6.04);
insert into SHOT values (1595, 1584, 1604, 55, 1.860, 167.30, 0.40, 1.866, 167.30, 0.31, 0.006, 168.83, -27.82);
insert into SHOT values (1596, 1584, 1605, 55, 2.290, 192.80, 5.40, 2.295, 192.64, 5.25, 0.010, 143.23, -32.91);
insert into SHOT values (1597, 1584, 1606, 55, 2.320, 196.30, 2.10, 2.324, 196.25, 1.97, 0.007, 171.50, -46.25);
insert into SHOT values (1598, 1584, 1607, 55, 2.390, 199.80, 4.80, 2.387, 199.65, 4.81, 0.007, 83.08, 0.08);
insert into SHOT values (1599, 1584, 1608, 55, 2.580, 212.50, 3.20, 2.584, 212.33, 3.11, 0.009, 151.32, -25.35);
insert into SHOT values (1600, 1584, 1609, 55, 2.840, 218.70, 2.10, 2.841, 218.57, 2.02, 0.008, 138.41, -30.99);
insert into SHOT values (1601, 1584, 1610, 55, 2.930, 225.50, 4.50, 2.929, 225.42, 4.50, 0.004, 128.26, 1.53);
insert into SHOT values (1602, 1584, 1611, 55, 4.420, 228.50, 4.60, 4.420, 228.50, 4.54, 0.005, 203.11, -80.99);
insert into SHOT values (1603, 1584, 1612, 55, 4.770, 231.90, 8.00, 4.767, 231.80, 7.96, 0.010, 126.97, -23.31);
insert into SHOT values (1604, 1584, 1613, 55, 4.970, 233.20, 7.60, 4.966, 233.18, 7.64, 0.005, 77.99, 29.33);
insert into SHOT values (1605, 1584, 1614, 55, 2.410, 235.90, 8.20, 2.407, 235.78, 8.12, 0.007, 117.11, -32.49);
insert into SHOT values (1606, 1584, 1615, 55, 1.380, 243.60, 11.50, 1.377, 243.62, 11.31, 0.005, 44.75, -70.65);
insert into SHOT values (1607, 1584, 1616, 55, 1.090, 251.20, 12.50, 1.084, 250.71, 12.25, 0.012, 133.68, -30.08);
insert into SHOT values (1608, 1584, 1617, 55, 0.960, 263.20, 13.50, 0.952, 263.18, 13.36, 0.008, 85.64, -30.66);
insert into SHOT values (1609, 1584, 1618, 55, 0.910, 276.40, 13.20, 0.910, 276.48, 13.34, 0.003, 19.30, 59.09);
insert into SHOT values (1610, 1584, 1619, 55, 0.980, 174.90, -35.30, 0.985, 175.00, -35.37, 0.005, 198.15, -46.37);
insert into SHOT values (1611, 1584, 1620, 55, 0.990, 173.40, -35.90, 0.993, 172.87, -35.73, 0.009, 113.32, 3.42);
insert into SHOT values (1612, 1620, 1621, 55, 3.030, 249.90, 18.30, 3.038, 249.93, 18.23, 0.009, 260.77, -9.27);
insert into SHOT values (1613, 1621, 1622, 55, 0.760, 95.50, 7.60, 0.760, 95.33, 7.56, 0.002, 3.75, -13.13);
insert into SHOT values (1614, 1621, 1623, 55, 0.550, 109.70, 5.50, 0.553, 109.09, 5.19, 0.007, 45.16, -22.82);
insert into SHOT values (1615, 1621, 1624, 55, 0.480, 140.90, 3.40, 0.484, 140.04, 3.56, 0.008, 76.69, 10.82);
insert into SHOT values (1616, 1621, 1625, 55, 0.520, 176.00, 4.30, 0.523, 175.60, 4.39, 0.005, 125.46, 12.14);
insert into SHOT values (1617, 1621, 1626, 55, 0.710, 204.50, 4.20, 0.704, 204.38, 4.07, 0.006, 40.02, -19.44);
insert into SHOT values (1618, 1621, 1627, 55, 1.380, 227.60, 3.30, 1.375, 227.36, 3.33, 0.007, 97.76, 4.31);
insert into SHOT values (1619, 1621, 1628, 55, 1.920, 237.60, 5.90, 1.916, 237.64, 5.99, 0.005, 37.08, 32.24);
insert into SHOT values (1620, 1621, 1629, 55, 2.110, 242.40, 3.40, 2.102, 242.46, 3.55, 0.010, 48.52, 28.91);
insert into SHOT values (1621, 1621, 1630, 55, 1.400, 234.90, -20.60, 1.396, 234.97, -20.56, 0.005, 31.56, 31.86);
insert into SHOT values (1622, 1630, 1631, 55, 1.740, 260.40, 5.70, 1.733, 260.32, 5.63, 0.008, 99.97, -21.20);
insert into SHOT values (1623, 1631, 1632, 55, 1.720, 63.00, 0.20, 1.717, 62.99, 0.33, 0.005, 251.19, 56.31);
insert into SHOT values (1624, 1631, 1633, 55, 1.110, 54.10, 3.00, 1.104, 53.86, 3.12, 0.008, 270.14, 13.55);
insert into SHOT values (1625, 1631, 1634, 55, 0.540, 30.30, 6.10, 0.537, 30.41, 6.42, 0.005, 194.09, 35.24);
insert into SHOT values (1626, 1631, 1635, 55, 0.410, 359.90, 14.00, 0.412, 358.57, 14.03, 0.010, 283.18, 4.86);
insert into SHOT values (1627, 1631, 1636, 55, 0.510, 336.40, 11.40, 0.515, 335.46, 11.19, 0.010, 280.78, -4.59);
insert into SHOT values (1628, 1631, 1637, 55, 0.580, 335.10, 21.30, 0.581, 334.86, 21.20, 0.003, 266.56, -15.43);
insert into SHOT values (1629, 1631, 1638, 55, 0.800, 297.20, 10.30, 0.799, 297.22, 10.09, 0.003, 17.29, -85.78);
insert into SHOT values (1630, 1631, 1639, 55, 1.200, 270.30, 8.30, 1.202, 270.48, 8.13, 0.006, 325.65, -35.16);
insert into SHOT values (1631, 1631, 1640, 55, 1.470, 257.20, 3.60, 1.480, 257.09, 3.49, 0.011, 242.05, -12.26);
insert into SHOT values (1632, 1631, 1641, 55, 2.910, 249.70, 1.80, 2.912, 249.70, 1.77, 0.003, 246.35, -31.63);
insert into SHOT values (1633, 1631, 1642, 55, 3.110, 246.70, 0.70, 3.114, 246.73, 0.74, 0.004, 270.82, 27.54);
insert into SHOT values (1634, 1631, 1643, 55, 2.200, 244.00, 1.10, 2.201, 244.13, 1.04, 0.006, 324.55, -23.24);
insert into SHOT values (1635, 1631, 1644, 55, 2.160, 238.90, 4.40, 2.164, 239.04, 4.51, 0.008, 292.28, 33.85);
insert into SHOT values (1636, 1631, 1645, 55, 1.270, 349.00, -79.20, 1.272, 347.74, -79.34, 0.006, 231.89, -23.15);
insert into SHOT values (1637, 1631, 1646, 55, 1.390, 55.00, -37.90, 1.383, 54.71, -37.94, 0.009, 275.97, 24.37);
insert into SHOT values (1638, 1631, 1647, 55, 1.270, 45.10, -60.60, 1.273, 45.00, -60.73, 0.004, 267.37, -65.59);
insert into SHOT values (1639, 1631, 1648, 55, 1.230, 24.50, -81.90, 1.232, 23.63, -81.85, 0.004, 320.84, -37.49);
insert into SHOT values (1640, 1631, 1649, 55, 1.400, 244.00, -73.10, 1.402, 244.06, -72.93, 0.005, 249.29, -5.85);
insert into SHOT values (1641, 1631, 1650, 55, 1.710, 239.00, -51.50, 1.716, 239.13, -51.34, 0.008, 257.00, -12.66);
insert into SHOT values (1642, 1631, 1651, 55, 2.140, 245.00, -13.40, 2.144, 245.03, -13.49, 0.005, 266.21, -50.81);
insert into SHOT values (1643, 1631, 1652, 55, 2.100, 243.50, -5.70, 2.099, 243.56, -5.74, 0.003, 1.68, -30.94);
insert into SHOT values (1644, 1631, 1653, 55, 2.160, 242.50, 5.30, 2.161, 242.60, 5.31, 0.004, 324.17, 7.12);
insert into SHOT values (1645, 1631, 1654, 55, 2.080, 240.40, 13.00, 2.087, 240.53, 13.02, 0.008, 277.79, 14.94);
insert into SHOT values (1646, 1631, 1655, 55, 1.600, 242.90, 27.80, 1.604, 242.71, 27.88, 0.006, 180.61, 35.74);
insert into SHOT values (1647, 1631, 1656, 55, 1.170, 251.00, 38.80, 1.175, 250.97, 38.42, 0.009, 248.21, -20.29);
insert into SHOT values (1648, 1631, 1657, 55, 1.080, 254.50, 46.50, 1.080, 254.48, 46.23, 0.005, 249.82, -41.47);
insert into SHOT values (1649, 1631, 1658, 55, 0.800, 256.70, 61.10, 0.802, 256.68, 60.84, 0.004, 254.24, -5.46);
insert into SHOT values (1650, 1631, 1659, 55, 0.710, 246.60, 85.10, 0.713, 251.57, 84.91, 0.007, 313.26, 23.52);
insert into SHOT values (1651, 1631, 1660, 55, 0.750, 59.20, 60.90, 0.754, 58.50, 61.15, 0.007, 314.34, 45.29);
insert into SHOT values (1652, 1631, 1661, 55, 1.160, 61.90, 40.70, 1.157, 61.97, 41.06, 0.008, 233.81, 26.49);
insert into SHOT values (1653, 1631, 1662, 55, 2.730, 70.80, 23.50, 2.726, 70.84, 23.57, 0.006, 232.25, 14.53);
insert into SHOT values (1654, 1631, 1663, 55, 3.500, 71.40, 14.30, 3.494, 71.40, 14.25, 0.007, 248.15, -43.43);
insert into SHOT values (1655, 1631, 1664, 55, 5.990, 69.80, 7.10, 5.981, 69.79, 7.11, 0.009, 253.70, -2.42);
insert into SHOT values (1656, 1631, 1665, 55, 8.340, 68.30, 2.90, 8.332, 68.28, 2.89, 0.009, 271.65, -12.14);
insert into SHOT values (1657, 1631, 1666, 55, 7.610, 67.30, -1.90, 7.602, 67.32, -1.88, 0.009, 232.37, 15.38);
insert into SHOT values (1658, 1631, 1667, 55, 7.600, 66.60, -5.30, 7.597, 66.55, -5.29, 0.007, 311.84, 16.37);
insert into SHOT values (1659, 1631, 1668, 55, 2.700, 66.10, -7.50, 2.691, 66.12, -7.47, 0.009, 238.45, 15.64);
insert into SHOT values (1660, 1631, 1669, 55, 2.290, 68.50, -15.10, 2.284, 68.44, -15.23, 0.008, 267.50, -25.89);
insert into SHOT values (1661, 1631, 1670, 55, 1.800, 67.10, -20.10, 1.795, 66.94, -20.20, 0.008, 287.38, -10.69);
insert into SHOT values (1662, 1631, 1671, 55, 1.280, 57.80, -44.90, 1.272, 57.72, -45.04, 0.009, 246.46, 24.05);
insert into SHOT values (1663, 1631, 1672, 55, 2.200, 245.10, 5.60, 2.202, 245.19, 5.47, 0.006, 294.77, -46.56);
insert into SHOT values (1664, 1672, 1673, 55, 1.240, 241.40, -1.40, 1.245, 241.17, -1.38, 0.007, 193.84, 2.49);
insert into SHOT values (1665, 1672, 1674, 55, 0.830, 253.80, -4.00, 0.834, 253.96, -3.44, 0.009, 281.52, 57.67);
insert into SHOT values (1666, 1672, 1675, 55, 0.690, 277.20, -5.40, 0.687, 276.71, -5.01, 0.008, 165.99, 38.15);
insert into SHOT values (1667, 1672, 1676, 55, 0.540, 306.20, -3.80, 0.545, 306.03, -3.16, 0.008, 288.84, 46.49);
insert into SHOT values (1668, 1672, 1677, 55, 0.380, 338.30, 2.20, 0.377, 338.20, 3.04, 0.006, 171.89, 62.33);
insert into SHOT values (1669, 1672, 1678, 55, 0.430, 26.70, 11.00, 0.426, 27.18, 12.21, 0.011, 177.23, 48.24);
insert into SHOT values (1670, 1672, 1679, 55, 0.770, 45.30, 9.60, 0.768, 45.54, 9.75, 0.004, 175.05, 21.44);
insert into SHOT values (1671, 1672, 1680, 55, 0.750, 44.60, 6.90, 0.748, 44.45, 6.91, 0.003, 266.90, -2.10);
insert into SHOT values (1672, 1672, 1681, 55, 2.300, 52.00, 5.50, 2.298, 51.93, 5.74, 0.010, 276.95, 66.72);
insert into SHOT values (1673, 1672, 1682, 55, 2.920, 59.00, 4.60, 2.917, 58.93, 4.72, 0.008, 280.85, 49.59);
insert into SHOT values (1674, 1672, 1683, 55, 3.380, 61.20, 2.70, 3.378, 61.31, 2.71, 0.007, 168.12, 6.68);
insert into SHOT values (1675, 1672, 1684, 55, 1.480, 71.60, -1.20, 1.474, 71.81, -1.17, 0.008, 209.72, 6.98);
insert into SHOT values (1676, 1672, 1685, 55, 2.370, 69.10, -0.90, 2.364, 69.19, -0.73, 0.010, 215.25, 47.73);
insert into SHOT values (1677, 1672, 1686, 55, 1.210, 76.50, 8.60, 1.208, 76.43, 9.05, 0.010, 281.96, 69.36);
insert into SHOT values (1678, 1672, 1687, 55, 1.020, 83.10, 5.30, 1.022, 83.22, 5.62, 0.006, 139.58, 65.40);
insert into SHOT values (1679, 1672, 1688, 55, 1.020, 82.90, 3.00, 1.019, 83.22, 3.38, 0.009, 187.64, 48.02);
insert into SHOT values (1680, 1672, 1689, 55, 1.030, 93.90, 5.50, 1.027, 93.93, 5.59, 0.003, 264.71, 23.82);
insert into SHOT values (1681, 1672, 1690, 55, 1.020, 108.40, 6.40, 1.019, 108.43, 6.76, 0.007, 268.60, 73.87);
insert into SHOT values (1682, 1672, 1691, 55, 0.670, 122.70, 9.10, 0.675, 122.74, 9.38, 0.006, 128.31, 43.95);
insert into SHOT values (1683, 1672, 1692, 55, 0.500, 247.40, 26.20, 0.508, 247.96, 26.91, 0.011, 292.46, 55.74);
insert into SHOT values (1684, 1672, 1693, 55, 1.080, 244.60, -9.30, 1.078, 244.40, -9.07, 0.006, 135.62, 48.76);
insert into SHOT values (1685, 1672, 1694, 55, 0.280, 243.30, -31.90, 0.275, 242.35, -30.56, 0.009, 143.46, 63.49);
insert into SHOT values (1686, 1672, 1695, 55, 1.040, 249.50, -42.10, 1.033, 249.44, -41.90, 0.008, 85.09, 68.88);
insert into SHOT values (1687, 1672, 1696, 55, 1.180, 253.80, -56.00, 1.172, 253.22, -55.85, 0.011, 148.31, 49.96);
insert into SHOT values (1688, 1672, 1697, 55, 0.670, 258.70, -61.60, 0.660, 259.05, -61.44, 0.010, 45.57, 69.57);
insert into SHOT values (1689, 1672, 1698, 55, 0.750, 271.00, -72.00, 0.746, 270.00, -72.05, 0.005, 156.87, 36.82);
insert into SHOT values (1690, 1672, 1699, 55, 1.480, 321.40, -79.30, 1.475, 321.01, -79.44, 0.007, 163.21, 40.69);
insert into SHOT values (1691, 1672, 1700, 55, 1.210, 32.70, -80.20, 1.207, 32.91, -80.34, 0.004, 200.89, 33.47);
insert into SHOT values (1692, 1672, 1701, 55, 1.830, 73.20, -76.00, 1.824, 72.80, -76.05, 0.007, 298.10, 52.48);
insert into SHOT values (1693, 1672, 1702, 55, 1.590, 73.20, -68.00, 1.586, 73.39, -67.97, 0.005, 185.38, 62.86);
insert into SHOT values (1694, 1672, 1703, 55, 2.440, 61.80, -57.20, 2.436, 61.88, -57.32, 0.007, 226.67, 8.33);
insert into SHOT values (1695, 1672, 1704, 55, 3.080, 61.00, -56.20, 3.073, 61.04, -56.09, 0.010, 114.97, 80.47);
insert into SHOT values (1696, 1672, 1705, 55, 3.150, 59.90, -53.90, 3.143, 59.83, -53.92, 0.008, 262.12, 41.96);
insert into SHOT values (1697, 1672, 1706, 55, 3.250, 58.40, -50.70, 3.245, 58.32, -50.67, 0.006, 292.90, 54.53);
insert into SHOT values (1698, 1672, 1707, 55, 2.560, 57.10, -44.10, 2.557, 57.00, -44.11, 0.004, 291.83, 21.84);
insert into SHOT values (1699, 1672, 1708, 55, 2.910, 56.10, -36.90, 2.906, 56.04, -36.79, 0.008, 324.09, 70.42);
insert into SHOT values (1700, 1672, 1709, 55, 2.920, 58.60, -29.20, 2.914, 58.50, -29.16, 0.008, 289.35, 37.26);
insert into SHOT values (1701, 1672, 1710, 55, 0.270, 60.80, -25.30, 0.266, 60.26, -24.46, 0.006, 286.49, 59.17);
insert into SHOT values (1702, 1672, 1711, 55, 3.400, 62.70, -19.20, 3.393, 62.72, -19.09, 0.009, 230.55, 62.73);
insert into SHOT values (1703, 1672, 1712, 55, 3.990, 64.30, -12.20, 3.985, 64.29, -12.17, 0.005, 253.40, 36.67);
insert into SHOT values (1704, 1672, 1713, 55, 12.200, 65.40, -8.50, 12.198, 65.41, -8.49, 0.004, 196.41, 47.87);
insert into SHOT values (1705, 1672, 1714, 55, 9.980, 65.70, -5.00, 9.978, 65.70, -4.94, 0.010, 222.85, 79.87);
insert into SHOT values (1706, 1672, 1715, 55, 10.440, 66.70, -0.70, 10.442, 66.70, -0.66, 0.008, 69.15, 73.15);
insert into SHOT values (1707, 1672, 1716, 55, 10.530, 67.50, 0.90, 10.533, 67.50, 0.92, 0.005, 73.00, 58.01);
insert into SHOT values (1708, 1672, 1717, 55, 10.550, 67.40, 2.70, 10.551, 67.40, 2.72, 0.003, 78.91, 72.36);
insert into SHOT values (1709, 1672, 1718, 55, 4.270, 66.50, 5.30, 4.269, 66.57, 5.38, 0.008, 170.55, 45.65);
insert into SHOT values (1710, 1672, 1719, 55, 2.530, 63.50, 8.60, 2.529, 63.64, 8.64, 0.007, 168.37, 14.85);
insert into SHOT values (1711, 1672, 1720, 55, 1.660, 60.20, 14.80, 1.660, 60.08, 15.01, 0.007, 311.55, 58.81);
insert into SHOT values (1712, 1672, 1721, 55, 1.210, 54.40, 23.50, 1.208, 54.58, 23.93, 0.010, 200.73, 49.75);
insert into SHOT values (1713, 1672, 1722, 55, 1.100, 62.10, 27.60, 1.096, 62.38, 27.72, 0.006, 193.85, 3.38);
insert into SHOT values (1714, 1621, 1723, 55, 0.970, 251.50, 11.50, 0.968, 251.57, 11.33, 0.004, 41.21, -57.76);
insert into SHOT values (1715, 1621, 1724, 55, 1.460, 257.70, 8.50, 1.460, 257.60, 8.66, 0.005, 161.12, 58.95);
insert into SHOT values (1716, 1621, 1725, 55, 3.130, 260.30, 5.90, 3.120, 260.36, 5.89, 0.010, 62.80, -9.86);
insert into SHOT values (1717, 1621, 1726, 55, 2.880, 264.50, 4.50, 2.872, 264.59, 4.59, 0.010, 56.74, 23.13);
insert into SHOT values (1718, 1621, 1727, 55, 2.500, 269.50, 4.30, 2.497, 269.54, 4.36, 0.004, 58.54, 37.21);
insert into SHOT values (1719, 1621, 1728, 55, 2.420, 270.90, 3.90, 2.416, 270.95, 3.80, 0.006, 63.13, -45.02);
insert into SHOT values (1720, 1621, 1729, 55, 1.520, 272.80, 4.60, 1.517, 273.03, 4.54, 0.007, 28.82, -15.55);
insert into SHOT values (1721, 1621, 1730, 55, 1.310, 276.90, 6.60, 1.309, 277.07, 6.58, 0.004, 27.33, -7.84);
insert into SHOT values (1722, 1621, 1731, 55, 1.040, 283.10, 8.40, 1.039, 283.50, 8.30, 0.007, 16.89, -15.14);
insert into SHOT values (1723, 1621, 1732, 55, 0.950, 289.40, 8.70, 0.943, 289.41, 8.53, 0.007, 108.48, -31.37);
insert into SHOT values (1724, 1621, 1733, 55, 0.640, 298.10, 8.90, 0.634, 298.61, 9.07, 0.008, 74.30, 6.97);
insert into SHOT values (1725, 1621, 1734, 55, 0.540, 310.80, 10.90, 0.541, 311.19, 10.66, 0.004, 21.73, -29.14);
insert into SHOT values (1726, 1621, 1735, 55, 0.540, 322.00, 9.10, 0.536, 322.70, 9.67, 0.009, 91.18, 29.04);
insert into SHOT values (1727, 1621, 1736, 55, 0.420, 342.50, 11.00, 0.425, 343.30, 10.84, 0.008, 30.32, -1.02);
insert into SHOT values (1728, 1621, 1737, 55, 0.480, 358.00, 13.00, 0.483, 358.78, 13.17, 0.007, 67.74, 16.50);
insert into SHOT values (1729, 1621, 1738, 55, 0.630, 19.10, 12.70, 0.633, 19.90, 12.79, 0.009, 94.84, 9.52);
insert into SHOT values (1730, 1621, 1739, 55, 0.500, 2.40, 12.80, 0.503, 2.34, 12.64, 0.003, 351.67, -15.03);
insert into SHOT values (1731, 1621, 1740, 55, 0.630, 21.30, 9.90, 0.634, 21.63, 10.00, 0.005, 68.73, 19.00);
insert into SHOT values (1732, 1621, 1741, 55, 0.680, 27.90, 9.60, 0.680, 28.47, 9.31, 0.008, 112.11, -26.72);
insert into SHOT values (1733, 1621, 1742, 55, 1.470, 33.60, 8.40, 1.471, 33.80, 8.21, 0.007, 103.51, -41.34);
insert into SHOT values (1734, 1621, 1743, 55, 1.500, 36.50, 6.30, 1.503, 36.56, 6.11, 0.006, 64.62, -52.81);
insert into SHOT values (1735, 1621, 1744, 55, 2.600, 40.40, 1.60, 2.604, 40.48, 1.54, 0.006, 82.07, -24.88);
insert into SHOT values (1736, 1621, 1745, 55, 2.640, 41.00, -4.40, 2.644, 41.00, -4.34, 0.005, 42.11, 28.70);
insert into SHOT values (1737, 1621, 1746, 55, 2.710, 45.10, -5.20, 2.720, 45.15, -5.27, 0.011, 59.13, -24.40);
insert into SHOT values (1738, 1621, 1747, 55, 2.750, 46.90, -5.50, 2.750, 46.92, -5.42, 0.004, 105.19, 69.39);
insert into SHOT values (1739, 1621, 1748, 55, 4.210, 49.10, -6.10, 4.214, 49.16, -6.13, 0.006, 98.25, -23.88);
insert into SHOT values (1740, 1584, 1749, 55, 12.490, 187.70, -2.10, 12.491, 187.69, -2.11, 0.003, 111.53, -42.40);
insert into SHOT values (1741, 1749, 1750, 55, 2.340, 212.50, 2.50, 2.335, 212.40, 2.45, 0.007, 74.76, -18.17);
insert into SHOT values (1742, 1749, 1751, 55, 2.140, 223.40, 0.50, 2.144, 223.30, 0.53, 0.005, 176.57, 14.30);
insert into SHOT values (1743, 1749, 1752, 55, 1.750, 241.40, -1.90, 1.746, 241.23, -1.97, 0.007, 116.05, -17.53);
insert into SHOT values (1744, 1749, 1753, 55, 1.580, 247.30, -5.00, 1.579, 247.18, -5.09, 0.004, 141.44, -34.72);
insert into SHOT values (1745, 1749, 1754, 55, 1.770, 276.00, -3.80, 1.763, 275.87, -3.90, 0.008, 125.62, -18.81);
insert into SHOT values (1746, 1749, 1755, 55, 1.760, 277.10, -2.60, 1.756, 277.21, -2.61, 0.005, 60.29, -1.70);
insert into SHOT values (1747, 1749, 1756, 55, 1.990, 291.10, -2.60, 1.984, 291.00, -2.60, 0.007, 140.48, 2.13);
insert into SHOT values (1748, 1749, 1757, 55, 2.360, 306.50, -2.90, 2.355, 306.53, -2.92, 0.005, 113.01, -6.75);
insert into SHOT values (1749, 1749, 1758, 55, 2.740, 318.50, 1.20, 2.735, 318.56, 1.26, 0.006, 108.05, 25.66);
insert into SHOT values (1750, 1749, 1759, 55, 3.080, 322.80, 3.20, 3.081, 322.79, 3.16, 0.002, 304.80, -65.02);
insert into SHOT values (1751, 1749, 1760, 55, 4.910, 325.90, 3.10, 4.911, 325.89, 3.15, 0.005, 277.65, 73.77);
insert into SHOT values (1752, 1749, 1761, 55, 5.720, 329.50, 2.60, 5.717, 329.48, 2.61, 0.003, 177.82, 8.64);
insert into SHOT values (1753, 1749, 1762, 55, 5.860, 332.20, 2.40, 5.861, 332.21, 2.44, 0.005, 34.85, 76.58);
insert into SHOT values (1754, 1749, 1763, 55, 6.660, 333.30, 2.40, 6.656, 333.28, 2.41, 0.005, 181.98, 13.44);
insert into SHOT values (1755, 1749, 1764, 55, 7.030, 336.50, 2.00, 7.027, 336.50, 2.04, 0.006, 153.50, 54.20);
insert into SHOT values (1756, 1749, 1765, 55, 8.480, 339.90, 1.10, 8.477, 339.92, 1.08, 0.005, 119.03, -33.46);
insert into SHOT values (1757, 1749, 1766, 55, 8.690, 342.50, 1.30, 8.684, 342.50, 1.32, 0.007, 156.53, 24.74);
insert into SHOT values (1758, 1749, 1767, 55, 8.760, 346.30, 0.60, 8.759, 346.33, 0.59, 0.005, 93.79, -20.65);
insert into SHOT values (1759, 1749, 1768, 55, 8.780, 349.40, 0.50, 8.779, 349.43, 0.52, 0.006, 88.22, 33.89);
insert into SHOT values (1760, 1749, 1769, 55, 6.170, 350.30, 0.90, 6.169, 350.29, 0.93, 0.003, 207.82, 69.14);
insert into SHOT values (1761, 1749, 1770, 55, 6.050, 351.80, 1.00, 6.052, 351.83, 1.04, 0.006, 45.08, 48.41);
insert into SHOT values (1762, 1749, 1771, 55, 6.050, 352.90, 0.10, 6.047, 352.87, 0.09, 0.004, 211.58, -7.54);
insert into SHOT values (1763, 1749, 1772, 55, 8.900, 354.20, 0.60, 8.896, 354.19, 0.58, 0.005, 189.31, -38.61);
insert into SHOT values (1764, 1749, 1773, 55, 8.870, 356.90, 0.50, 8.863, 356.90, 0.52, 0.007, 182.91, 21.20);
insert into SHOT values (1765, 1749, 1774, 55, 8.800, 359.50, 0.90, 8.801, 359.48, 0.91, 0.004, 293.83, 26.80);
insert into SHOT values (1766, 1749, 1775, 55, 8.770, 2.00, 0.80, 8.766, 2.03, 0.78, 0.006, 133.83, -24.03);
insert into SHOT values (1767, 1749, 1776, 55, 9.430, 3.50, 1.10, 9.430, 3.53, 1.09, 0.005, 98.71, -13.00);
insert into SHOT values (1768, 1749, 1777, 55, 9.830, 4.90, 2.80, 9.828, 4.91, 2.80, 0.003, 150.38, -4.03);
insert into SHOT values (1769, 1749, 1778, 55, 11.240, 13.20, 2.10, 11.236, 13.23, 2.09, 0.008, 138.29, -13.85);
insert into SHOT values (1770, 1749, 1779, 55, 3.600, 14.00, 1.80, 3.598, 14.00, 1.75, 0.003, 200.04, -65.13);
insert into SHOT values (1771, 1749, 1780, 55, 3.480, 14.90, 2.30, 3.481, 15.00, 2.30, 0.006, 92.71, 3.31);
insert into SHOT values (1772, 1749, 1781, 55, 2.500, 17.20, 4.20, 2.499, 17.27, 4.13, 0.004, 123.28, -43.62);
insert into SHOT values (1773, 1749, 1782, 55, 2.510, 18.90, 6.80, 2.513, 18.94, 6.86, 0.004, 52.92, 39.80);
insert into SHOT values (1774, 1749, 1783, 55, 2.780, 319.60, 0.40, 2.781, 319.67, 0.41, 0.003, 30.17, 9.76);
insert into SHOT values (1775, 1783, 1784, 55, 6.030, 350.20, 3.00, 6.027, 350.15, 3.04, 0.008, 232.53, 34.78);
insert into SHOT values (1776, 1783, 1785, 55, 6.410, 358.30, 1.00, 6.404, 358.30, 0.98, 0.006, 178.78, -16.77);
insert into SHOT values (1777, 1783, 1786, 55, 6.770, 4.60, 0.70, 6.762, 4.58, 0.68, 0.009, 200.70, -18.24);
insert into SHOT values (1778, 1783, 1787, 55, 6.870, 7.60, 1.50, 6.863, 7.62, 1.50, 0.008, 166.85, 1.25);
insert into SHOT values (1779, 1783, 1788, 55, 4.520, 8.90, 0.90, 4.515, 8.92, 0.89, 0.005, 171.01, -11.08);
insert into SHOT values (1780, 1783, 1789, 55, 4.020, 11.50, 1.40, 4.012, 11.51, 1.43, 0.008, 188.54, 12.25);
insert into SHOT values (1781, 1783, 1790, 55, 4.050, 13.80, 1.40, 4.049, 13.86, 1.42, 0.005, 114.42, 12.74);
insert into SHOT values (1782, 1783, 1791, 55, 6.970, 16.10, 1.70, 6.966, 16.09, 1.73, 0.005, 208.89, 37.49);
insert into SHOT values (1783, 1783, 1792, 55, 6.970, 17.50, 3.30, 6.963, 17.50, 3.29, 0.007, 200.95, -10.13);
insert into SHOT values (1784, 1783, 1793, 55, 7.870, 18.70, 3.40, 7.869, 18.71, 3.42, 0.004, 139.47, 60.11);
insert into SHOT values (1785, 1783, 1794, 55, 9.890, 26.50, 2.80, 9.891, 26.51, 2.78, 0.004, 98.02, -52.52);
insert into SHOT values (1786, 1783, 1795, 55, 9.860, 31.20, 3.00, 9.858, 31.20, 3.02, 0.005, 197.74, 58.31);
insert into SHOT values (1787, 1783, 1796, 55, 9.920, 33.80, 2.90, 9.917, 33.80, 2.89, 0.004, 206.25, -31.00);
insert into SHOT values (1788, 1783, 1797, 55, 8.490, 36.00, 3.70, 8.487, 36.02, 3.72, 0.005, 178.58, 26.58);
insert into SHOT values (1789, 1783, 1798, 55, 9.030, 39.50, 3.60, 9.026, 39.50, 3.62, 0.006, 211.38, 32.51);
insert into SHOT values (1790, 1783, 1799, 55, 6.530, 42.10, 2.60, 6.528, 42.08, 2.63, 0.005, 268.06, 48.19);
insert into SHOT values (1791, 1783, 1800, 55, 6.620, 46.60, 3.20, 6.617, 46.59, 3.21, 0.003, 239.52, 9.32);
insert into SHOT values (1792, 1783, 1801, 55, 6.240, 49.70, 3.00, 6.238, 49.69, 3.03, 0.004, 260.19, 53.15);
insert into SHOT values (1793, 1783, 1802, 55, 5.070, 52.70, 3.40, 5.069, 52.79, 3.39, 0.008, 149.79, -4.85);
insert into SHOT values (1794, 1783, 1803, 55, 4.450, 55.10, 3.50, 4.447, 55.09, 3.48, 0.004, 245.62, -27.88);
insert into SHOT values (1795, 1783, 1804, 55, 3.960, 58.60, 3.50, 3.952, 58.69, 3.48, 0.010, 201.89, -9.86);
insert into SHOT values (1796, 1783, 1805, 55, 3.050, 62.60, 3.70, 3.048, 62.59, 3.76, 0.004, 252.68, 54.13);
insert into SHOT values (1797, 1783, 1806, 55, 3.010, 70.20, 3.80, 3.011, 70.36, 3.81, 0.008, 150.43, 3.49);
insert into SHOT values (1798, 1783, 1807, 55, 2.630, 79.90, 5.10, 2.629, 80.11, 5.02, 0.010, 173.88, -21.88);
insert into SHOT values (1799, 1783, 1808, 55, 3.080, 75.60, 9.00, 3.081, 75.74, 8.96, 0.008, 151.88, -13.79);
insert into SHOT values (1800, 1783, 1809, 55, 2.560, 81.00, 9.40, 2.555, 81.10, 9.46, 0.007, 221.64, 15.46);
insert into SHOT values (1801, 1783, 1810, 55, 2.500, 88.20, 8.00, 2.496, 88.38, 8.06, 0.009, 209.82, 13.01);
insert into SHOT values (1802, 1783, 1811, 55, 2.550, 98.80, 7.30, 2.550, 98.87, 7.21, 0.005, 171.72, -52.50);
insert into SHOT values (1803, 1783, 1812, 55, 2.480, 107.50, 5.10, 2.486, 107.63, 5.08, 0.008, 150.07, -3.15);
insert into SHOT values (1804, 1783, 1813, 55, 2.610, 116.90, 4.40, 2.611, 116.96, 4.39, 0.003, 195.57, -4.96);
insert into SHOT values (1805, 1783, 1814, 55, 2.520, 127.10, 4.30, 2.519, 127.23, 4.33, 0.006, 225.40, 10.00);
insert into SHOT values (1806, 1783, 1815, 55, 2.720, 134.70, 3.70, 2.721, 134.70, 3.79, 0.005, 139.02, 77.41);
insert into SHOT values (1807, 1783, 1816, 55, 2.880, 141.70, 1.80, 2.878, 141.78, 1.79, 0.004, 256.78, -6.30);
insert into SHOT values (1808, 1783, 1817, 55, 2.870, 140.80, 3.40, 2.877, 140.94, 3.39, 0.010, 184.26, -1.22);
insert into SHOT values (1809, 1783, 1818, 55, 3.390, 151.30, 2.10, 3.399, 151.32, 2.19, 0.011, 159.69, 32.60);
insert into SHOT values (1810, 1783, 1819, 55, 4.970, 154.20, -0.10, 4.974, 154.26, -0.12, 0.006, 209.72, -11.99);
insert into SHOT values (1811, 1783, 1820, 55, 5.020, 156.60, 0.60, 5.021, 156.65, 0.57, 0.005, 228.83, -28.42);
insert into SHOT values (1812, 1820, 1821, 55, 4.450, 153.20, 0.20, 4.450, 153.15, 0.26, 0.006, 61.20, 47.34);
insert into SHOT values (1813, 1820, 1822, 55, 3.060, 156.90, 1.50, 3.066, 156.95, 1.50, 0.006, 181.27, -0.92);
insert into SHOT values (1814, 1820, 1823, 55, 2.940, 162.00, 1.00, 2.945, 162.00, 0.97, 0.005, 159.34, -15.84);
insert into SHOT values (1815, 1820, 1824, 55, 3.000, 164.70, 1.70, 2.997, 164.71, 1.72, 0.003, 332.09, 20.25);
insert into SHOT values (1816, 1820, 1825, 55, 4.030, 166.60, 0.20, 4.031, 166.52, 0.28, 0.008, 87.52, 44.36);
insert into SHOT values (1817, 1820, 1826, 55, 5.100, 168.90, 2.20, 5.099, 168.91, 2.25, 0.004, 308.45, 71.00);
insert into SHOT values (1818, 1820, 1827, 55, 5.080, 172.20, 1.10, 5.078, 172.19, 1.13, 0.003, 18.47, 48.60);
insert into SHOT values (1819, 1820, 1828, 55, 7.350, 179.70, 2.80, 7.349, 179.69, 2.81, 0.002, 54.24, 26.37);
insert into SHOT values (1820, 1820, 1829, 55, 7.040, 183.30, 1.50, 7.044, 183.26, 1.55, 0.009, 128.61, 41.14);
insert into SHOT values (1821, 1820, 1830, 55, 7.090, 186.20, 2.00, 7.095, 186.15, 2.02, 0.008, 137.67, 18.20);
insert into SHOT values (1822, 1820, 1831, 55, 3.780, 188.10, -0.00, 3.777, 188.07, 0.00, 0.003, 48.71, 0.00);
insert into SHOT values (1823, 1820, 1832, 55, 3.630, 194.40, 0.20, 3.633, 194.34, 0.32, 0.009, 146.03, 56.23);
insert into SHOT values (1824, 1820, 1833, 55, 3.660, 198.90, -0.00, 3.656, 198.83, 0.00, 0.006, 64.24, 0.00);
insert into SHOT values (1825, 1820, 1834, 55, 3.130, 203.90, -0.30, 3.125, 203.78, -0.18, 0.010, 78.96, 37.83);
insert into SHOT values (1826, 1820, 1835, 55, 2.760, 213.50, -2.40, 2.759, 213.46, -2.28, 0.006, 103.81, 69.64);
insert into SHOT values (1827, 1820, 1836, 55, 2.550, 219.20, -1.70, 2.553, 219.12, -1.57, 0.007, 168.54, 49.30);
insert into SHOT values (1828, 1820, 1837, 55, 2.320, 222.90, -0.20, 2.321, 222.90, 0.00, 0.008, 235.28, 83.68);
insert into SHOT values (1829, 1820, 1838, 55, 1.770, 229.80, 0.30, 1.767, 229.82, 0.32, 0.003, 37.86, 13.31);
insert into SHOT values (1830, 1820, 1839, 55, 1.910, 232.70, 1.20, 1.912, 232.65, 1.20, 0.003, 199.17, -0.00);
insert into SHOT values (1831, 1820, 1840, 55, 2.630, 237.60, 1.90, 2.631, 237.58, 1.96, 0.003, 202.38, 59.10);
insert into SHOT values (1832, 1820, 1841, 55, 4.590, 240.70, 5.90, 4.592, 240.63, 6.00, 0.010, 164.20, 54.41);
insert into SHOT values (1833, 1820, 1842, 55, 7.560, 242.80, 6.40, 7.562, 242.75, 6.45, 0.010, 160.48, 49.48);
insert into SHOT values (1834, 1820, 1843, 55, 6.900, 244.30, 6.00, 6.899, 244.26, 5.99, 0.005, 140.87, -13.13);
insert into SHOT values (1835, 1820, 1844, 55, 5.140, 245.40, 5.50, 5.139, 245.39, 5.58, 0.008, 94.89, 75.04);
insert into SHOT values (1836, 1820, 1845, 55, 1.620, 247.80, 4.70, 1.616, 247.74, 4.97, 0.009, 89.48, 56.16);
insert into SHOT values (1837, 1820, 1846, 55, 3.090, 255.30, 0.80, 3.093, 255.20, 0.93, 0.009, 193.52, 48.18);
insert into SHOT values (1838, 1820, 1847, 55, 1.550, 264.20, -2.60, 1.550, 264.07, -2.59, 0.004, 172.28, 5.02);
insert into SHOT values (1839, 1820, 1848, 55, 1.470, 272.50, -3.60, 1.464, 272.35, -3.52, 0.007, 125.00, 18.30);
insert into SHOT values (1840, 1820, 1849, 55, 1.540, 281.60, -1.70, 1.532, 281.68, -1.50, 0.010, 86.54, 35.76);
insert into SHOT values (1841, 1820, 1850, 55, 1.870, 280.60, -6.90, 1.865, 280.58, -6.78, 0.007, 107.41, 42.93);
insert into SHOT values (1842, 1820, 1851, 55, 1.530, 281.40, -2.60, 1.522, 281.38, -2.64, 0.009, 104.28, -3.99);
insert into SHOT values (1843, 1820, 1852, 55, 1.920, 293.40, -3.30, 1.920, 293.36, -3.28, 0.002, 213.48, 19.10);
insert into SHOT values (1844, 1820, 1853, 55, 2.130, 299.40, -3.60, 2.126, 299.34, -3.51, 0.006, 150.40, 42.42);
insert into SHOT values (1845, 1820, 1854, 55, 2.790, 304.00, -0.70, 2.788, 304.03, -0.62, 0.005, 90.64, 55.17);
insert into SHOT values (1846, 1820, 1855, 55, 3.170, 312.20, -0.70, 3.165, 312.31, -0.72, 0.008, 84.38, -8.80);
insert into SHOT values (1847, 1820, 1856, 55, 3.610, 316.90, -0.20, 3.601, 316.91, -0.16, 0.009, 131.63, 16.41);
insert into SHOT values (1848, 1820, 1857, 55, 3.810, 323.10, -0.70, 3.800, 323.13, -0.60, 0.012, 131.49, 33.43);
insert into SHOT values (1849, 1820, 1858, 55, 4.320, 327.50, -0.90, 4.317, 327.49, -0.80, 0.008, 164.22, 68.34);
insert into SHOT values (1850, 1820, 1859, 55, 4.760, 332.20, -1.60, 4.761, 332.20, -1.56, 0.003, 320.14, 65.09);
insert into SHOT values (1851, 1820, 1860, 55, 4.880, 333.20, -1.90, 4.877, 333.17, -1.88, 0.004, 195.15, 26.87);
insert into SHOT values (1852, 1820, 1861, 55, 8.310, 335.80, -1.20, 8.309, 335.84, -1.17, 0.007, 71.21, 33.74);
insert into SHOT values (1853, 1820, 1862, 55, 8.940, 336.80, -1.10, 8.934, 336.79, -1.09, 0.006, 167.89, 15.96);
insert into SHOT values (1854, 1820, 1863, 55, 9.170, 337.80, -1.10, 9.170, 337.83, -1.06, 0.007, 72.26, 54.12);
insert into SHOT values (1855, 1820, 1864, 55, 10.280, 339.20, -0.60, 10.280, 339.20, -0.56, 0.008, 29.98, 85.52);
insert into SHOT values (1856, 1820, 1865, 55, 3.720, 187.80, -9.60, 3.725, 187.67, -9.58, 0.010, 127.74, 2.21);
insert into SHOT values (1857, 1865, 1866, 55, 2.080, 130.30, 21.20, 2.074, 130.38, 21.50, 0.013, 295.43, 38.15);
insert into SHOT values (1858, 1865, 1867, 55, 1.950, 140.00, 22.80, 1.943, 139.99, 23.02, 0.010, 322.13, 25.89);
insert into SHOT values (1859, 1865, 1868, 55, 2.730, 149.60, 19.30, 2.729, 149.65, 19.48, 0.009, 301.31, 59.75);
insert into SHOT values (1860, 1865, 1869, 55, 3.290, 156.90, 16.50, 3.287, 157.02, 16.62, 0.010, 281.78, 35.63);
insert into SHOT values (1861, 1865, 1870, 55, 4.030, 163.50, 15.40, 4.024, 163.53, 15.42, 0.006, 326.70, -1.72);
insert into SHOT values (1862, 1865, 1871, 55, 4.470, 168.40, 15.20, 4.463, 168.48, 15.20, 0.009, 306.81, -12.17);
insert into SHOT values (1863, 1865, 1872, 55, 4.760, 172.00, 15.50, 4.759, 172.10, 15.60, 0.012, 284.99, 42.52);
insert into SHOT values (1864, 1865, 1873, 55, 4.260, 176.80, 15.50, 4.252, 176.92, 15.55, 0.013, 313.44, 7.08);
insert into SHOT values (1865, 1865, 1874, 55, 3.700, 181.90, 15.20, 3.692, 181.93, 15.23, 0.009, 349.35, -0.65);
insert into SHOT values (1866, 1865, 1875, 55, 3.470, 186.40, 14.40, 3.472, 186.49, 14.51, 0.009, 270.40, 52.77);
insert into SHOT values (1867, 1865, 1876, 55, 2.400, 192.90, 18.00, 2.395, 192.94, 18.00, 0.005, 355.09, -18.36);
insert into SHOT values (1868, 1865, 1877, 55, 1.540, 198.60, 19.40, 1.536, 198.94, 19.40, 0.010, 315.01, -9.17);
insert into SHOT values (1869, 1865, 1878, 55, 1.860, 119.00, 20.60, 1.858, 118.93, 20.81, 0.007, 325.83, 48.45);
insert into SHOT values (1870, 1865, 1879, 55, 1.490, 104.30, 21.60, 1.488, 104.24, 21.69, 0.004, 311.81, 24.52);
insert into SHOT values (1871, 1865, 1880, 55, 1.470, 88.80, 19.00, 1.471, 88.76, 19.05, 0.002, 23.75, 55.44);
insert into SHOT values (1872, 1865, 1881, 55, 1.500, 74.60, 20.30, 1.496, 74.28, 20.34, 0.009, 315.38, -2.57);
insert into SHOT values (1873, 1865, 1882, 55, 1.510, 63.60, 19.10, 1.507, 63.25, 19.37, 0.011, 304.59, 31.06);
insert into SHOT values (1874, 1865, 1883, 55, 1.560, 55.30, 23.60, 1.561, 54.98, 23.79, 0.010, 319.60, 33.83);
insert into SHOT values (1875, 1865, 1884, 55, 3.100, 52.70, 14.50, 3.096, 52.59, 14.59, 0.008, 279.73, 26.91);
insert into SHOT values (1876, 1865, 1885, 55, 3.050, 47.30, 15.90, 3.048, 47.21, 16.00, 0.007, 277.42, 37.43);
insert into SHOT values (1877, 1865, 1886, 55, 3.160, 43.10, 15.00, 3.158, 43.01, 15.05, 0.006, 283.20, 20.42);
insert into SHOT values (1878, 1865, 1887, 55, 3.450, 40.20, 12.60, 3.456, 40.07, 12.70, 0.012, 339.07, 39.59);
insert into SHOT values (1879, 1865, 1888, 55, 3.390, 36.50, 11.90, 3.391, 36.42, 11.91, 0.005, 318.26, 11.69);
insert into SHOT values (1880, 1865, 1889, 55, 4.280, 32.90, 10.10, 4.277, 32.78, 10.10, 0.009, 283.58, -3.62);
insert into SHOT values (1881, 1865, 1890, 55, 4.330, 29.00, 10.50, 4.334, 28.91, 10.50, 0.008, 327.16, 6.98);
insert into SHOT values (1882, 1865, 1891, 55, 3.590, 24.80, 11.20, 3.590, 24.67, 11.24, 0.008, 293.73, 19.05);
insert into SHOT values (1883, 1865, 1892, 55, 0.160, 25.40, 8.60, 0.164, 21.80, 10.52, 0.012, 312.06, 29.85);
insert into SHOT values (1884, 1865, 1893, 55, 3.480, 24.40, 12.10, 3.479, 24.30, 12.11, 0.006, 282.25, 5.20);
insert into SHOT values (1885, 1865, 1894, 55, 3.400, 23.20, 10.40, 3.404, 23.04, 10.49, 0.012, 310.33, 32.72);
insert into SHOT values (1886, 1865, 1895, 55, 3.310, 18.40, 10.10, 3.315, 18.21, 10.08, 0.012, 312.52, -2.27);
insert into SHOT values (1887, 1865, 1896, 55, 3.540, 16.00, 9.70, 3.546, 15.95, 9.74, 0.007, 342.65, 30.35);
insert into SHOT values (1888, 1865, 1897, 55, 3.590, 10.50, 11.00, 3.595, 10.45, 11.06, 0.007, 336.06, 42.58);
insert into SHOT values (1889, 1865, 1898, 55, 3.710, 7.60, 10.50, 3.714, 7.55, 10.55, 0.006, 329.51, 38.92);
insert into SHOT values (1890, 1865, 1899, 55, 4.530, 5.00, 9.50, 4.539, 4.87, 9.51, 0.013, 314.16, 10.10);
insert into SHOT values (1891, 1865, 1900, 55, 4.830, 1.80, 7.00, 4.838, 1.79, 7.00, 0.008, 356.01, 9.28);
insert into SHOT values (1892, 1865, 1901, 55, 4.890, 0.30, 7.90, 4.897, 0.24, 7.98, 0.012, 320.38, 43.21);
insert into SHOT values (1893, 1865, 1902, 55, 11.440, 359.00, 4.20, 11.443, 359.00, 4.21, 0.003, 340.30, 39.51);
insert into SHOT values (1894, 1820, 1903, 55, 0.910, 211.00, -58.00, 0.912, 210.76, -57.59, 0.007, 193.81, 14.13);
insert into SHOT values (1895, 1903, 1904, 55, 4.240, 332.30, 10.50, 4.244, 332.45, 10.45, 0.012, 42.03, -12.75);
insert into SHOT values (1896, 1903, 1905, 55, 3.920, 329.00, 10.50, 3.924, 329.11, 10.57, 0.010, 39.81, 35.06);
insert into SHOT values (1897, 1903, 1906, 55, 3.540, 323.40, 13.00, 3.538, 323.50, 13.07, 0.008, 82.46, 29.11);
insert into SHOT values (1898, 1903, 1907, 55, 2.540, 316.20, 15.60, 2.540, 316.32, 15.53, 0.006, 37.60, -29.60);
insert into SHOT values (1899, 1903, 1908, 55, 2.020, 310.00, 17.30, 2.015, 310.15, 17.33, 0.007, 87.61, -5.37);
insert into SHOT values (1900, 1903, 1909, 55, 1.630, 302.70, 23.90, 1.629, 302.94, 23.90, 0.006, 39.47, -3.42);
insert into SHOT values (1901, 1903, 1910, 55, 1.490, 287.60, 26.70, 1.485, 288.02, 26.82, 0.012, 49.57, 2.55);
insert into SHOT values (1902, 1903, 1911, 55, 2.120, 269.00, 18.20, 2.116, 269.14, 18.18, 0.007, 35.22, -18.84);
insert into SHOT values (1903, 1903, 1912, 55, 2.780, 260.50, 16.60, 2.773, 260.68, 16.77, 0.014, 38.05, 25.14);
insert into SHOT values (1904, 1903, 1913, 55, 1.890, 245.70, 25.50, 1.888, 245.70, 25.74, 0.008, 67.20, 50.87);
insert into SHOT values (1905, 1903, 1914, 55, 1.510, 240.70, 29.90, 1.507, 240.69, 29.84, 0.003, 68.58, -58.48);
insert into SHOT values (1906, 1903, 1915, 55, 2.060, 233.90, 22.20, 2.058, 233.97, 22.27, 0.004, 15.90, 22.80);
insert into SHOT values (1907, 1903, 1916, 55, 2.190, 223.00, 20.00, 2.185, 223.03, 20.08, 0.006, 34.63, 9.00);
insert into SHOT values (1908, 1903, 1917, 55, 2.360, 216.40, 19.60, 2.347, 216.35, 19.67, 0.013, 44.50, -7.14);
insert into SHOT values (1909, 1903, 1918, 55, 2.530, 208.80, 17.10, 2.522, 208.80, 17.30, 0.012, 28.71, 30.51);
insert into SHOT values (1910, 1903, 1919, 55, 3.080, 201.10, 15.80, 3.074, 201.01, 15.86, 0.009, 54.44, 9.22);
insert into SHOT values (1911, 1903, 1920, 55, 3.240, 192.20, 14.10, 3.238, 192.13, 14.12, 0.004, 70.77, 9.07);
insert into SHOT values (1912, 1903, 1921, 55, 3.300, 186.70, 12.30, 3.296, 186.60, 12.26, 0.007, 70.14, -24.56);
insert into SHOT values (1913, 1903, 1922, 55, 4.780, 164.80, 11.30, 4.778, 164.78, 11.35, 0.005, 17.06, 43.87);
insert into SHOT values (1914, 1903, 1923, 55, 4.380, 161.70, 13.90, 4.375, 161.61, 13.89, 0.009, 36.62, -14.74);
insert into SHOT values (1915, 1903, 1924, 55, 2.800, 157.00, 16.80, 2.795, 156.89, 16.85, 0.008, 19.66, 5.16);
insert into SHOT values (1916, 1903, 1925, 55, 2.720, 150.40, 19.00, 2.721, 150.14, 19.09, 0.012, 57.45, 21.21);
insert into SHOT values (1917, 1903, 1926, 55, 5.740, 145.50, 12.10, 5.736, 145.46, 12.08, 0.006, 11.12, -30.31);
insert into SHOT values (1918, 1903, 1927, 55, 6.080, 142.20, 9.40, 6.074, 142.12, 9.38, 0.011, 20.30, -16.39);
insert into SHOT values (1919, 1903, 1928, 55, 5.970, 138.10, 9.80, 5.965, 138.03, 9.85, 0.010, 7.97, 23.66);
insert into SHOT values (1920, 1903, 1929, 55, 5.950, 134.90, 10.80, 5.947, 134.86, 10.86, 0.008, 0.32, 42.51);
insert into SHOT values (1921, 1903, 1930, 55, 6.170, 132.00, 12.00, 6.168, 131.91, 11.98, 0.010, 30.98, -16.18);
insert into SHOT values (1922, 1903, 1931, 55, 4.350, 127.20, 15.80, 4.356, 127.14, 15.85, 0.008, 83.92, 42.74);
insert into SHOT values (1923, 1903, 1932, 55, 2.930, 123.30, 17.60, 2.934, 123.18, 17.66, 0.008, 59.72, 31.50);
insert into SHOT values (1924, 1903, 1933, 55, 2.410, 117.60, 19.30, 2.413, 117.47, 19.36, 0.007, 48.42, 31.18);
insert into SHOT values (1925, 1903, 1934, 55, 1.500, 242.50, 29.40, 1.493, 242.45, 29.70, 0.010, 69.52, 20.43);
insert into SHOT values (1926, 1934, 1935, 55, 14.960, 11.80, 0.90, 14.956, 11.77, 0.88, 0.010, 257.01, -28.65);
insert into SHOT values (1927, 1934, 1936, 55, 3.330, 12.70, 0.60, 3.331, 12.66, 0.52, 0.006, 308.83, -61.65);
insert into SHOT values (1928, 1934, 1937, 55, 3.020, 13.00, 0.70, 3.018, 13.02, 0.57, 0.007, 163.63, -70.23);
insert into SHOT values (1929, 1934, 1938, 55, 2.680, 17.50, 0.80, 2.682, 17.35, 0.85, 0.008, 306.41, 19.67);
insert into SHOT values (1930, 1934, 1939, 55, 2.490, 22.00, 0.20, 2.490, 21.93, 0.23, 0.003, 295.63, 23.11);
insert into SHOT values (1931, 1934, 1940, 55, 2.570, 29.00, -0.30, 2.569, 28.86, -0.45, 0.009, 290.80, -45.82);
insert into SHOT values (1932, 1934, 1941, 55, 2.460, 33.80, 1.10, 2.461, 33.56, 1.16, 0.011, 306.77, 15.10);
insert into SHOT values (1933, 1934, 1942, 55, 1.920, 38.70, 1.30, 1.921, 38.66, 1.19, 0.004, 355.42, -61.09);
insert into SHOT values (1934, 1934, 1943, 55, 1.860, 42.40, 2.50, 1.856, 42.38, 2.47, 0.004, 233.58, -16.85);
insert into SHOT values (1935, 1934, 1944, 55, 1.770, 46.90, 1.20, 1.769, 46.83, 1.30, 0.004, 292.48, 52.17);
insert into SHOT values (1936, 1934, 1945, 55, 1.810, 54.30, 2.10, 1.805, 54.02, 1.90, 0.012, 296.86, -32.42);
insert into SHOT values (1937, 1934, 1946, 55, 2.010, 61.70, 1.70, 2.001, 61.64, 1.72, 0.009, 254.46, 2.28);
insert into SHOT values (1938, 1934, 1947, 55, 2.110, 68.40, 1.00, 2.110, 68.30, 0.81, 0.008, 335.62, -61.50);
insert into SHOT values (1939, 1934, 1948, 55, 2.030, 71.70, 1.00, 2.024, 71.57, 0.85, 0.009, 290.93, -35.76);
insert into SHOT values (1940, 1934, 1949, 55, 3.800, 78.00, 1.50, 3.794, 77.98, 1.51, 0.006, 272.08, 5.30);
insert into SHOT values (1941, 1934, 1950, 55, 3.080, 80.80, 2.40, 3.072, 80.81, 2.43, 0.008, 255.45, 7.32);
insert into SHOT values (1942, 1934, 1951, 55, 2.980, 83.60, 2.80, 2.972, 83.62, 2.70, 0.010, 257.29, -34.55);
insert into SHOT values (1943, 1934, 1952, 55, 3.140, 86.00, 2.90, 3.132, 85.97, 2.93, 0.009, 278.49, 7.69);
insert into SHOT values (1944, 1934, 1953, 55, 3.240, 89.60, 2.40, 3.233, 89.65, 2.30, 0.009, 249.84, -36.97);
insert into SHOT values (1945, 1934, 1954, 55, 3.050, 92.40, 2.20, 3.045, 92.45, 2.26, 0.006, 244.95, 27.49);
insert into SHOT values (1946, 1934, 1955, 55, 3.180, 97.60, 2.80, 3.172, 97.62, 2.71, 0.010, 270.51, -32.76);
insert into SHOT values (1947, 1934, 1956, 55, 3.420, 101.80, 3.90, 3.420, 101.84, 3.86, 0.003, 179.34, -49.35);
insert into SHOT values (1948, 1934, 1957, 55, 3.710, 105.90, 4.10, 3.700, 105.88, 4.03, 0.011, 292.99, -28.45);
insert into SHOT values (1949, 1934, 1958, 55, 4.980, 108.00, 5.60, 4.975, 108.00, 5.54, 0.007, 293.10, -56.30);
insert into SHOT values (1950, 1934, 1959, 55, 5.220, 110.30, 4.60, 5.218, 110.25, 4.62, 0.005, 359.89, 14.75);
insert into SHOT values (1951, 1934, 1960, 55, 8.060, 112.80, 3.70, 8.057, 112.83, 3.70, 0.006, 236.46, -1.32);
insert into SHOT values (1952, 1934, 1961, 55, 6.390, 122.80, 3.70, 6.388, 122.77, 3.68, 0.005, 359.67, -28.77);
insert into SHOT values (1953, 1934, 1962, 55, 2.840, 124.40, 3.80, 2.833, 124.48, 3.85, 0.008, 276.83, 12.22);
insert into SHOT values (1954, 1934, 1963, 55, 2.760, 128.80, 4.30, 2.753, 128.79, 4.17, 0.010, 312.83, -45.99);
insert into SHOT values (1955, 1934, 1964, 55, 2.860, 133.10, 4.30, 2.859, 133.15, 4.21, 0.005, 240.72, -58.36);
insert into SHOT values (1956, 1934, 1965, 55, 3.380, 137.00, 4.30, 3.370, 137.05, 4.25, 0.011, 300.07, -18.90);
insert into SHOT values (1957, 1934, 1966, 55, 4.040, 140.80, 4.00, 4.033, 140.85, 3.98, 0.008, 293.69, -13.04);
insert into SHOT values (1958, 1934, 1967, 55, 4.280, 146.20, 3.60, 4.277, 146.27, 3.62, 0.006, 266.29, 11.35);
insert into SHOT values (1959, 1934, 1968, 55, 4.500, 151.90, 4.00, 4.498, 151.95, 3.95, 0.006, 268.71, -41.64);
insert into SHOT values (1960, 1934, 1969, 55, 4.600, 156.20, 1.70, 4.600, 156.28, 1.62, 0.009, 241.05, -45.85);
insert into SHOT values (1961, 1934, 1970, 55, 6.200, 162.30, 3.40, 6.194, 162.30, 3.42, 0.007, 344.55, 19.96);
insert into SHOT values (1962, 1934, 1971, 55, 6.630, 165.90, 4.10, 6.626, 165.90, 4.07, 0.006, 344.76, -45.68);
insert into SHOT values (1963, 1934, 1972, 55, 6.390, 169.80, 4.10, 6.385, 169.87, 4.04, 0.011, 288.57, -36.89);
insert into SHOT values (1964, 1934, 1973, 55, 2.280, 178.10, 3.50, 2.275, 178.23, 3.53, 0.007, 309.51, 6.53);
insert into SHOT values (1965, 1934, 1974, 55, 1.890, 184.90, 5.10, 1.885, 185.19, 5.17, 0.011, 301.50, 10.45);
insert into SHOT values (1966, 1934, 1975, 55, 1.200, 191.80, 5.50, 1.201, 192.06, 5.25, 0.008, 262.38, -40.92);
insert into SHOT values (1967, 1934, 1976, 55, 0.880, 200.50, 7.00, 0.884, 200.71, 7.15, 0.005, 245.53, 31.36);
insert into SHOT values (1968, 1903, 1977, 55, 1.350, 91.30, 80.70, 1.348, 90.00, 80.61, 0.006, 20.91, -23.06);
insert into SHOT values (1969, 1977, 1978, 55, 0.620, 45.30, 9.20, 0.623, 45.66, 9.23, 0.005, 95.68, 9.92);
insert into SHOT values (1970, 1977, 1979, 55, 3.520, 47.20, 13.90, 3.522, 47.25, 13.97, 0.006, 118.84, 53.00);
insert into SHOT values (1971, 1977, 1980, 55, 3.370, 47.60, 17.20, 3.372, 47.64, 17.25, 0.004, 105.99, 50.97);
insert into SHOT values (1972, 1977, 1981, 55, 2.930, 48.90, 28.40, 2.936, 49.09, 28.48, 0.011, 118.90, 35.82);
insert into SHOT values (1973, 1977, 1982, 55, 3.070, 49.10, 35.00, 3.071, 49.03, 34.97, 0.004, 346.70, -13.90);
insert into SHOT values (1974, 1977, 1983, 55, 3.160, 48.60, 41.60, 3.164, 48.77, 41.58, 0.008, 109.96, 14.10);
insert into SHOT values (1975, 1977, 1984, 55, 3.270, 47.60, 45.40, 3.274, 47.64, 45.36, 0.005, 68.38, 19.18);
insert into SHOT values (1976, 1977, 1985, 55, 3.090, 44.40, 51.90, 3.098, 44.58, 51.96, 0.011, 110.52, 52.60);
insert into SHOT values (1977, 1977, 1986, 55, 2.910, 42.90, 57.30, 2.910, 42.94, 57.33, 0.002, 185.63, 36.31);
insert into SHOT values (1978, 1977, 1987, 55, 2.940, 37.60, 61.70, 2.939, 37.69, 61.78, 0.005, 185.73, 17.88);
insert into SHOT values (1979, 1977, 1988, 55, 3.940, 34.80, 63.20, 3.945, 34.94, 63.16, 0.007, 78.39, 27.09);
insert into SHOT values (1980, 1977, 1989, 55, 3.870, 29.30, 68.20, 3.876, 29.60, 68.23, 0.010, 116.57, 42.22);
insert into SHOT values (1981, 1977, 1990, 55, 3.430, 24.00, 72.00, 3.438, 23.91, 72.02, 0.008, 326.93, 75.50);
insert into SHOT values (1982, 1977, 1991, 55, 3.330, 14.00, 80.50, 3.335, 14.80, 80.54, 0.010, 115.01, 36.13);
insert into SHOT values (1983, 1977, 1992, 55, 3.290, 341.40, 85.20, 3.291, 342.90, 85.26, 0.008, 96.72, 11.07);
insert into SHOT values (1984, 1977, 1993, 55, 4.880, 297.10, 85.30, 4.886, 297.22, 85.38, 0.009, 109.87, 45.32);
insert into SHOT values (1985, 1977, 1994, 55, 4.970, 255.60, 84.00, 4.977, 255.43, 84.04, 0.008, 104.17, 65.55);
insert into SHOT values (1986, 1977, 1995, 55, 3.310, 230.60, 81.70, 3.314, 230.96, 81.74, 0.006, 346.76, 54.13);
insert into SHOT values (1987, 1977, 1996, 55, 3.160, 211.20, 78.50, 3.163, 210.65, 78.55, 0.007, 99.97, 28.04);
insert into SHOT values (1988, 1977, 1997, 55, 1.610, 210.50, 73.10, 1.608, 209.90, 73.32, 0.008, 66.57, -3.27);
insert into SHOT values (1989, 1977, 1998, 55, 1.400, 206.30, 67.00, 1.401, 206.10, 67.07, 0.003, 80.44, 28.28);
insert into SHOT values (1990, 1977, 1999, 55, 0.890, 213.80, 54.00, 0.887, 214.00, 54.23, 0.005, 12.15, -0.30);
insert into SHOT values (1991, 1977, 2000, 55, 0.990, 221.50, 41.30, 0.995, 221.19, 41.57, 0.008, 136.37, 58.18);
insert into SHOT values (1992, 1977, 2001, 55, 1.000, 224.70, 29.70, 1.003, 224.53, 29.89, 0.005, 158.97, 58.70);
insert into SHOT values (1993, 1977, 2002, 55, 1.060, 228.10, 20.00, 1.065, 227.84, 20.34, 0.009, 163.82, 56.23);
insert into SHOT values (1994, 1977, 2003, 55, 1.420, 227.10, 10.20, 1.418, 227.04, 10.57, 0.009, 70.35, 64.88);
insert into SHOT values (1995, 1977, 2004, 55, 1.330, 230.70, 0.50, 1.329, 230.80, 0.86, 0.009, 340.62, 73.37);
insert into SHOT values (1996, 1977, 2005, 55, 1.250, 239.90, -6.60, 1.245, 239.91, -6.46, 0.006, 57.38, 35.90);
insert into SHOT values (1997, 1977, 2006, 55, 2.890, 248.10, -15.40, 2.884, 248.05, -15.28, 0.009, 98.45, 54.97);
insert into SHOT values (1998, 1977, 2007, 55, 2.730, 248.20, -21.60, 2.721, 248.20, -21.56, 0.009, 68.69, 34.44);
insert into SHOT values (1999, 1977, 2008, 55, 2.120, 244.10, -25.90, 2.112, 244.11, -25.83, 0.009, 61.38, 43.79);
insert into SHOT values (2000, 1977, 2009, 55, 1.810, 240.00, -27.10, 1.806, 239.77, -27.01, 0.008, 128.83, 33.13);
insert into SHOT values (2001, 1977, 2010, 55, 1.840, 236.20, -27.50, 1.837, 236.02, -27.57, 0.007, 108.33, -3.33);
insert into SHOT values (2002, 1977, 2011, 55, 2.330, 232.10, -28.10, 2.324, 232.13, -27.97, 0.008, 35.68, 66.98);
insert into SHOT values (2003, 1977, 2012, 55, 2.230, 242.80, -37.50, 2.223, 242.71, -37.39, 0.008, 110.36, 63.42);
insert into SHOT values (2004, 1977, 2013, 55, 1.960, 243.30, -50.10, 1.957, 243.03, -50.04, 0.007, 148.02, 31.23);
insert into SHOT values (2005, 1977, 2014, 55, 1.970, 235.40, -54.70, 1.961, 235.05, -54.66, 0.011, 116.94, 44.61);
insert into SHOT values (2006, 1977, 2015, 55, 2.340, 54.30, 85.80, 2.346, 54.46, 85.79, 0.006, 90.40, 82.50);
insert into SHOT values (2007, 2015, 2016, 55, 4.140, 224.10, -74.60, 4.138, 223.89, -74.64, 0.005, 95.50, 14.85);
insert into SHOT values (2008, 2015, 2017, 55, 4.060, 224.70, -77.50, 4.066, 225.00, -77.55, 0.008, 337.65, -51.37);
insert into SHOT values (2009, 2015, 2018, 55, 3.790, 223.20, -82.50, 3.792, 223.36, -82.50, 0.003, 294.41, -58.39);
insert into SHOT values (2010, 2015, 2019, 55, 2.360, 242.70, -85.50, 2.367, 240.64, -85.55, 0.010, 138.19, -46.90);
insert into SHOT values (2011, 2015, 2020, 55, 2.380, 12.20, -84.70, 2.380, 13.39, -84.80, 0.006, 144.01, -1.67);
insert into SHOT values (2012, 2015, 2021, 55, 2.100, 25.60, -79.40, 2.106, 25.91, -79.35, 0.007, 62.25, -59.14);
insert into SHOT values (2013, 2015, 2022, 55, 1.570, 40.50, -65.00, 1.575, 40.70, -65.24, 0.008, 191.41, -56.89);
insert into SHOT values (2014, 2015, 2023, 55, 2.880, 52.50, -61.50, 2.880, 52.38, -61.46, 0.004, 356.00, 16.12);
insert into SHOT values (2015, 2015, 2024, 55, 3.120, 55.30, -56.10, 3.120, 55.30, -56.12, 0.001, 226.14, -21.38);
insert into SHOT values (2016, 2015, 2025, 55, 3.260, 55.00, -52.00, 3.263, 55.12, -51.95, 0.006, 101.47, -10.19);
insert into SHOT values (2017, 2015, 2026, 55, 3.290, 53.60, -47.90, 3.292, 53.65, -47.83, 0.005, 76.74, 12.99);
insert into SHOT values (2018, 2015, 2027, 55, 3.330, 50.90, -42.70, 3.330, 50.97, -42.74, 0.004, 166.74, -26.12);
insert into SHOT values (2019, 2015, 2028, 55, 2.960, 49.30, -39.70, 2.964, 49.26, -39.62, 0.006, 34.84, 7.19);
insert into SHOT values (2020, 2015, 2029, 55, 3.710, 49.80, -33.80, 3.717, 49.86, -33.84, 0.008, 89.08, -49.46);
insert into SHOT values (2021, 2015, 2030, 55, 3.220, 48.40, -24.70, 3.222, 48.46, -24.77, 0.006, 133.19, -53.69);
insert into SHOT values (2022, 2015, 2031, 55, 3.180, 47.50, -17.90, 3.177, 47.55, -17.97, 0.005, 193.51, -30.03);
insert into SHOT values (2023, 2015, 2032, 55, 3.150, 45.80, -12.90, 3.150, 45.79, -13.03, 0.007, 243.16, -78.09);
insert into SHOT values (2024, 2015, 2033, 55, 2.770, 43.60, -5.30, 2.771, 43.53, -5.38, 0.005, 321.56, -51.02);
insert into SHOT values (2025, 2015, 2034, 55, 2.680, 42.30, 0.10, 2.683, 42.43, 0.00, 0.008, 109.23, -34.91);
insert into SHOT values (2026, 2015, 2035, 55, 1.210, 37.40, 10.00, 1.216, 37.54, 9.94, 0.007, 61.69, -0.92);
insert into SHOT values (2027, 2015, 2036, 55, 2.620, 35.70, 21.90, 2.615, 35.78, 21.77, 0.008, 160.59, -58.86);
insert into SHOT values (2028, 2015, 2037, 55, 3.360, 35.80, 31.50, 3.357, 35.91, 31.42, 0.008, 130.74, -45.46);
insert into SHOT values (2029, 2015, 2038, 55, 3.270, 32.80, 35.90, 3.276, 32.85, 35.88, 0.007, 55.74, 22.54);
insert into SHOT values (2030, 2015, 2039, 55, 2.880, 26.70, 40.00, 2.878, 26.68, 40.00, 0.002, 233.28, -37.33);
insert into SHOT values (2031, 2015, 2040, 55, 2.680, 22.30, 42.50, 2.681, 22.29, 42.46, 0.002, 7.03, -17.11);
insert into SHOT values (2032, 2015, 2041, 55, 2.280, 15.40, 46.80, 2.276, 15.64, 46.82, 0.008, 130.54, -15.73);
insert into SHOT values (2033, 2015, 2042, 55, 2.000, 6.60, 52.00, 1.993, 6.55, 51.97, 0.007, 205.74, -59.75);
insert into SHOT values (2034, 2015, 2043, 55, 1.100, 331.00, 70.20, 1.096, 331.39, 69.95, 0.006, 8.94, -50.08);
insert into SHOT values (2035, 2015, 2044, 55, 1.490, 292.20, 72.40, 1.488, 292.52, 72.64, 0.007, 91.84, -2.04);
insert into SHOT values (2036, 2015, 2045, 55, 3.940, 262.50, 70.40, 3.938, 262.61, 70.40, 0.003, 8.42, -33.88);
insert into SHOT values (2037, 2015, 2046, 55, 4.780, 258.00, 65.20, 4.781, 257.91, 65.21, 0.003, 159.61, 13.81);
insert into SHOT values (2038, 2015, 2047, 55, 3.490, 251.90, 55.60, 3.488, 251.93, 55.67, 0.005, 58.31, 4.14);
insert into SHOT values (2039, 2015, 2048, 55, 3.220, 248.20, 41.40, 3.219, 248.11, 41.42, 0.004, 138.94, 8.20);
insert into SHOT values (2040, 2015, 2049, 55, 4.050, 245.50, 33.70, 4.042, 245.42, 33.65, 0.010, 114.31, -47.07);
insert into SHOT values (2041, 2015, 2050, 55, 3.990, 244.20, 29.10, 3.992, 244.17, 29.08, 0.003, 204.02, -9.42);
insert into SHOT values (2042, 2015, 2051, 55, 1.790, 243.60, 23.70, 1.792, 243.59, 23.69, 0.002, 237.09, 12.81);
insert into SHOT values (2043, 2015, 2052, 55, 1.340, 241.70, 14.30, 1.339, 241.46, 14.27, 0.006, 143.30, -10.10);
insert into SHOT values (2044, 2015, 2053, 55, 5.050, 246.60, -1.30, 5.049, 246.53, -1.36, 0.008, 144.82, -42.05);
insert into SHOT values (2045, 2015, 2054, 55, 4.240, 244.40, -5.70, 4.234, 244.41, -5.69, 0.006, 58.46, 11.06);
insert into SHOT values (2046, 2015, 2055, 55, 3.740, 244.00, -9.40, 3.735, 243.92, -9.40, 0.007, 111.54, 7.00);
insert into SHOT values (2047, 2015, 2056, 55, 1.860, 243.90, 23.90, 1.853, 243.74, 23.87, 0.008, 104.80, -25.86);
insert into SHOT values (2048, 2056, 2057, 55, 3.940, 240.00, 12.30, 3.943, 240.11, 12.30, 0.008, 307.70, 4.83);
insert into SHOT values (2049, 2056, 2058, 55, 4.050, 238.90, 16.40, 4.053, 238.88, 16.34, 0.006, 225.53, -37.73);
insert into SHOT values (2050, 2056, 2059, 55, 4.220, 237.70, 24.00, 4.223, 237.71, 24.04, 0.004, 270.61, 68.89);
insert into SHOT values (2051, 2056, 2060, 55, 4.470, 238.00, 29.00, 4.474, 238.06, 29.01, 0.006, 291.15, 30.94);
insert into SHOT values (2052, 2056, 2061, 55, 4.600, 238.00, 31.40, 4.602, 238.01, 31.44, 0.003, 336.35, 78.24);
insert into SHOT values (2053, 2056, 2062, 55, 2.240, 238.50, 34.70, 2.249, 238.72, 34.70, 0.011, 282.88, 25.64);
insert into SHOT values (2054, 2056, 2063, 55, 2.040, 239.20, 38.20, 2.041, 239.28, 38.13, 0.003, 286.57, -26.70);
insert into SHOT values (2055, 2056, 2064, 55, 2.190, 240.30, 41.40, 2.192, 240.47, 41.42, 0.005, 321.95, 19.17);
insert into SHOT values (2056, 2056, 2065, 55, 3.640, 241.00, 44.30, 3.638, 241.07, 44.28, 0.004, 333.20, -33.69);
insert into SHOT values (2057, 2056, 2066, 55, 3.470, 242.40, 49.00, 3.471, 242.53, 49.01, 0.005, 331.68, 12.22);
insert into SHOT values (2058, 2056, 2067, 55, 2.880, 247.50, 64.40, 2.882, 247.77, 64.46, 0.007, 357.07, 23.63);
insert into SHOT values (2059, 2056, 2068, 55, 2.890, 250.10, 71.60, 2.888, 250.18, 71.55, 0.003, 282.63, -44.38);
insert into SHOT values (2060, 2056, 2069, 55, 3.550, 295.00, 82.80, 3.549, 294.86, 82.68, 0.007, 286.21, -15.93);
insert into SHOT values (2061, 2056, 2070, 55, 3.950, 347.80, 80.80, 3.951, 347.28, 80.74, 0.007, 292.67, 6.53);
insert into SHOT values (2062, 2056, 2071, 55, 4.580, 2.70, 77.40, 4.581, 2.29, 77.38, 0.007, 285.91, 2.35);
insert into SHOT values (2063, 2056, 2072, 55, 4.300, 14.40, 75.20, 4.304, 14.16, 75.14, 0.007, 332.55, 21.18);
insert into SHOT values (2064, 2056, 2073, 55, 4.570, 352.50, 80.10, 4.568, 351.97, 80.07, 0.008, 277.70, -14.55);
insert into SHOT values (2065, 2056, 2074, 55, 4.630, 7.70, 76.60, 4.637, 7.45, 76.54, 0.010, 330.59, 38.25);
insert into SHOT values (2066, 2056, 2075, 55, 4.330, 13.80, 75.00, 4.328, 13.42, 74.99, 0.008, 282.80, -18.13);
insert into SHOT values (2067, 2056, 2076, 55, 4.380, 17.00, 72.80, 4.385, 16.61, 72.84, 0.011, 279.12, 33.78);
insert into SHOT values (2068, 2056, 2077, 55, 3.030, 30.60, 67.80, 3.035, 30.36, 67.79, 0.007, 328.70, 40.76);
insert into SHOT values (2069, 2056, 2078, 55, 2.930, 38.40, 62.70, 2.924, 38.33, 62.76, 0.007, 236.22, -32.69);
insert into SHOT values (2070, 2056, 2079, 55, 2.330, 44.00, 55.60, 2.327, 43.77, 55.58, 0.006, 304.82, -24.99);
insert into SHOT values (2071, 2056, 2080, 55, 2.330, 45.40, 43.30, 2.327, 45.24, 43.43, 0.008, 264.99, 15.40);
insert into SHOT values (2072, 2056, 2081, 55, 1.830, 48.60, 33.50, 1.828, 48.46, 33.55, 0.005, 280.07, -0.54);
insert into SHOT values (2073, 2056, 2082, 55, 0.320, 46.50, 17.70, 0.320, 46.33, 18.20, 0.003, 277.75, 67.14);
insert into SHOT values (2074, 1903, 2083, 55, 2.760, 245.00, 29.40, 2.753, 245.04, 29.61, 0.012, 56.17, 24.60);
insert into SHOT values (2075, 2083, 2084, 55, 3.540, 70.10, 41.80, 3.540, 70.05, 41.81, 0.002, 321.11, 11.97);
insert into SHOT values (2076, 2083, 2085, 55, 4.030, 71.90, 51.00, 4.029, 71.85, 50.98, 0.003, 342.32, -41.08);
insert into SHOT values (2077, 2083, 2086, 55, 2.790, 73.20, 56.80, 2.785, 73.23, 56.80, 0.005, 238.11, -57.24);
insert into SHOT values (2078, 2083, 2087, 55, 2.880, 69.40, 69.70, 2.877, 69.38, 69.79, 0.006, 253.65, -11.49);
insert into SHOT values (2079, 2083, 2088, 55, 3.110, 73.40, 42.70, 3.110, 73.47, 42.73, 0.003, 186.30, 17.20);
insert into SHOT values (2080, 2083, 2089, 55, 2.730, 80.20, 77.90, 2.730, 79.88, 77.97, 0.005, 303.60, 7.91);
insert into SHOT values (2081, 2083, 2090, 55, 2.620, 129.60, 87.00, 2.613, 131.99, 87.05, 0.009, 245.33, -45.86);
insert into SHOT values (2082, 2083, 2091, 55, 2.730, 189.30, 86.10, 2.726, 189.46, 86.16, 0.005, 0.12, -48.61);
insert into SHOT values (2083, 2083, 2092, 55, 3.040, 212.70, 82.00, 3.040, 212.57, 81.92, 0.004, 199.84, -5.62);
insert into SHOT values (2084, 2083, 2093, 55, 3.290, 228.80, 76.80, 3.289, 228.74, 76.67, 0.008, 222.60, -23.75);
insert into SHOT values (2085, 2083, 2094, 55, 3.350, 232.30, 74.10, 3.349, 232.51, 74.05, 0.004, 287.84, -24.42);
insert into SHOT values (2086, 2083, 2095, 55, 2.700, 244.20, 67.10, 2.695, 244.16, 66.94, 0.009, 236.29, -55.65);
insert into SHOT values (2087, 2083, 2096, 55, 1.830, 252.30, 11.40, 1.832, 252.17, 11.33, 0.005, 192.56, -19.99);
insert into SHOT values (2088, 2096, 2097, 55, 2.980, 84.00, 65.50, 2.979, 83.97, 65.47, 0.002, 50.01, -52.68);
insert into SHOT values (2089, 2096, 2098, 55, 1.830, 88.70, 74.00, 1.830, 88.85, 74.14, 0.005, 251.38, 11.14);
insert into SHOT values (2090, 2096, 2099, 55, 1.760, 101.10, 81.90, 1.757, 99.46, 82.04, 0.009, 336.62, -16.14);
insert into SHOT values (2091, 2096, 2100, 55, 0.900, 199.30, 76.10, 0.895, 199.29, 76.31, 0.006, 19.79, -40.23);
insert into SHOT values (2092, 2096, 2101, 55, 3.460, 234.70, 58.60, 3.456, 234.72, 58.60, 0.004, 36.23, -57.32);
insert into SHOT values (2093, 2096, 2102, 55, 3.310, 238.90, 42.30, 3.312, 239.04, 42.32, 0.006, 320.94, 21.60);
insert into SHOT values (2094, 2096, 2103, 55, 2.400, 241.80, 35.70, 2.401, 241.86, 35.67, 0.003, 293.18, -11.09);
insert into SHOT values (2095, 2096, 2104, 55, 3.340, 143.00, 78.90, 3.341, 143.31, 79.03, 0.008, 296.90, 17.60);
insert into SHOT values (2096, 2096, 2105, 55, 2.960, 82.50, 65.80, 2.959, 82.41, 65.85, 0.003, 298.48, 2.09);
insert into SHOT values (2097, 2096, 2106, 55, 0.850, 243.60, -8.50, 0.855, 244.04, -8.74, 0.009, 298.40, -28.70);
insert into SHOT values (2098, 2106, 2107, 55, 6.160, 66.80, 23.80, 6.161, 66.80, 23.84, 0.004, 230.67, 83.16);
insert into SHOT values (2099, 2106, 2108, 55, 5.750, 68.10, 14.60, 5.755, 68.18, 14.59, 0.009, 126.95, 3.81);
insert into SHOT values (2100, 2106, 2109, 55, 4.760, 68.90, 8.30, 4.767, 68.88, 8.32, 0.008, 52.35, 21.85);
insert into SHOT values (2101, 2106, 2110, 55, 5.990, 68.80, 22.40, 5.998, 68.85, 22.45, 0.010, 111.68, 45.44);
insert into SHOT values (2102, 2106, 2111, 55, 4.370, 67.50, 30.70, 4.377, 67.52, 30.63, 0.009, 76.42, -7.02);
insert into SHOT values (2103, 2106, 2112, 55, 2.970, 66.70, 40.00, 2.971, 66.70, 40.01, 0.001, 79.41, 66.43);
insert into SHOT values (2104, 2106, 2113, 55, 4.930, 69.50, 47.10, 4.932, 69.62, 47.05, 0.009, 128.78, -9.67);
insert into SHOT values (2105, 2106, 2114, 55, 5.210, 70.10, 48.30, 5.211, 70.10, 48.29, 0.001, 74.99, 0.76);
insert into SHOT values (2106, 2106, 2115, 55, 4.640, 78.60, 60.00, 4.644, 78.59, 59.95, 0.006, 76.04, 15.44);
insert into SHOT values (2107, 2106, 2116, 55, 4.640, 80.00, 62.40, 4.639, 80.10, 62.36, 0.005, 137.98, -24.14);
insert into SHOT values (2108, 2106, 2117, 55, 4.850, 88.00, 69.90, 4.857, 87.94, 69.87, 0.007, 66.77, 49.28);
insert into SHOT values (2109, 2106, 2118, 55, 2.990, 99.30, 75.00, 2.994, 99.58, 74.88, 0.008, 128.09, 13.22);
insert into SHOT values (2110, 2106, 2119, 55, 2.860, 114.50, 82.60, 2.864, 113.81, 82.55, 0.007, 60.21, 34.57);
insert into SHOT values (2111, 2106, 2120, 55, 2.840, 198.20, 86.10, 2.846, 198.43, 86.18, 0.007, 5.41, 61.87);
insert into SHOT values (2112, 2106, 2121, 55, 2.850, 244.10, 81.90, 2.849, 243.43, 81.88, 0.005, 164.96, -18.24);
insert into SHOT values (2113, 2106, 2122, 55, 4.000, 240.60, 70.50, 3.999, 240.36, 70.51, 0.006, 144.20, -5.78);
insert into SHOT values (2114, 2106, 2123, 55, 3.240, 237.90, 65.00, 3.244, 237.82, 65.01, 0.004, 181.22, 56.42);
insert into SHOT values (2115, 2106, 2124, 55, 1.800, 239.30, 58.10, 1.799, 238.83, 58.25, 0.009, 119.05, 11.60);
insert into SHOT values (2116, 2106, 2125, 55, 3.490, 229.20, 31.00, 3.491, 229.07, 31.04, 0.007, 139.19, 19.83);
insert into SHOT values (2117, 2106, 2126, 55, 3.560, 229.90, 35.10, 3.559, 229.74, 35.17, 0.009, 116.32, 18.65);
insert into SHOT values (2118, 2106, 2127, 55, 3.620, 231.50, 30.30, 3.620, 231.37, 30.37, 0.008, 125.69, 25.91);
insert into SHOT values (2119, 2106, 2128, 55, 2.630, 231.40, 23.30, 2.626, 231.23, 23.33, 0.008, 111.17, -1.96);
insert into SHOT values (2120, 2106, 2129, 55, 2.450, 231.50, 17.80, 2.445, 231.46, 17.86, 0.006, 69.00, 9.89);
insert into SHOT values (2121, 2106, 2130, 55, 0.350, 234.00, 6.10, 0.352, 233.13, 6.52, 0.006, 164.07, 26.39);
insert into SHOT values (2122, 2106, 2131, 55, 0.360, 236.90, -5.70, 0.362, 236.31, -4.76, 0.007, 178.85, 52.75);
insert into SHOT values (2123, 2106, 2132, 55, 0.310, 236.60, -10.40, 0.306, 235.78, -9.39, 0.008, 115.33, 49.81);
insert into SHOT values (2124, 2106, 2133, 55, 2.170, 240.10, -32.40, 2.161, 240.06, -32.46, 0.009, 68.22, 17.03);
insert into SHOT values (2125, 2133, 2134, 55, 4.380, 63.80, 41.60, 4.373, 63.83, 41.71, 0.011, 235.44, 10.57);
insert into SHOT values (2126, 2133, 2135, 55, 3.580, 62.80, 48.00, 3.578, 62.90, 48.03, 0.005, 186.72, -5.23);
insert into SHOT values (2127, 2133, 2136, 55, 3.270, 60.40, 56.80, 3.269, 60.41, 56.96, 0.009, 237.21, 24.86);
insert into SHOT values (2128, 2133, 2137, 55, 3.330, 71.90, 71.00, 3.331, 72.24, 71.05, 0.007, 184.14, 11.76);
insert into SHOT values (2129, 2133, 2138, 55, 2.890, 101.70, 76.50, 2.890, 101.98, 76.50, 0.003, 191.34, -2.62);
insert into SHOT values (2130, 2133, 2139, 55, 2.710, 144.80, 78.40, 2.706, 145.44, 78.35, 0.008, 221.05, -36.60);
insert into SHOT values (2131, 2133, 2140, 55, 1.160, 174.40, 75.30, 1.160, 176.19, 74.97, 0.011, 231.08, -10.26);
insert into SHOT values (2132, 2133, 2141, 55, 1.130, 183.60, 69.30, 1.133, 184.29, 69.27, 0.006, 254.53, 30.01);
insert into SHOT values (2133, 2133, 2142, 55, 1.190, 185.60, 47.80, 1.192, 185.71, 47.58, 0.005, 204.09, -17.65);
insert into SHOT values (2134, 2133, 2143, 55, 1.450, 189.90, 39.70, 1.454, 190.30, 39.75, 0.009, 263.16, 24.66);
insert into SHOT values (2135, 2133, 2144, 55, 1.100, 179.00, 8.50, 1.102, 179.47, 8.35, 0.010, 255.95, -15.62);
insert into SHOT values (2136, 2144, 2145, 55, 0.860, 260.90, 69.40, 0.862, 260.22, 70.03, 0.010, 103.73, 28.91);
insert into SHOT values (2137, 2144, 2146, 55, 4.150, 266.10, 73.70, 4.156, 266.05, 73.75, 0.007, 110.60, 72.01);
insert into SHOT values (2138, 2144, 2147, 55, 3.960, 263.70, 71.40, 3.965, 263.61, 71.50, 0.009, 104.37, 50.54);
insert into SHOT values (2139, 2144, 2148, 55, 3.630, 250.70, 28.30, 3.625, 250.60, 28.32, 0.008, 119.15, -7.19);
insert into SHOT values (2140, 2144, 2149, 55, 3.420, 252.90, 36.40, 3.420, 252.88, 36.42, 0.001, 119.18, 22.94);
insert into SHOT values (2141, 2144, 2150, 55, 2.770, 252.40, 43.10, 2.769, 252.37, 43.32, 0.011, 78.81, 42.40);
insert into SHOT values (2142, 2144, 2151, 55, 3.670, 255.60, 50.20, 3.668, 255.43, 50.25, 0.008, 136.94, 2.89);
insert into SHOT values (2143, 2144, 2152, 55, 2.640, 10.70, -24.90, 2.638, 10.84, -24.89, 0.006, 118.72, 13.99);
insert into SHOT values (2144, 2152, 2153, 55, 1.990, 218.40, 17.80, 2.011, 218.85, 17.96, 0.026, 257.53, 26.26);
insert into SHOT values (2145, 2152, 2154, 55, 3.000, 200.60, 26.90, 2.982, 200.20, 26.70, 0.028, 78.53, -38.51);
insert into SHOT values (2146, 2154, 2155, 55, 3.050, 256.00, 21.40, 3.054, 255.96, 21.31, 0.006, 236.99, -27.49);
insert into SHOT values (2147, 2154, 2156, 55, 2.700, 261.20, 38.00, 2.697, 261.07, 37.99, 0.006, 150.16, -23.77);
insert into SHOT values (2148, 2154, 2157, 55, 2.810, 265.30, 46.50, 2.813, 265.26, 46.49, 0.003, 235.90, 32.26);
insert into SHOT values (2149, 2154, 2158, 55, 1.010, 281.70, 53.60, 1.009, 281.50, 53.38, 0.005, 243.56, -40.37);
insert into SHOT values (2150, 2154, 2159, 55, 3.790, 266.40, 70.10, 3.787, 266.45, 70.05, 0.005, 291.79, -53.82);
insert into SHOT values (2151, 2154, 2160, 55, 3.650, 262.20, 65.00, 3.653, 262.18, 64.99, 0.003, 249.22, 47.13);
insert into SHOT values (2152, 2154, 2161, 55, 3.250, 255.60, 24.90, 3.256, 255.49, 24.88, 0.009, 214.42, 11.07);
insert into SHOT values (2153, 2154, 2162, 55, 3.150, 255.50, 32.40, 3.156, 255.44, 32.38, 0.007, 231.24, 18.22);
insert into SHOT values (2154, 2154, 2163, 55, 2.050, 258.10, 12.50, 2.010, 257.95, 12.35, 0.041, 85.98, -19.59);
insert into SHOT values (2155, 2163, 2164, 55, 2.130, 241.40, 65.90, 2.125, 241.07, 65.89, 0.007, 135.32, -40.11);
insert into SHOT values (2156, 2163, 2165, 55, 3.790, 228.10, 80.10, 3.786, 227.49, 80.10, 0.008, 134.02, -27.13);
insert into SHOT values (2157, 2163, 2166, 55, 3.390, 48.10, 87.30, 3.384, 50.19, 87.35, 0.009, 170.27, -42.76);
insert into SHOT values (2158, 2163, 2167, 55, 2.820, 34.10, 78.90, 2.814, 34.56, 78.80, 0.009, 85.56, -52.11);
insert into SHOT values (2159, 2163, 2168, 55, 3.180, 47.50, 73.70, 3.178, 47.73, 73.70, 0.004, 146.58, -31.44);
insert into SHOT values (2160, 2163, 2169, 55, 3.490, 227.80, 79.60, 3.487, 226.93, 79.60, 0.010, 135.39, -15.57);
insert into SHOT values (2161, 2163, 2170, 55, 1.340, 251.90, 53.50, 1.330, 251.57, 53.54, 0.011, 107.29, -41.93);
insert into SHOT values (2162, 2163, 2171, 55, 1.060, 260.80, 35.50, 1.056, 260.65, 35.30, 0.006, 137.46, -63.60);
insert into SHOT values (2163, 2163, 2172, 55, 1.720, 259.40, -2.80, 1.722, 259.28, -3.00, 0.007, 198.98, -54.84);
insert into SHOT values (2164, 2163, 2173, 55, 2.190, 253.30, -6.30, 2.187, 253.15, -6.30, 0.007, 132.07, 2.72);
insert into SHOT values (2165, 2163, 2174, 55, 2.850, 249.80, -6.70, 2.845, 249.71, -6.66, 0.007, 112.15, 19.86);
insert into SHOT values (2166, 2163, 2175, 55, 2.280, 242.50, -10.90, 2.277, 242.29, -10.88, 0.009, 136.46, 7.57);
insert into SHOT values (2167, 2163, 2176, 55, 2.020, 236.50, -9.80, 2.022, 236.47, -9.97, 0.006, 185.49, -77.56);
insert into SHOT values (2168, 2163, 2177, 55, 1.800, 229.50, -14.40, 1.801, 229.18, -14.47, 0.010, 143.42, -13.78);
insert into SHOT values (2169, 2163, 2178, 55, 5.000, 238.00, -7.50, 4.999, 237.95, -7.59, 0.009, 127.76, -55.76);
insert into SHOT values (2170, 2163, 2179, 55, 5.470, 241.30, -7.20, 5.472, 241.26, -7.24, 0.006, 177.70, -48.67);
insert into SHOT values (2171, 2163, 2180, 55, 5.430, 244.20, -7.00, 5.430, 244.15, -6.98, 0.005, 152.01, 19.73);
insert into SHOT values (2172, 2163, 2181, 55, 5.570, 245.80, -6.90, 5.568, 245.75, -6.91, 0.005, 131.33, -9.62);
insert into SHOT values (2173, 2163, 2182, 55, 4.900, 236.90, -6.00, 4.903, 236.80, -5.97, 0.009, 165.07, 13.58);
insert into SHOT values (2174, 2163, 2183, 55, 2.090, 231.30, -8.10, 2.091, 231.08, -8.25, 0.010, 142.45, -34.86);
insert into SHOT values (2175, 2163, 2184, 55, 6.430, 247.70, -16.30, 6.434, 247.63, -16.34, 0.010, 180.17, -33.04);
insert into SHOT values (2176, 2163, 2185, 55, 4.330, 249.20, -20.70, 4.325, 249.15, -20.72, 0.007, 104.26, 4.66);
insert into SHOT values (2177, 2163, 2186, 55, 4.280, 250.20, -22.60, 4.276, 250.14, -22.70, 0.009, 101.19, -33.47);
insert into SHOT values (2178, 2163, 2187, 55, 4.210, 249.30, -24.70, 4.206, 249.15, -24.74, 0.011, 135.42, -3.96);
insert into SHOT values (2179, 2163, 2188, 55, 1.870, 216.60, -74.80, 1.876, 215.94, -74.73, 0.009, 159.98, -38.58);
insert into SHOT values (2180, 2163, 2189, 55, 1.930, 231.70, -66.10, 1.935, 231.23, -66.15, 0.009, 145.96, -40.21);
insert into SHOT values (2181, 2163, 2190, 55, 1.970, 232.70, -61.10, 1.973, 232.28, -61.28, 0.010, 112.61, -33.85);
insert into SHOT values (2182, 2163, 2191, 55, 5.020, 238.10, -7.60, 4.992, 237.72, -7.95, 0.053, 103.36, -29.74);
insert into SHOT values (2183, 2191, 2192, 55, 5.490, 59.20, 10.20, 5.485, 59.25, 10.19, 0.007, 189.85, -17.92);
insert into SHOT values (2184, 2191, 2193, 55, 6.640, 60.90, 11.40, 6.639, 60.95, 11.38, 0.007, 154.79, -21.70);
insert into SHOT values (2185, 2191, 2194, 55, 4.790, 62.50, 11.30, 4.785, 62.45, 11.33, 0.007, 279.73, 12.29);
insert into SHOT values (2186, 2191, 2195, 55, 4.580, 66.80, 11.00, 4.577, 66.80, 10.96, 0.005, 244.31, -56.87);
insert into SHOT values (2187, 2191, 2196, 55, 3.040, 71.30, 11.00, 3.032, 71.38, 11.03, 0.009, 224.39, -0.36);
insert into SHOT values (2188, 2191, 2197, 55, 3.480, 81.30, 10.60, 3.478, 81.42, 10.60, 0.008, 189.63, -1.15);
insert into SHOT values (2189, 2191, 2198, 55, 2.400, 86.80, 11.80, 2.394, 86.82, 11.81, 0.006, 258.53, -7.85);
insert into SHOT values (2190, 2191, 2199, 55, 1.830, 91.50, 11.10, 1.825, 91.60, 11.06, 0.006, 239.84, -21.24);
insert into SHOT values (2191, 2191, 2200, 55, 1.200, 105.00, 8.40, 1.194, 105.21, 8.19, 0.009, 247.62, -36.28);
insert into SHOT values (2192, 2191, 2201, 55, 1.020, 111.70, 7.70, 1.024, 112.01, 7.86, 0.007, 172.44, 27.84);
insert into SHOT values (2193, 2191, 2202, 55, 2.290, 54.00, 10.20, 2.284, 54.05, 10.09, 0.008, 215.32, -43.47);
insert into SHOT values (2194, 2191, 2203, 55, 1.390, 49.80, 11.60, 1.391, 49.76, 11.61, 0.001, 0.40, 23.78);
insert into SHOT values (2195, 2191, 2204, 55, 1.250, 32.10, 11.60, 1.243, 32.25, 11.60, 0.007, 185.35, -10.45);
insert into SHOT values (2196, 2191, 2205, 55, 1.150, 14.50, 11.70, 1.149, 14.41, 11.55, 0.004, 263.08, -58.44);
insert into SHOT values (2197, 2191, 2206, 55, 1.220, 351.40, 3.40, 1.215, 351.47, 3.30, 0.005, 153.08, -26.77);
insert into SHOT values (2198, 2191, 2207, 55, 1.020, 327.40, 5.60, 1.017, 327.09, 5.64, 0.006, 210.61, 4.40);
insert into SHOT values (2199, 2191, 2208, 55, 1.050, 312.80, 8.30, 1.044, 312.65, 8.26, 0.007, 158.44, -13.84);
insert into SHOT values (2200, 2191, 2209, 55, 3.260, 352.70, -21.30, 3.252, 352.97, -21.65, 0.026, 128.54, -37.80);
insert into SHOT values (2201, 2209, 2210, 55, 3.020, 179.60, 19.20, 3.017, 179.60, 19.16, 0.004, 2.63, -58.47);
insert into SHOT values (2202, 2209, 2211, 55, 3.200, 177.30, 18.70, 3.204, 177.17, 18.75, 0.009, 107.62, 28.07);
insert into SHOT values (2203, 2209, 2212, 55, 3.450, 171.10, 17.20, 3.454, 171.11, 17.18, 0.004, 178.28, -2.78);
insert into SHOT values (2204, 2209, 2213, 55, 3.740, 162.60, 17.40, 3.745, 162.58, 17.40, 0.005, 148.15, 16.85);
insert into SHOT values (2205, 2209, 2214, 55, 3.750, 156.60, 17.40, 3.754, 156.65, 17.36, 0.006, 191.06, -13.12);
insert into SHOT values (2206, 2209, 2215, 55, 2.560, 151.50, 16.80, 2.566, 151.56, 16.76, 0.006, 174.43, 0.72);
insert into SHOT values (2207, 2209, 2216, 55, 2.910, 140.50, 17.60, 2.913, 140.41, 17.58, 0.006, 86.76, 1.05);
insert into SHOT values (2208, 2209, 2217, 55, 3.070, 133.30, 17.00, 3.077, 133.35, 17.01, 0.008, 152.77, 18.21);
insert into SHOT values (2209, 2209, 2218, 55, 3.100, 127.60, 15.40, 3.105, 127.67, 15.32, 0.008, 162.10, -25.40);
insert into SHOT values (2210, 2209, 2219, 55, 3.220, 120.70, 13.00, 3.222, 120.65, 13.09, 0.006, 50.97, 63.02);
insert into SHOT values (2211, 2209, 2220, 55, 3.320, 117.30, 13.60, 3.322, 117.28, 13.58, 0.003, 89.52, -14.97);
insert into SHOT values (2212, 2209, 2221, 55, 4.180, 114.00, 12.30, 4.179, 113.99, 12.30, 0.002, 319.56, -17.42);
insert into SHOT values (2213, 2209, 2222, 55, 4.110, 109.40, 11.00, 4.115, 109.38, 11.07, 0.007, 88.75, 51.58);
insert into SHOT values (2214, 2209, 2223, 55, 3.600, 102.30, 11.00, 3.607, 102.23, 11.03, 0.008, 68.78, 21.63);
insert into SHOT values (2215, 2209, 2224, 55, 3.300, 95.20, 11.70, 3.302, 95.15, 11.71, 0.004, 32.97, 13.18);
insert into SHOT values (2216, 2209, 2225, 55, 3.270, 91.30, 10.00, 3.271, 91.25, 10.04, 0.004, 9.42, 34.98);
insert into SHOT values (2217, 2209, 2226, 55, 2.990, 85.60, 9.40, 2.989, 85.72, 9.44, 0.007, 190.39, 14.47);
insert into SHOT values (2218, 2209, 2227, 55, 2.550, 77.70, 11.00, 2.554, 77.79, 11.06, 0.006, 127.00, 32.50);
insert into SHOT values (2219, 2209, 2228, 55, 2.430, 66.50, 11.70, 2.437, 66.55, 11.60, 0.008, 81.50, -19.27);
insert into SHOT values (2220, 2209, 2229, 55, 2.880, 52.30, 12.60, 2.886, 52.36, 12.61, 0.007, 78.81, 15.56);
insert into SHOT values (2221, 2209, 2230, 55, 2.900, 52.10, 10.50, 2.899, 52.13, 10.53, 0.002, 180.91, 43.53);
insert into SHOT values (2222, 2209, 2231, 55, 1.760, 26.20, 24.40, 1.764, 26.25, 24.45, 0.004, 51.50, 44.32);
insert into SHOT values (2223, 2209, 2232, 55, 1.540, 16.90, 30.90, 1.537, 17.20, 30.92, 0.007, 126.60, -6.67);
insert into SHOT values (2224, 2209, 2233, 55, 1.310, 5.70, 32.30, 1.308, 5.71, 32.34, 0.002, 179.25, -0.05);
insert into SHOT values (2225, 2209, 2234, 55, 1.440, 353.20, 31.20, 1.439, 353.45, 31.41, 0.008, 117.65, 31.50);
insert into SHOT values (2226, 2209, 2235, 55, 1.560, 342.00, 27.50, 1.553, 342.22, 27.63, 0.010, 128.35, -1.94);
insert into SHOT values (2227, 2209, 2236, 55, 1.710, 331.50, 24.90, 1.708, 331.45, 24.94, 0.003, 178.24, 0.53);
insert into SHOT values (2228, 2209, 2237, 55, 4.230, 326.00, 10.40, 4.228, 326.08, 10.49, 0.009, 83.16, 44.25);
insert into SHOT values (2229, 2209, 2238, 55, 4.850, 322.60, 8.60, 4.849, 322.63, 8.66, 0.005, 81.22, 60.56);
insert into SHOT values (2230, 2209, 2239, 55, 4.720, 317.70, 9.10, 4.718, 317.78, 9.15, 0.008, 66.54, 25.78);
insert into SHOT values (2231, 2209, 2240, 55, 4.790, 314.80, 8.90, 4.788, 314.74, 8.89, 0.005, 204.51, -11.97);
insert into SHOT values (2232, 2209, 2241, 55, 7.050, 300.90, 4.90, 7.045, 300.95, 4.89, 0.008, 69.12, -15.76);
insert into SHOT values (2233, 2209, 2242, 55, 6.730, 297.00, 4.80, 6.723, 296.99, 4.78, 0.008, 130.45, -23.78);
insert into SHOT values (2234, 2209, 2243, 55, 6.180, 292.20, 5.20, 6.179, 292.15, 5.20, 0.006, 197.04, -1.10);
insert into SHOT values (2235, 2209, 2244, 55, 5.310, 285.10, 8.20, 5.307, 285.12, 8.23, 0.005, 78.51, 31.36);
insert into SHOT values (2236, 2209, 2245, 55, 4.410, 274.80, 13.10, 4.410, 274.81, 13.11, 0.001, 16.23, 37.56);
insert into SHOT values (2237, 2209, 2246, 55, 4.110, 269.30, 13.80, 4.109, 269.28, 13.80, 0.002, 139.31, -12.86);
insert into SHOT values (2238, 2209, 2247, 55, 3.820, 263.90, 13.30, 3.815, 263.81, 13.34, 0.008, 127.36, 8.42);
insert into SHOT values (2239, 2209, 2248, 55, 3.130, 240.70, 15.80, 3.127, 240.54, 15.77, 0.009, 133.44, -14.14);
insert into SHOT values (2240, 2209, 2249, 55, 2.730, 232.10, 17.70, 2.730, 232.03, 17.70, 0.003, 137.05, -0.18);
insert into SHOT values (2241, 2209, 2250, 55, 2.630, 222.10, 18.90, 2.633, 222.07, 18.83, 0.005, 205.78, -24.20);
insert into SHOT values (2242, 2209, 2251, 55, 2.700, 207.20, 17.70, 2.699, 207.06, 17.69, 0.006, 111.45, -8.20);
insert into SHOT values (2243, 2209, 2252, 55, 2.130, 195.20, 16.90, 2.132, 195.06, 16.90, 0.006, 127.08, 8.40);
insert into SHOT values (2244, 2209, 2253, 55, 3.040, 192.00, 17.40, 3.042, 191.93, 17.41, 0.004, 128.63, 12.88);
insert into SHOT values (2245, 2209, 2254, 55, 2.990, 183.00, 16.90, 2.993, 183.00, 16.90, 0.003, 185.13, 14.66);
insert into SHOT values (2246, 2209, 2255, 55, 3.250, 176.70, 17.00, 3.247, 176.68, 17.01, 0.003, 21.05, -3.92);
insert into SHOT values (2247, 2209, 2256, 55, 3.470, 169.40, 17.00, 3.470, 169.40, 17.10, 0.006, 346.51, 71.78);
insert into SHOT values (2248, 2209, 2257, 55, 1.590, 343.60, 30.10, 1.592, 343.54, 30.17, 0.003, 283.14, 57.47);
insert into SHOT values (2249, 2257, 2258, 55, 5.780, 286.30, 1.00, 5.773, 286.30, 0.99, 0.007, 106.37, -7.01);
insert into SHOT values (2250, 2257, 2259, 55, 5.750, 275.40, 1.10, 5.746, 275.39, 1.10, 0.004, 106.63, -6.15);
insert into SHOT values (2251, 2257, 2260, 55, 4.380, 269.20, 0.60, 4.371, 269.21, 0.52, 0.011, 82.97, -31.96);
insert into SHOT values (2252, 2257, 2261, 55, 4.030, 263.00, -0.40, 4.030, 263.02, -0.43, 0.002, 353.06, -58.80);
insert into SHOT values (2253, 2257, 2262, 55, 3.420, 256.60, -1.50, 3.414, 256.62, -1.51, 0.006, 68.16, -4.38);
insert into SHOT values (2254, 2257, 2263, 55, 3.350, 249.30, -2.60, 3.352, 249.18, -2.56, 0.007, 175.87, 15.48);
insert into SHOT values (2255, 2257, 2264, 55, 3.580, 242.40, -3.80, 3.578, 242.29, -3.85, 0.008, 131.85, -19.91);
insert into SHOT values (2256, 2257, 2265, 55, 4.170, 238.00, -4.20, 4.168, 237.88, -4.27, 0.010, 131.96, -26.47);
insert into SHOT values (2257, 2257, 2266, 55, 3.550, 220.60, -2.30, 3.550, 220.43, -2.26, 0.011, 128.86, 12.90);
insert into SHOT values (2258, 2257, 2267, 55, 3.380, 213.30, -1.50, 3.382, 213.17, -1.52, 0.008, 139.56, -11.04);
insert into SHOT values (2259, 2257, 2268, 55, 3.250, 205.20, -1.20, 3.249, 205.14, -1.23, 0.004, 89.29, -29.11);
insert into SHOT values (2260, 2257, 2269, 55, 4.190, 196.70, -1.70, 4.188, 196.66, -1.78, 0.007, 66.73, -56.15);
insert into SHOT values (2261, 2257, 2270, 55, 4.110, 188.90, -1.20, 4.110, 188.82, -1.25, 0.007, 93.76, -34.41);
insert into SHOT values (2262, 2257, 2271, 55, 4.120, 185.20, -0.80, 4.117, 185.16, -0.84, 0.005, 51.88, -30.03);
insert into SHOT values (2263, 2257, 2272, 55, 4.120, 179.20, -0.80, 4.121, 179.17, -0.83, 0.004, 107.94, -43.51);
insert into SHOT values (2264, 2257, 2273, 55, 4.660, 173.20, 0.20, 4.664, 173.10, 0.25, 0.009, 108.82, 23.21);
insert into SHOT values (2265, 2257, 2274, 55, 3.810, 160.90, -0.20, 3.811, 160.85, -0.15, 0.005, 85.96, 44.86);
insert into SHOT values (2266, 2257, 2275, 55, 4.010, 152.30, 1.40, 4.014, 152.22, 1.43, 0.007, 95.51, 17.15);
insert into SHOT values (2267, 2257, 2276, 55, 4.160, 143.70, 2.40, 4.166, 143.60, 2.34, 0.010, 91.70, -24.11);
insert into SHOT values (2268, 2257, 2277, 55, 4.150, 145.40, 0.20, 4.155, 145.39, 0.14, 0.007, 139.15, -40.28);
insert into SHOT values (2269, 2257, 2278, 55, 4.200, 138.60, 1.10, 4.202, 138.57, 1.09, 0.003, 92.18, -11.83);
insert into SHOT values (2270, 2257, 2279, 55, 4.360, 131.00, -1.40, 4.361, 131.00, -1.45, 0.004, 134.22, -79.79);
insert into SHOT values (2271, 2257, 2280, 55, 4.660, 121.50, -2.40, 4.659, 121.47, -2.46, 0.006, 3.85, -60.82);
insert into SHOT values (2272, 2257, 2281, 55, 4.090, 116.40, -3.40, 4.095, 116.44, -3.36, 0.006, 147.24, 24.90);
insert into SHOT values (2273, 2257, 2282, 55, 4.030, 113.20, -3.20, 4.034, 113.25, -3.27, 0.007, 161.25, -44.30);
insert into SHOT values (2274, 2209, 2283, 55, 6.580, 39.90, 3.90, 6.596, 40.44, 3.56, 0.075, 113.98, -30.16);
insert into SHOT values (2275, 2283, 2284, 55, 2.720, 297.60, 3.70, 2.725, 297.60, 3.79, 0.007, 298.41, 40.84);
insert into SHOT values (2276, 2283, 2285, 55, 0.870, 305.50, 4.00, 0.876, 305.69, 3.93, 0.007, 330.22, -5.67);
insert into SHOT values (2277, 2283, 2286, 55, 3.450, 293.00, 3.50, 3.452, 293.07, 3.49, 0.005, 357.68, -7.82);
insert into SHOT values (2278, 2283, 2287, 55, 4.110, 286.70, 2.60, 4.117, 286.67, 2.64, 0.008, 271.27, 25.67);
insert into SHOT values (2279, 2283, 2288, 55, 4.380, 284.20, 0.60, 4.385, 284.26, 0.65, 0.008, 324.10, 30.82);
insert into SHOT values (2280, 2283, 2289, 55, 4.960, 279.70, 0.00, 4.962, 279.75, 0.00, 0.004, 348.02, 0.00);
insert into SHOT values (2281, 2283, 2290, 55, 5.100, 276.80, 0.80, 5.107, 276.86, 0.79, 0.009, 314.22, -7.73);
insert into SHOT values (2282, 2283, 2291, 55, 4.800, 273.50, 1.10, 4.800, 273.58, 1.07, 0.007, 1.34, -17.00);
insert into SHOT values (2283, 2283, 2292, 55, 4.710, 267.10, 1.10, 4.716, 267.20, 1.09, 0.011, 320.09, -2.24);
insert into SHOT values (2284, 2283, 2293, 55, 4.660, 262.90, 1.00, 4.666, 262.98, 0.98, 0.009, 312.48, -8.65);
insert into SHOT values (2285, 2283, 2294, 55, 4.740, 259.90, 1.20, 4.744, 259.92, 1.21, 0.005, 283.27, 9.05);
insert into SHOT values (2286, 2283, 2295, 55, 4.450, 258.70, 1.30, 4.457, 258.74, 1.29, 0.008, 283.22, -7.20);
insert into SHOT values (2287, 2283, 2296, 55, 3.880, 255.60, 0.00, 3.881, 255.68, 0.00, 0.005, 338.90, 0.00);
insert into SHOT values (2288, 2283, 2297, 55, 3.740, 251.50, 2.50, 3.744, 251.61, 2.45, 0.009, 310.07, -19.86);
insert into SHOT values (2289, 2283, 2298, 55, 3.690, 246.40, 4.00, 3.695, 246.50, 4.03, 0.008, 298.28, 18.45);
insert into SHOT values (2290, 2283, 2299, 55, 3.880, 242.70, 3.90, 3.878, 242.77, 3.99, 0.008, 358.43, 48.27);
insert into SHOT values (2291, 2283, 2300, 55, 4.110, 236.70, 5.10, 4.113, 236.85, 5.16, 0.012, 311.85, 22.31);
insert into SHOT values (2292, 2283, 2301, 55, 4.230, 232.60, 4.40, 4.229, 232.61, 4.48, 0.006, 16.11, 72.82);
insert into SHOT values (2293, 2283, 2302, 55, 3.530, 216.50, 3.80, 3.532, 216.58, 3.90, 0.008, 285.71, 49.99);
insert into SHOT values (2294, 2283, 2303, 55, 3.190, 213.00, 4.10, 3.195, 213.09, 4.13, 0.007, 258.08, 14.95);
insert into SHOT values (2295, 2283, 2304, 55, 2.570, 208.20, 3.40, 2.573, 208.36, 3.34, 0.008, 277.15, -17.34);
insert into SHOT values (2296, 2283, 2305, 55, 2.600, 198.30, 3.80, 2.599, 198.43, 3.75, 0.007, 299.63, -20.37);
insert into SHOT values (2297, 2283, 2306, 55, 2.910, 188.30, 5.40, 2.904, 188.35, 5.53, 0.009, 345.15, 41.38);
insert into SHOT values (2298, 2283, 2307, 55, 3.200, 180.90, 4.60, 3.201, 180.90, 4.66, 0.003, 171.76, 78.11);
insert into SHOT values (2299, 2283, 2308, 55, 3.430, 174.50, 4.00, 3.423, 174.62, 4.02, 0.010, 306.54, 4.25);
insert into SHOT values (2300, 2283, 2309, 55, 3.290, 170.40, 4.40, 3.284, 170.51, 4.37, 0.009, 301.76, -16.17);
insert into SHOT values (2301, 2283, 2310, 55, 3.320, 163.70, 4.70, 3.312, 163.82, 4.68, 0.011, 303.93, -11.01);
insert into SHOT values (2302, 2283, 2311, 55, 3.300, 156.90, 4.70, 3.295, 156.87, 4.70, 0.005, 356.06, -4.35);
insert into SHOT values (2303, 2283, 2312, 55, 3.510, 150.40, 3.30, 3.503, 150.36, 3.27, 0.007, 352.85, -16.50);
insert into SHOT values (2304, 2283, 2313, 55, 3.900, 147.30, 0.10, 3.895, 147.37, 0.15, 0.008, 285.22, 23.96);
insert into SHOT values (2305, 2283, 2314, 55, 7.420, 145.80, 1.30, 7.416, 145.77, 1.31, 0.006, 4.43, 17.16);
insert into SHOT values (2306, 2283, 2315, 55, 6.660, 134.70, -0.70, 6.654, 134.70, -0.69, 0.006, 320.02, 13.80);
insert into SHOT values (2307, 2283, 2316, 55, 6.640, 131.40, 0.60, 6.639, 131.40, 0.60, 0.001, 331.91, 25.36);
insert into SHOT values (2308, 2283, 2317, 55, 3.620, 122.80, -5.90, 3.614, 122.85, -5.88, 0.007, 275.06, 17.33);
insert into SHOT values (2309, 2283, 2318, 55, 3.610, 114.10, -0.50, 3.604, 114.08, -0.48, 0.007, 307.65, 12.87);
insert into SHOT values (2310, 2283, 2319, 55, 3.390, 108.20, -0.30, 3.390, 108.22, -0.34, 0.003, 196.76, -60.90);
insert into SHOT values (2311, 2283, 2320, 55, 3.270, 99.50, 1.80, 3.266, 99.52, 1.75, 0.005, 261.06, -36.96);
insert into SHOT values (2312, 2283, 2321, 55, 3.340, 107.30, -2.10, 3.333, 107.29, -2.06, 0.008, 290.78, 18.29);
insert into SHOT values (2313, 2283, 2322, 55, 3.210, 102.70, -4.90, 3.209, 102.65, -4.83, 0.005, 359.61, 53.25);
insert into SHOT values (2314, 2283, 2323, 55, 3.280, 93.80, 2.00, 3.279, 93.67, 2.10, 0.009, 353.74, 37.18);
insert into SHOT values (2315, 2283, 2324, 55, 3.450, 87.30, 4.60, 3.446, 87.16, 4.66, 0.010, 327.66, 19.27);
insert into SHOT values (2316, 2283, 2325, 55, 3.490, 81.70, 4.30, 3.487, 81.57, 4.28, 0.009, 333.94, -11.18);
insert into SHOT values (2317, 2283, 2326, 55, 3.230, 77.20, 4.00, 3.230, 77.09, 4.08, 0.008, 341.46, 35.89);
insert into SHOT values (2318, 2283, 2327, 55, 3.060, 71.80, 3.80, 3.061, 71.68, 3.75, 0.007, 355.29, -23.69);
insert into SHOT values (2319, 2283, 2328, 55, 3.120, 67.90, -0.40, 3.122, 67.79, -0.37, 0.006, 353.58, 15.91);
insert into SHOT values (2320, 2283, 2329, 55, 3.060, 62.80, 1.40, 3.060, 62.76, 1.50, 0.006, 334.73, 70.28);
insert into SHOT values (2321, 2283, 2330, 55, 3.110, 56.90, 0.60, 3.107, 56.82, 0.55, 0.006, 288.39, -25.26);
insert into SHOT values (2322, 2283, 2331, 55, 3.290, 52.40, 2.90, 3.291, 52.29, 2.96, 0.007, 327.61, 29.99);
insert into SHOT values (2323, 2283, 2332, 55, 3.570, 48.10, 2.70, 3.566, 48.07, 2.73, 0.005, 250.34, 22.11);
insert into SHOT values (2324, 2283, 2333, 55, 3.810, 43.80, 2.30, 3.808, 43.72, 2.26, 0.006, 295.05, -28.02);
insert into SHOT values (2325, 2283, 2334, 55, 4.700, 38.90, 1.90, 4.704, 38.87, 1.95, 0.006, 2.63, 44.31);
insert into SHOT values (2326, 2283, 2335, 55, 5.380, 32.50, 2.00, 5.380, 32.39, 2.02, 0.011, 300.83, 12.18);
insert into SHOT values (2327, 2283, 2336, 55, 5.490, 28.20, 2.00, 5.493, 28.15, 1.98, 0.006, 329.33, -16.67);
insert into SHOT values (2328, 2283, 2337, 55, 3.710, 43.60, 4.70, 3.724, 43.80, 4.47, 0.025, 83.32, -34.64);
insert into SHOT values (2329, 2337, 2338, 55, 1.120, 17.60, -0.20, 1.123, 17.63, 0.00, 0.005, 28.99, 54.57);
insert into SHOT values (2330, 2337, 2339, 55, 2.090, 356.60, 1.00, 2.084, 356.70, 1.10, 0.008, 146.78, 26.16);
insert into SHOT values (2331, 2337, 2340, 55, 2.210, 353.10, 1.90, 2.206, 353.23, 1.82, 0.007, 117.49, -28.46);
insert into SHOT values (2332, 2337, 2341, 55, 2.460, 344.80, 2.40, 2.457, 344.89, 2.33, 0.006, 112.80, -32.16);
insert into SHOT values (2333, 2337, 2342, 55, 2.590, 339.60, 2.10, 2.584, 339.60, 2.00, 0.008, 159.69, -37.81);
insert into SHOT values (2334, 2337, 2343, 55, 2.860, 334.70, 1.30, 2.855, 334.69, 1.20, 0.007, 158.95, -42.30);
insert into SHOT values (2335, 2337, 2344, 55, 2.860, 325.80, 1.90, 2.853, 325.86, 1.81, 0.009, 121.87, -31.54);
insert into SHOT values (2336, 2337, 2345, 55, 2.950, 316.80, 2.30, 2.946, 316.93, 2.33, 0.008, 80.70, 11.54);
insert into SHOT values (2337, 2337, 2346, 55, 3.250, 309.30, 1.20, 3.248, 309.38, 1.23, 0.005, 66.09, 21.79);
insert into SHOT values (2338, 2337, 2347, 55, 3.720, 300.30, 0.30, 3.715, 300.22, 0.31, 0.007, 165.31, 4.24);
insert into SHOT values (2339, 2337, 2348, 55, 4.120, 293.80, 0.40, 4.110, 293.82, 0.42, 0.010, 105.05, 7.14);
insert into SHOT values (2340, 2337, 2349, 55, 4.650, 290.70, -0.40, 4.640, 290.70, -0.37, 0.011, 110.44, 13.37);
insert into SHOT values (2341, 2337, 2350, 55, 4.390, 288.10, -0.70, 4.386, 288.06, -0.65, 0.006, 146.94, 38.94);
insert into SHOT values (2342, 2337, 2351, 55, 4.720, 282.70, -2.70, 4.709, 282.65, -2.68, 0.012, 124.72, 11.56);
insert into SHOT values (2343, 2337, 2352, 55, 3.410, 278.10, -2.10, 3.406, 278.11, -2.19, 0.006, 92.32, -53.62);
insert into SHOT values (2344, 2337, 2353, 55, 3.250, 272.90, -1.10, 3.245, 272.83, -1.06, 0.007, 130.00, 19.27);
insert into SHOT values (2345, 2337, 2354, 55, 3.090, 267.40, -1.80, 3.085, 267.40, -1.86, 0.006, 88.89, -29.04);
insert into SHOT values (2346, 2337, 2355, 55, 3.200, 261.80, -2.40, 3.196, 261.72, -2.51, 0.008, 131.51, -44.91);
insert into SHOT values (2347, 2337, 2356, 55, 3.900, 254.30, -3.60, 3.895, 254.18, -3.68, 0.011, 133.56, -27.61);
insert into SHOT values (2348, 2337, 2357, 55, 3.280, 248.30, -3.60, 3.279, 248.30, -3.67, 0.004, 76.28, -68.60);
insert into SHOT values (2349, 2337, 2358, 55, 2.980, 242.80, -3.20, 2.975, 242.74, -3.28, 0.007, 89.75, -29.99);
insert into SHOT values (2350, 2337, 2359, 55, 3.110, 234.90, -2.50, 3.111, 234.83, -2.58, 0.006, 149.50, -47.45);
insert into SHOT values (2351, 2337, 2360, 55, 2.890, 319.70, -3.50, 2.853, 319.99, -3.82, 0.043, 119.23, -18.33);
insert into SHOT values (2352, 2360, 2361, 55, 0.790, 265.50, 1.00, 0.793, 264.94, 0.72, 0.009, 197.66, -24.21);
insert into SHOT values (2353, 2360, 2362, 55, 1.370, 259.70, 2.20, 1.364, 259.43, 2.10, 0.009, 127.00, -16.63);
insert into SHOT values (2354, 2360, 2363, 55, 2.350, 254.70, 1.40, 2.344, 254.66, 1.47, 0.007, 90.79, 23.19);
insert into SHOT values (2355, 2360, 2364, 55, 3.010, 249.40, 5.00, 3.005, 249.26, 4.96, 0.009, 126.18, -15.48);
insert into SHOT values (2356, 2360, 2365, 55, 3.120, 245.70, 3.90, 3.117, 245.50, 3.86, 0.012, 142.30, -10.93);
insert into SHOT values (2357, 2360, 2366, 55, 2.840, 242.60, 3.40, 2.836, 242.44, 3.44, 0.009, 127.47, 10.15);
insert into SHOT values (2358, 2360, 2367, 55, 2.640, 240.20, 2.80, 2.646, 240.04, 2.82, 0.010, 190.87, 6.08);
insert into SHOT values (2359, 2360, 2368, 55, 3.080, 244.80, 2.00, 3.079, 244.60, 2.05, 0.011, 151.19, 13.17);
insert into SHOT values (2360, 2360, 2369, 55, 2.210, 235.70, 3.20, 2.211, 235.52, 3.11, 0.008, 156.63, -25.25);
insert into SHOT values (2361, 2360, 2370, 55, 2.180, 226.90, 3.50, 2.183, 226.86, 3.41, 0.005, 200.55, -41.71);
insert into SHOT values (2362, 2360, 2371, 55, 2.450, 217.60, 1.80, 2.447, 217.53, 1.87, 0.005, 87.89, 36.45);
insert into SHOT values (2363, 2360, 2372, 55, 2.680, 209.30, 1.50, 2.683, 209.24, 1.50, 0.004, 163.32, -2.31);
insert into SHOT values (2364, 2360, 2373, 55, 3.640, 200.90, 0.40, 3.650, 200.87, 0.47, 0.011, 188.93, 25.32);
insert into SHOT values (2365, 2360, 2374, 55, 3.950, 190.40, 0.30, 3.954, 190.34, 0.29, 0.006, 148.42, -6.70);
insert into SHOT values (2366, 2360, 2375, 55, 7.880, 180.80, 0.40, 7.881, 180.80, 0.44, 0.005, 178.85, 79.10);
insert into SHOT values (2367, 2360, 2376, 55, 7.910, 177.70, -0.10, 7.916, 177.68, -0.07, 0.008, 158.17, 28.96);
insert into SHOT values (2368, 2360, 2377, 55, 7.890, 180.90, 0.50, 7.891, 180.87, 0.51, 0.004, 107.98, 15.54);
insert into SHOT values (2369, 2360, 2378, 55, 8.230, 175.00, 0.30, 8.232, 174.98, 0.28, 0.004, 117.75, -45.19);
insert into SHOT values (2370, 2360, 2379, 55, 8.200, 175.20, -2.20, 8.205, 175.17, -2.17, 0.008, 137.72, 36.49);
insert into SHOT values (2371, 2360, 2380, 55, 7.910, 178.20, -0.90, 7.915, 178.19, -0.87, 0.007, 162.14, 39.63);
insert into SHOT values (2372, 2360, 2381, 55, 6.920, 161.80, -0.10, 6.925, 161.83, -0.08, 0.007, 192.32, 18.12);
insert into SHOT values (2373, 2360, 2382, 55, 5.810, 157.60, 0.80, 5.821, 157.58, 0.79, 0.011, 145.18, -5.89);
insert into SHOT values (2374, 2360, 2383, 55, 4.440, 153.40, 1.50, 4.442, 153.38, 1.55, 0.005, 116.57, 52.07);
insert into SHOT values (2375, 2360, 2384, 55, 3.630, 149.40, 2.20, 3.639, 149.41, 2.21, 0.009, 155.61, 4.35);
insert into SHOT values (2376, 2360, 2385, 55, 3.320, 145.70, 3.90, 3.325, 145.69, 3.97, 0.007, 137.24, 39.70);
insert into SHOT values (2377, 2360, 2386, 55, 2.880, 139.50, 4.30, 2.888, 139.51, 4.37, 0.009, 141.92, 27.29);
insert into SHOT values (2378, 2360, 2387, 55, 2.970, 129.00, 4.30, 2.972, 129.11, 4.24, 0.007, 194.75, -22.81);
insert into SHOT values (2379, 2360, 2388, 55, 2.630, 119.80, 5.20, 2.632, 119.99, 5.23, 0.009, 198.75, 10.53);
insert into SHOT values (2380, 2360, 2389, 55, 2.380, 111.80, 5.20, 2.380, 111.80, 5.30, 0.004, 287.25, 80.29);
insert into SHOT values (2381, 2360, 2390, 55, 2.310, 102.30, 3.70, 2.310, 102.53, 3.72, 0.009, 194.27, 5.77);
insert into SHOT values (2382, 2360, 2391, 55, 2.280, 104.40, 4.80, 2.281, 104.53, 4.78, 0.005, 187.15, -8.90);
insert into SHOT values (2383, 2360, 2392, 55, 1.910, 89.30, 4.90, 1.907, 89.40, 4.81, 0.005, 221.53, -35.94);
insert into SHOT values (2384, 2360, 2393, 55, 1.560, 81.70, 11.30, 1.567, 81.76, 11.41, 0.008, 97.55, 34.38);
insert into SHOT values (2385, 2360, 2394, 55, 1.280, 74.00, 14.90, 1.281, 74.05, 14.93, 0.002, 134.89, 32.80);
insert into SHOT values (2386, 2360, 2395, 55, 0.990, 63.30, 16.70, 0.989, 63.71, 16.45, 0.008, 154.71, -33.78);
insert into SHOT values (2387, 2360, 2396, 55, 7.050, 163.90, 0.90, 7.082, 163.51, 0.57, 0.071, 107.45, -35.16);
insert into SHOT values (2388, 2396, 2397, 55, 7.180, 340.40, 0.60, 7.183, 340.48, 0.56, 0.012, 52.74, -26.15);
insert into SHOT values (2389, 2396, 2398, 55, 7.080, 348.30, -0.50, 7.076, 348.34, -0.49, 0.007, 114.88, 15.91);
insert into SHOT values (2390, 2396, 2399, 55, 7.320, 345.00, 1.00, 7.319, 345.03, 1.02, 0.005, 83.32, 27.63);
insert into SHOT values (2391, 2396, 2400, 55, 7.110, 339.10, 0.60, 7.106, 339.14, 0.56, 0.008, 106.27, -34.30);
insert into SHOT values (2392, 2396, 2401, 55, 7.270, 330.70, 0.30, 7.266, 330.75, 0.32, 0.008, 88.94, 13.99);
insert into SHOT values (2393, 2396, 2402, 55, 7.350, 326.70, -0.20, 7.344, 326.72, -0.23, 0.008, 120.73, -35.20);
insert into SHOT values (2394, 2396, 2403, 55, 7.670, 316.60, -0.20, 7.668, 316.59, -0.22, 0.004, 181.45, -49.10);
insert into SHOT values (2395, 2396, 2404, 55, 4.750, 305.50, 0.90, 4.746, 305.57, 0.85, 0.008, 73.06, -33.86);
insert into SHOT values (2396, 2396, 2405, 55, 3.580, 304.10, -1.50, 3.579, 304.18, -1.44, 0.006, 43.70, 36.71);
insert into SHOT values (2397, 2396, 2406, 55, 3.500, 301.30, -2.50, 3.495, 301.41, -2.46, 0.009, 66.25, 17.47);
insert into SHOT values (2398, 2396, 2407, 55, 3.530, 299.70, -1.40, 3.526, 299.77, -1.46, 0.007, 73.82, -33.96);
insert into SHOT values (2399, 2396, 2408, 55, 3.600, 306.20, -0.80, 3.599, 306.30, -0.80, 0.006, 49.85, 2.42);
insert into SHOT values (2400, 2396, 2409, 55, 4.180, 264.30, 2.20, 4.173, 264.36, 2.20, 0.008, 52.26, -3.33);
insert into SHOT values (2401, 2396, 2410, 55, 3.760, 258.90, 3.30, 3.756, 258.93, 3.36, 0.006, 52.87, 38.70);
insert into SHOT values (2402, 2396, 2411, 55, 3.620, 254.50, 3.50, 3.617, 254.58, 3.49, 0.006, 18.15, -9.59);
insert into SHOT values (2403, 2396, 2412, 55, 3.320, 245.00, 3.20, 3.315, 244.98, 3.11, 0.007, 77.98, -50.80);
insert into SHOT values (2404, 2396, 2413, 55, 2.620, 240.20, 4.70, 2.616, 240.09, 4.60, 0.008, 111.35, -36.45);
insert into SHOT values (2405, 2396, 2414, 55, 1.970, 232.60, 5.20, 1.962, 232.49, 5.26, 0.009, 79.37, 9.48);
insert into SHOT values (2406, 2396, 2415, 55, 1.990, 237.50, 5.90, 1.988, 237.60, 5.77, 0.006, 351.36, -51.67);
insert into SHOT values (2407, 2396, 2416, 55, 1.820, 225.40, 6.50, 1.815, 225.22, 6.64, 0.009, 92.24, 27.70);
insert into SHOT values (2408, 2396, 2417, 55, 1.770, 215.10, 6.20, 1.769, 215.05, 6.17, 0.002, 100.82, -32.22);
insert into SHOT values (2409, 2396, 2418, 55, 1.810, 211.30, 5.50, 1.807, 211.13, 5.40, 0.007, 95.23, -30.01);
insert into SHOT values (2410, 2396, 2419, 55, 2.140, 206.00, 5.20, 2.133, 205.96, 5.11, 0.008, 37.70, -29.62);
insert into SHOT values (2411, 2396, 2420, 55, 2.620, 197.20, 3.50, 2.621, 197.12, 3.50, 0.004, 119.06, 0.80);
insert into SHOT values (2412, 2396, 2421, 55, 3.350, 187.70, 1.80, 3.351, 187.55, 1.71, 0.010, 102.06, -30.63);
insert into SHOT values (2413, 2396, 2422, 55, 3.290, 183.10, 0.50, 3.285, 182.97, 0.52, 0.009, 57.40, 7.82);
insert into SHOT values (2414, 2396, 2423, 55, 3.980, 177.50, 1.10, 3.975, 177.40, 1.15, 0.009, 49.55, 23.05);
insert into SHOT values (2415, 2396, 2424, 55, 4.260, 171.80, 0.20, 4.254, 171.76, 0.13, 0.008, 20.53, -35.39);
insert into SHOT values (2416, 2396, 2425, 55, 4.280, 167.90, 0.60, 4.276, 167.85, 0.54, 0.007, 31.61, -41.23);
insert into SHOT values (2417, 2396, 2426, 55, 3.280, 158.30, 2.30, 3.278, 158.13, 2.27, 0.010, 58.15, -9.59);
insert into SHOT values (2418, 2396, 2427, 55, 1.590, 138.40, 18.60, 1.593, 138.49, 18.67, 0.004, 189.24, 42.23);
insert into SHOT values (2419, 2396, 2428, 55, 1.520, 142.50, 18.30, 1.518, 142.33, 18.43, 0.006, 16.78, 28.04);
insert into SHOT values (2420, 2396, 2429, 55, 1.530, 148.30, 18.10, 1.533, 148.16, 17.85, 0.008, 114.71, -39.82);
insert into SHOT values (2421, 2396, 2430, 55, 1.570, 152.10, 17.40, 1.571, 151.73, 17.41, 0.010, 65.85, 2.95);
insert into SHOT values (2422, 2396, 2431, 55, 1.670, 159.20, 15.30, 1.667, 158.86, 15.30, 0.010, 53.89, -3.86);
insert into SHOT values (2423, 2396, 2432, 55, 1.740, 165.90, 13.50, 1.742, 165.64, 13.61, 0.009, 83.08, 25.78);
insert into SHOT values (2424, 2396, 2433, 55, 1.810, 171.70, 12.60, 1.812, 171.55, 12.43, 0.007, 112.68, -41.72);
insert into SHOT values (2425, 2396, 2434, 55, 2.040, 179.30, 10.80, 2.036, 179.14, 10.76, 0.007, 56.04, -18.74);
insert into SHOT values (2426, 2396, 2435, 55, 2.290, 184.20, 10.10, 2.291, 184.07, 10.06, 0.006, 106.77, -16.57);
insert into SHOT values (2427, 2396, 2153, 55, 2.200, 202.90, 4.60, 2.190, 202.34, 4.19, 0.029, 89.80, -35.18);
insert into STATION values (1, '0', 21, 1482226.00, 5077758.00, 619.00);
insert into STATION_FLAG values(1, 'fix');
insert into STATION values (2, '1', 21, 1482229.95, 5077756.45, 618.83);
insert into STATION values (3, '2', 21, 1482229.42, 5077761.75, 618.87);
insert into STATION values (4, '3', 21, 1482232.98, 5077761.65, 615.39);
insert into STATION values (5, '4', 21, 1482233.18, 5077761.80, 615.39);
insert into STATION values (6, '5', 21, 1482243.87, 5077761.17, 615.29);
insert into STATION values (7, '6', 21, 1482247.63, 5077759.50, 616.96);
insert into STATION values (8, '7', 21, 1482251.98, 5077755.97, 615.66);
insert into STATION values (9, '8', 21, 1482255.37, 5077757.52, 615.66);
insert into STATION values (10, '141', 21, 1482257.78, 5077755.80, 616.01);
insert into STATION values (11, '9', 21, 1482269.71, 5077758.23, 615.98);
insert into STATION values (12, '10', 21, 1482271.98, 5077757.79, 616.62);
insert into STATION values (13, '11', 21, 1482280.12, 5077750.51, 616.14);
insert into STATION values (14, '12', 21, 1482288.02, 5077746.71, 617.00);
insert into STATION values (15, '145', 21, 1482295.90, 5077744.97, 617.97);
insert into STATION values (16, '13', 21, 1482298.14, 5077748.66, 617.42);
insert into STATION values (17, '14', 21, 1482304.41, 5077750.66, 618.10);
insert into STATION values (18, '146', 21, 1482305.24, 5077755.51, 618.95);
insert into STATION values (19, '15', 21, 1482300.92, 5077754.81, 618.18);
insert into STATION values (20, '16', 21, 1482298.45, 5077757.77, 617.26);
insert into STATION values (21, '17', 21, 1482298.04, 5077766.12, 617.33);
insert into STATION values (22, '147', 21, 1482296.94, 5077767.48, 617.44);
insert into STATION values (23, '18', 21, 1482296.21, 5077770.88, 617.45);
insert into STATION values (24, '19', 21, 1482296.98, 5077772.19, 617.60);
insert into STATION values (25, '20', 21, 1482288.28, 5077774.93, 617.46);
insert into STATION values (26, '21', 21, 1482284.74, 5077777.14, 617.13);
insert into STATION values (27, '148', 21, 1482284.91, 5077779.93, 616.96);
insert into STATION values (28, '148', 25, 1482284.91, 5077779.93, 616.96);
insert into STATION values (29, '22', 25, 1482285.89, 5077783.47, 616.52);
insert into STATION values (30, '23', 25, 1482296.60, 5077781.40, 617.17);
insert into STATION values (31, '175', 25, 1482301.71, 5077787.15, 616.80);
insert into STATION values (32, '24', 25, 1482310.37, 5077786.76, 616.41);
insert into STATION values (33, '160', 25, 1482317.97, 5077787.28, 616.77);
insert into STATION values (34, '159', 25, 1482330.18, 5077793.79, 617.47);
insert into STATION values (35, '163', 25, 1482335.09, 5077794.91, 617.28);
insert into STATION values (36, '174', 25, 1482343.13, 5077802.05, 617.13);
insert into STATION values (37, '25', 25, 1482346.75, 5077807.02, 617.50);
insert into STATION values (38, '209', 25, 1482357.76, 5077812.87, 616.57);
insert into STATION values (39, '26', 25, 1482365.29, 5077819.82, 617.73);
insert into STATION values (40, '211', 25, 1482373.18, 5077817.70, 617.08);
insert into STATION values (41, '212', 25, 1482378.53, 5077821.63, 616.99);
insert into STATION values (42, '27', 25, 1482379.08, 5077825.49, 618.04);
insert into STATION values (43, '213', 25, 1482381.74, 5077827.17, 618.44);
insert into STATION values (44, '214', 25, 1482385.51, 5077832.67, 617.79);
insert into STATION values (45, '28', 25, 1482388.26, 5077837.18, 617.50);
insert into STATION values (46, '29', 25, 1482392.93, 5077840.26, 618.04);
insert into STATION values (47, '215', 25, 1482395.19, 5077839.27, 618.15);
insert into STATION values (48, '30', 25, 1482397.24, 5077843.85, 618.74);
insert into STATION values (49, '31', 25, 1482406.50, 5077849.62, 618.61);
insert into STATION values (50, '32', 25, 1482409.60, 5077848.21, 618.66);
insert into STATION values (51, '216', 25, 1482411.56, 5077849.27, 618.88);
insert into STATION values (52, '33', 25, 1482410.41, 5077854.59, 618.63);
insert into STATION values (53, '217', 25, 1482412.31, 5077856.17, 619.05);
insert into STATION values (54, '233', 25, 1482416.57, 5077855.45, 619.38);
insert into STATION values (55, '34', 25, 1482418.98, 5077853.06, 619.35);
insert into STATION values (56, '35', 25, 1482432.07, 5077858.16, 619.82);
insert into STATION values (57, '36', 25, 1482439.75, 5077855.94, 620.26);
insert into STATION values (58, '234', 25, 1482443.82, 5077856.65, 620.13);
insert into STATION values (59, '37', 25, 1482441.49, 5077860.72, 620.20);
insert into STATION values (60, '235', 25, 1482433.87, 5077872.50, 619.44);
insert into STATION values (61, '237', 25, 1482442.45, 5077877.99, 619.76);
insert into STATION values (62, '38', 25, 1482447.44, 5077883.66, 619.09);
insert into STATION values (63, '39', 25, 1482451.78, 5077887.42, 619.08);
insert into STATION values (64, '238', 25, 1482454.06, 5077885.43, 619.35);
insert into STATION values (65, '40', 25, 1482458.38, 5077881.21, 619.24);
insert into STATION values (66, '41', 25, 1482467.61, 5077885.24, 620.30);
insert into STATION values (67, '.', 25, 1482471.50, 5077888.60, 620.70);
insert into STATION values (68, '.', 25, 1482470.08, 5077887.38, 620.56);
insert into STATION values (69, '.', 25, 1482469.64, 5077887.00, 620.51);
insert into STATION values (70, '.', 25, 1482471.51, 5077888.60, 620.70);
insert into STATION values (71, '239', 25, 1482471.42, 5077888.61, 620.58);
insert into STATION values (72, '42', 25, 1482471.76, 5077881.80, 620.38);
insert into STATION values (73, '42', 29, 1482471.76, 5077881.80, 620.38);
insert into STATION values (74, '43', 29, 1482489.93, 5077870.53, 621.13);
insert into STATION values (75, '289', 29, 1482494.09, 5077865.88, 620.92);
insert into STATION values (76, '239', 33, 1482471.42, 5077888.61, 620.58);
insert into STATION values (77, '44', 33, 1482472.89, 5077898.10, 620.00);
insert into STATION values (78, '291', 33, 1482477.31, 5077899.58, 620.55);
insert into STATION values (79, '45', 33, 1482473.79, 5077906.77, 618.84);
insert into STATION values (80, '46', 33, 1482468.69, 5077912.90, 619.59);
insert into STATION values (81, '293', 33, 1482468.21, 5077917.27, 619.44);
insert into STATION values (82, '.', 33, 1482453.73, 5077916.18, 618.71);
insert into STATION values (83, '47', 33, 1482454.28, 5077916.06, 618.72);
insert into STATION values (84, '297', 33, 1482449.55, 5077918.28, 619.87);
insert into STATION values (85, '48', 33, 1482451.55, 5077923.18, 619.36);
insert into STATION values (86, '298', 33, 1482448.28, 5077924.79, 619.36);
insert into STATION values (87, '49', 33, 1482445.18, 5077921.18, 618.36);
insert into STATION values (88, '299', 33, 1482434.53, 5077920.69, 618.50);
insert into STATION values (89, '50', 33, 1482431.45, 5077928.10, 617.35);
insert into STATION values (90, '51', 33, 1482418.09, 5077925.67, 617.43);
insert into STATION values (91, '321', 33, 1482412.02, 5077941.81, 617.84);
insert into STATION values (92, '320', 33, 1482402.64, 5077938.85, 616.89);
insert into STATION values (93, '320', 37, 1482402.64, 5077938.85, 616.89);
insert into STATION values (94, '.', 37, 1482405.64, 5077938.50, 617.43);
insert into STATION values (95, '.', 37, 1482405.61, 5077938.73, 617.39);
insert into STATION values (96, '.', 37, 1482405.62, 5077938.96, 617.35);
insert into STATION values (97, '.', 37, 1482405.44, 5077939.17, 617.33);
insert into STATION values (98, '.', 37, 1482405.45, 5077939.37, 617.34);
insert into STATION values (99, '.', 37, 1482405.66, 5077939.64, 617.35);
insert into STATION values (100, '.', 37, 1482405.59, 5077939.87, 617.37);
insert into STATION values (101, '.', 37, 1482405.50, 5077940.11, 617.38);
insert into STATION values (102, '.', 37, 1482405.38, 5077940.26, 617.35);
insert into STATION values (103, '.', 37, 1482405.20, 5077941.35, 617.35);
insert into STATION values (104, '.', 37, 1482405.07, 5077941.53, 617.30);
insert into STATION values (105, '.', 37, 1482404.80, 5077941.74, 617.32);
insert into STATION values (106, '.', 37, 1482405.00, 5077941.57, 617.39);
insert into STATION values (107, '.', 37, 1482404.49, 5077941.79, 617.29);
insert into STATION values (108, '.', 37, 1482404.03, 5077941.82, 617.32);
insert into STATION values (109, '.', 37, 1482403.50, 5077942.00, 617.31);
insert into STATION values (110, '.', 37, 1482403.28, 5077942.04, 617.34);
insert into STATION values (111, '.', 37, 1482403.06, 5077942.13, 617.06);
insert into STATION values (112, '.', 37, 1482401.46, 5077941.78, 617.20);
insert into STATION values (113, '.', 37, 1482400.72, 5077942.76, 616.75);
insert into STATION values (114, '.', 37, 1482400.60, 5077941.76, 617.12);
insert into STATION values (115, '.', 37, 1482400.37, 5077941.19, 617.37);
insert into STATION values (116, '.', 37, 1482400.01, 5077940.38, 617.38);
insert into STATION values (117, '.', 37, 1482399.56, 5077940.53, 617.26);
insert into STATION values (118, '.', 37, 1482399.25, 5077940.94, 617.70);
insert into STATION values (119, '.', 37, 1482400.44, 5077942.66, 616.48);
insert into STATION values (120, '.', 37, 1482400.48, 5077942.59, 616.56);
insert into STATION values (121, '.', 37, 1482400.50, 5077942.06, 616.59);
insert into STATION values (122, '.', 37, 1482400.27, 5077941.83, 616.73);
insert into STATION values (123, '.', 37, 1482399.99, 5077941.57, 616.80);
insert into STATION values (124, '.', 37, 1482399.79, 5077941.42, 616.87);
insert into STATION values (125, '.', 37, 1482399.59, 5077941.29, 616.87);
insert into STATION values (126, '.', 37, 1482399.15, 5077941.08, 617.03);
insert into STATION values (127, '.', 37, 1482398.89, 5077941.00, 616.96);
insert into STATION values (128, '.', 37, 1482400.72, 5077942.53, 616.94);
insert into STATION values (129, '.', 37, 1482400.43, 5077942.33, 617.03);
insert into STATION values (130, '52', 37, 1482403.74, 5077948.23, 616.59);
insert into STATION values (131, '.', 37, 1482404.07, 5077945.13, 616.69);
insert into STATION values (132, '.', 37, 1482403.94, 5077943.24, 616.83);
insert into STATION values (133, '.', 37, 1482403.54, 5077943.08, 616.78);
insert into STATION values (134, '.', 37, 1482403.10, 5077942.66, 616.71);
insert into STATION values (135, '.', 37, 1482401.95, 5077938.66, 616.58);
insert into STATION values (136, '.', 37, 1482401.31, 5077938.34, 616.70);
insert into STATION values (137, '.', 37, 1482400.62, 5077938.27, 616.67);
insert into STATION values (138, '.', 37, 1482399.41, 5077937.08, 616.68);
insert into STATION values (139, '.', 37, 1482399.04, 5077936.59, 616.72);
insert into STATION values (140, '.', 37, 1482398.63, 5077936.87, 616.68);
insert into STATION values (141, '.', 37, 1482401.27, 5077943.49, 616.67);
insert into STATION values (142, '.', 37, 1482400.42, 5077942.18, 616.69);
insert into STATION values (143, '.', 37, 1482400.40, 5077942.67, 616.64);
insert into STATION values (144, '.', 37, 1482400.20, 5077942.87, 616.62);
insert into STATION values (145, '.', 37, 1482399.80, 5077942.96, 616.59);
insert into STATION values (146, '.', 37, 1482399.28, 5077942.69, 616.59);
insert into STATION values (147, '.', 37, 1482399.06, 5077942.75, 616.54);
insert into STATION values (148, '.', 37, 1482398.63, 5077942.77, 616.48);
insert into STATION values (149, '.', 37, 1482396.57, 5077942.83, 616.59);
insert into STATION values (150, '.', 37, 1482396.39, 5077943.51, 616.49);
insert into STATION values (151, '.', 37, 1482396.12, 5077943.80, 616.49);
insert into STATION values (152, '.', 37, 1482396.20, 5077944.39, 616.37);
insert into STATION values (153, '.', 37, 1482395.92, 5077944.66, 616.31);
insert into STATION values (154, '.', 37, 1482396.63, 5077945.22, 616.19);
insert into STATION values (155, '.', 37, 1482398.99, 5077946.40, 616.41);
insert into STATION values (156, '.', 37, 1482399.52, 5077946.95, 616.46);
insert into STATION values (157, '.', 37, 1482399.52, 5077947.54, 616.48);
insert into STATION values (158, '.', 37, 1482399.51, 5077947.92, 616.49);
insert into STATION values (159, '.', 37, 1482399.46, 5077948.14, 616.50);
insert into STATION values (160, '.', 37, 1482399.30, 5077948.41, 616.47);
insert into STATION values (161, '.', 37, 1482399.56, 5077948.67, 616.48);
insert into STATION values (162, '.', 37, 1482399.59, 5077948.81, 616.45);
insert into STATION values (163, '.', 37, 1482399.60, 5077949.08, 616.39);
insert into STATION values (164, '.', 37, 1482400.99, 5077950.21, 616.51);
insert into STATION values (165, '.', 37, 1482401.51, 5077950.58, 616.64);
insert into STATION values (166, '.', 37, 1482401.59, 5077950.84, 616.66);
insert into STATION values (167, '.', 37, 1482401.71, 5077951.15, 616.70);
insert into STATION values (168, '.', 37, 1482403.51, 5077956.94, 616.52);
insert into STATION values (169, '.', 37, 1482404.25, 5077956.78, 616.82);
insert into STATION values (170, '.', 37, 1482405.04, 5077957.30, 616.88);
insert into STATION values (171, '.', 37, 1482405.81, 5077957.14, 616.80);
insert into STATION values (172, '53', 37, 1482398.99, 5077946.34, 616.48);
insert into STATION values (173, '.', 37, 1482403.70, 5077948.25, 616.58);
insert into STATION values (174, '.', 37, 1482403.94, 5077947.80, 616.60);
insert into STATION values (175, '.', 37, 1482404.20, 5077947.44, 616.68);
insert into STATION values (176, '.', 37, 1482403.95, 5077947.62, 616.65);
insert into STATION values (177, '.', 37, 1482404.29, 5077946.91, 616.77);
insert into STATION values (178, '.', 37, 1482404.06, 5077946.08, 616.78);
insert into STATION values (179, '.', 37, 1482404.18, 5077945.89, 616.56);
insert into STATION values (180, '.', 37, 1482404.03, 5077945.63, 616.70);
insert into STATION values (181, '.', 37, 1482403.92, 5077945.15, 616.75);
insert into STATION values (182, '.', 37, 1482404.09, 5077944.67, 616.78);
insert into STATION values (183, '.', 37, 1482404.12, 5077944.43, 616.82);
insert into STATION values (184, '.', 37, 1482404.07, 5077943.92, 616.83);
insert into STATION values (185, '.', 37, 1482403.95, 5077943.63, 616.82);
insert into STATION values (186, '.', 37, 1482403.84, 5077943.38, 616.85);
insert into STATION values (187, '.', 37, 1482403.70, 5077943.17, 616.87);
insert into STATION values (188, '.', 37, 1482403.58, 5077942.95, 616.84);
insert into STATION values (189, '.', 37, 1482403.16, 5077942.58, 616.44);
insert into STATION values (190, '.', 37, 1482403.42, 5077942.55, 616.68);
insert into STATION values (191, '.', 37, 1482403.35, 5077938.82, 616.96);
insert into STATION values (192, '.', 37, 1482403.50, 5077938.95, 617.40);
insert into STATION values (193, '.', 37, 1482402.82, 5077939.01, 617.13);
insert into STATION values (194, '.', 37, 1482402.45, 5077938.89, 617.10);
insert into STATION values (195, '.', 37, 1482401.92, 5077939.34, 616.93);
insert into STATION values (196, '.', 37, 1482401.58, 5077939.44, 616.40);
insert into STATION values (197, '.', 37, 1482401.89, 5077938.67, 616.39);
insert into STATION values (198, '.', 37, 1482400.15, 5077942.90, 616.37);
insert into STATION values (199, '.', 37, 1482399.94, 5077942.94, 616.37);
insert into STATION values (200, '.', 37, 1482399.59, 5077942.95, 616.40);
insert into STATION values (201, '.', 37, 1482399.33, 5077942.78, 616.42);
insert into STATION values (202, '.', 37, 1482399.05, 5077942.74, 616.43);
insert into STATION values (203, '.', 37, 1482398.81, 5077942.76, 616.47);
insert into STATION values (204, '.', 37, 1482398.58, 5077942.78, 616.47);
insert into STATION values (205, '.', 37, 1482397.38, 5077943.03, 616.65);
insert into STATION values (206, '.', 37, 1482396.32, 5077943.05, 616.68);
insert into STATION values (207, '.', 37, 1482396.06, 5077942.96, 616.71);
insert into STATION values (208, '.', 37, 1482395.35, 5077943.47, 616.66);
insert into STATION values (209, '.', 37, 1482395.69, 5077944.47, 616.68);
insert into STATION values (210, '.', 37, 1482395.50, 5077944.74, 616.60);
insert into STATION values (211, '.', 37, 1482394.73, 5077944.95, 616.60);
insert into STATION values (212, '54', 37, 1482396.45, 5077938.51, 616.79);
insert into STATION values (213, '.', 37, 1482392.40, 5077941.89, 617.48);
insert into STATION values (214, '.', 37, 1482392.20, 5077941.70, 617.32);
insert into STATION values (215, '.', 37, 1482392.73, 5077941.90, 617.26);
insert into STATION values (216, '.', 37, 1482393.25, 5077942.35, 617.24);
insert into STATION values (217, '.', 37, 1482393.89, 5077942.14, 617.20);
insert into STATION values (218, '.', 37, 1482394.04, 5077942.76, 617.21);
insert into STATION values (219, '.', 37, 1482394.50, 5077942.87, 617.28);
insert into STATION values (220, '.', 37, 1482394.98, 5077942.83, 617.13);
insert into STATION values (221, '.', 37, 1482395.62, 5077943.03, 617.14);
insert into STATION values (222, '.', 37, 1482396.37, 5077943.20, 617.08);
insert into STATION values (223, '.', 37, 1482396.71, 5077943.11, 616.73);
insert into STATION values (224, '.', 37, 1482398.29, 5077941.82, 616.66);
insert into STATION values (225, '.', 37, 1482398.45, 5077941.65, 616.57);
insert into STATION values (226, '.', 37, 1482398.56, 5077941.39, 616.61);
insert into STATION values (227, '.', 37, 1482398.63, 5077941.16, 616.57);
insert into STATION values (228, '.', 37, 1482398.78, 5077941.00, 616.55);
insert into STATION values (229, '.', 37, 1482398.85, 5077940.92, 616.54);
insert into STATION values (230, '55', 37, 1482398.35, 5077941.85, 616.82);
insert into STATION values (231, '56', 37, 1482410.90, 5077953.67, 616.02);
insert into STATION values (232, '.', 37, 1482400.89, 5077949.88, 616.54);
insert into STATION values (233, '.', 37, 1482401.60, 5077950.45, 616.57);
insert into STATION values (234, '.', 37, 1482401.70, 5077950.82, 616.57);
insert into STATION values (235, '.', 37, 1482401.62, 5077951.27, 616.54);
insert into STATION values (236, '.', 37, 1482401.41, 5077951.77, 616.56);
insert into STATION values (237, '.', 37, 1482401.43, 5077952.10, 616.57);
insert into STATION values (238, '.', 37, 1482401.42, 5077952.47, 616.55);
insert into STATION values (239, '.', 37, 1482401.49, 5077952.88, 616.58);
insert into STATION values (240, '.', 37, 1482401.93, 5077953.45, 616.60);
insert into STATION values (241, '.', 37, 1482401.29, 5077953.85, 616.61);
insert into STATION values (242, '.', 37, 1482401.41, 5077954.10, 616.53);
insert into STATION values (243, '.', 37, 1482401.75, 5077954.50, 616.89);
insert into STATION values (244, '.', 37, 1482401.86, 5077955.09, 617.03);
insert into STATION values (245, '.', 37, 1482402.23, 5077955.62, 617.11);
insert into STATION values (246, '.', 37, 1482403.21, 5077956.01, 617.05);
insert into STATION values (247, '.', 37, 1482403.54, 5077956.38, 617.02);
insert into STATION values (248, '.', 37, 1482404.31, 5077956.62, 616.89);
insert into STATION values (249, '.', 37, 1482404.90, 5077956.75, 616.85);
insert into STATION values (250, '.', 37, 1482405.21, 5077955.00, 617.63);
insert into STATION values (251, '.', 37, 1482400.85, 5077949.73, 616.57);
insert into STATION values (252, '.', 37, 1482404.32, 5077948.47, 616.91);
insert into STATION values (253, '.', 37, 1482405.44, 5077948.41, 616.79);
insert into STATION values (254, '.', 37, 1482406.38, 5077948.14, 616.77);
insert into STATION values (255, '.', 37, 1482406.98, 5077947.83, 616.95);
insert into STATION values (256, '.', 37, 1482406.38, 5077948.20, 616.80);
insert into STATION values (257, '.', 37, 1482406.98, 5077947.81, 616.89);
insert into STATION values (258, '.', 37, 1482407.27, 5077947.43, 616.94);
insert into STATION values (259, '.', 37, 1482408.24, 5077947.94, 616.85);
insert into STATION values (260, '.', 37, 1482408.92, 5077947.71, 616.91);
insert into STATION values (261, '.', 37, 1482408.89, 5077947.26, 616.99);
insert into STATION values (262, '.', 37, 1482409.55, 5077947.65, 616.94);
insert into STATION values (263, '.', 37, 1482409.89, 5077947.69, 616.98);
insert into STATION values (264, '.', 37, 1482410.06, 5077947.58, 617.00);
insert into STATION values (265, '.', 37, 1482410.73, 5077947.33, 617.11);
insert into STATION values (266, '.', 37, 1482411.15, 5077947.17, 617.15);
insert into STATION values (267, '.', 37, 1482401.68, 5077952.60, 616.72);
insert into STATION values (268, '.', 37, 1482402.11, 5077953.41, 616.73);
insert into STATION values (269, '.', 37, 1482402.07, 5077954.07, 616.75);
insert into STATION values (270, '.', 37, 1482401.66, 5077954.72, 617.08);
insert into STATION values (271, '.', 37, 1482401.93, 5077955.03, 616.97);
insert into STATION values (272, '.', 37, 1482402.09, 5077955.51, 616.98);
insert into STATION values (273, '.', 37, 1482402.13, 5077955.86, 616.90);
insert into STATION values (274, '.', 37, 1482403.11, 5077956.08, 616.96);
insert into STATION values (275, '.', 37, 1482403.88, 5077956.41, 616.92);
insert into STATION values (276, '.', 37, 1482404.79, 5077956.46, 616.76);
insert into STATION values (277, '.', 37, 1482404.87, 5077956.69, 616.74);
insert into STATION values (278, '.', 37, 1482404.84, 5077957.11, 616.72);
insert into STATION values (279, '.', 37, 1482405.31, 5077957.20, 616.63);
insert into STATION values (280, '.', 37, 1482405.68, 5077957.65, 616.57);
insert into STATION values (281, '.', 37, 1482405.88, 5077957.85, 616.49);
insert into STATION values (282, '.', 37, 1482406.17, 5077958.01, 616.41);
insert into STATION values (283, '.', 37, 1482406.55, 5077958.19, 616.36);
insert into STATION values (284, '.', 37, 1482406.47, 5077958.77, 616.34);
insert into STATION values (285, '.', 37, 1482406.31, 5077959.55, 616.37);
insert into STATION values (286, '.', 37, 1482406.57, 5077959.72, 616.41);
insert into STATION values (287, '.', 37, 1482406.08, 5077962.10, 616.61);
insert into STATION values (288, '.', 37, 1482406.64, 5077962.06, 616.59);
insert into STATION values (289, '.', 37, 1482407.08, 5077962.13, 616.64);
insert into STATION values (290, '.', 37, 1482406.46, 5077963.80, 616.19);
insert into STATION values (291, '.', 37, 1482409.14, 5077962.05, 616.08);
insert into STATION values (292, '.', 37, 1482409.81, 5077960.20, 616.13);
insert into STATION values (293, '.', 37, 1482410.25, 5077959.88, 616.16);
insert into STATION values (294, '.', 37, 1482410.74, 5077959.97, 616.19);
insert into STATION values (295, '.', 37, 1482411.13, 5077960.17, 616.14);
insert into STATION values (296, '.', 37, 1482411.67, 5077960.26, 616.18);
insert into STATION values (297, '.', 37, 1482412.22, 5077960.38, 616.22);
insert into STATION values (298, '.', 37, 1482412.68, 5077960.33, 616.21);
insert into STATION values (299, '.', 37, 1482413.46, 5077960.37, 616.21);
insert into STATION values (300, '.', 37, 1482413.90, 5077960.41, 616.31);
insert into STATION values (301, '.', 37, 1482414.69, 5077961.00, 616.36);
insert into STATION values (302, '.', 37, 1482415.63, 5077960.81, 616.21);
insert into STATION values (303, '.', 37, 1482416.28, 5077960.75, 616.33);
insert into STATION values (304, '.', 37, 1482417.05, 5077960.81, 616.43);
insert into STATION values (305, '.', 37, 1482417.55, 5077960.70, 616.20);
insert into STATION values (306, '58', 37, 1482412.98, 5077960.26, 616.06);
insert into STATION values (307, '.', 37, 1482420.66, 5077958.39, 616.29);
insert into STATION values (308, '.', 37, 1482419.28, 5077958.25, 616.21);
insert into STATION values (309, '.', 37, 1482418.06, 5077958.37, 616.14);
insert into STATION values (310, '.', 37, 1482417.82, 5077958.33, 616.14);
insert into STATION values (311, '.', 37, 1482417.00, 5077958.19, 616.08);
insert into STATION values (312, '.', 37, 1482416.42, 5077957.85, 616.03);
insert into STATION values (313, '.', 37, 1482415.79, 5077957.78, 616.02);
insert into STATION values (314, '.', 37, 1482415.45, 5077957.48, 616.00);
insert into STATION values (315, '.', 37, 1482415.14, 5077957.30, 615.97);
insert into STATION values (316, '.', 37, 1482414.84, 5077957.11, 616.05);
insert into STATION values (317, '.', 37, 1482413.14, 5077959.91, 616.11);
insert into STATION values (318, '.', 37, 1482414.09, 5077956.91, 616.42);
insert into STATION values (319, '.', 37, 1482413.58, 5077956.60, 616.42);
insert into STATION values (320, '.', 37, 1482413.14, 5077955.88, 616.48);
insert into STATION values (321, '.', 37, 1482412.69, 5077955.37, 616.55);
insert into STATION values (322, '.', 37, 1482412.08, 5077954.62, 616.62);
insert into STATION values (323, '.', 37, 1482411.44, 5077954.21, 616.59);
insert into STATION values (324, '.', 37, 1482410.92, 5077953.93, 616.61);
insert into STATION values (325, '.', 37, 1482405.18, 5077954.93, 616.16);
insert into STATION values (326, '.', 37, 1482405.30, 5077955.65, 616.18);
insert into STATION values (327, '.', 37, 1482405.22, 5077956.50, 616.27);
insert into STATION values (328, '.', 37, 1482404.98, 5077956.92, 616.28);
insert into STATION values (329, '.', 37, 1482405.64, 5077957.99, 616.22);
insert into STATION values (330, '.', 37, 1482406.25, 5077958.86, 616.26);
insert into STATION values (331, '60', 37, 1482419.92, 5077958.92, 616.27);
insert into STATION values (332, '.', 37, 1482423.52, 5077958.07, 616.10);
insert into STATION values (333, '.', 37, 1482423.28, 5077958.37, 616.12);
insert into STATION values (334, '.', 37, 1482422.35, 5077958.95, 616.20);
insert into STATION values (335, '.', 37, 1482422.42, 5077959.48, 616.14);
insert into STATION values (336, '.', 37, 1482422.36, 5077960.01, 616.17);
insert into STATION values (337, '.', 37, 1482422.33, 5077960.10, 616.16);
insert into STATION values (338, '.', 37, 1482421.84, 5077961.09, 616.01);
insert into STATION values (339, '.', 37, 1482421.42, 5077961.37, 615.95);
insert into STATION values (340, '.', 37, 1482421.35, 5077962.24, 616.06);
insert into STATION values (341, '.', 37, 1482420.22, 5077962.57, 616.59);
insert into STATION values (342, '.', 37, 1482419.12, 5077962.39, 616.87);
insert into STATION values (343, '.', 37, 1482418.72, 5077962.19, 616.88);
insert into STATION values (344, '.', 37, 1482418.71, 5077962.13, 616.75);
insert into STATION values (345, '.', 37, 1482418.84, 5077962.14, 616.90);
insert into STATION values (346, '.', 37, 1482418.40, 5077961.97, 616.93);
insert into STATION values (347, '.', 37, 1482417.52, 5077961.76, 616.80);
insert into STATION values (348, '61', 37, 1482423.37, 5077958.52, 615.40);
insert into STATION values (349, '.', 37, 1482426.65, 5077954.68, 615.96);
insert into STATION values (350, '.', 37, 1482426.69, 5077953.84, 616.32);
insert into STATION values (351, '.', 37, 1482426.54, 5077954.02, 616.23);
insert into STATION values (352, '.', 37, 1482424.49, 5077956.49, 615.67);
insert into STATION values (353, '.', 37, 1482424.20, 5077956.54, 615.63);
insert into STATION values (354, '.', 37, 1482423.90, 5077956.47, 615.65);
insert into STATION values (355, '.', 37, 1482423.78, 5077956.38, 615.72);
insert into STATION values (356, '.', 37, 1482423.58, 5077955.99, 615.84);
insert into STATION values (357, '.', 37, 1482422.83, 5077955.68, 615.45);
insert into STATION values (358, '.', 37, 1482423.10, 5077952.40, 616.36);
insert into STATION values (359, '.', 37, 1482422.50, 5077952.93, 616.13);
insert into STATION values (360, '.', 37, 1482421.84, 5077953.40, 616.16);
insert into STATION values (361, '.', 37, 1482420.81, 5077952.47, 616.36);
insert into STATION values (362, '.', 37, 1482419.64, 5077951.51, 616.51);
insert into STATION values (363, '.', 37, 1482419.09, 5077951.51, 616.46);
insert into STATION values (364, '.', 37, 1482420.52, 5077952.41, 616.48);
insert into STATION values (365, '.', 37, 1482419.79, 5077951.73, 616.71);
insert into STATION values (366, '.', 37, 1482418.61, 5077951.17, 616.41);
insert into STATION values (367, '.', 37, 1482417.85, 5077950.97, 616.40);
insert into STATION values (368, '.', 37, 1482417.20, 5077950.92, 616.44);
insert into STATION values (369, '.', 37, 1482423.26, 5077958.41, 615.42);
insert into STATION values (370, '.', 37, 1482420.17, 5077955.71, 615.92);
insert into STATION values (371, '.', 37, 1482420.15, 5077955.98, 615.93);
insert into STATION values (372, '.', 37, 1482419.69, 5077956.51, 615.92);
insert into STATION values (373, '.', 37, 1482420.35, 5077957.37, 615.66);
insert into STATION values (374, '.', 37, 1482420.28, 5077957.52, 615.59);
insert into STATION values (375, '.', 37, 1482419.09, 5077957.56, 615.37);
insert into STATION values (376, '.', 37, 1482418.71, 5077958.04, 615.68);
insert into STATION values (377, '62', 37, 1482417.80, 5077951.13, 616.14);
insert into STATION values (378, '.', 37, 1482412.87, 5077951.85, 615.97);
insert into STATION values (379, '.', 37, 1482413.65, 5077952.07, 616.03);
insert into STATION values (380, '.', 37, 1482414.66, 5077952.59, 616.03);
insert into STATION values (381, '.', 37, 1482415.04, 5077952.86, 616.05);
insert into STATION values (382, '.', 37, 1482415.51, 5077953.09, 616.04);
insert into STATION values (383, '.', 37, 1482415.75, 5077953.52, 616.12);
insert into STATION values (384, '.', 37, 1482416.31, 5077953.77, 616.21);
insert into STATION values (385, '.', 37, 1482416.64, 5077953.84, 616.26);
insert into STATION values (386, '.', 37, 1482417.09, 5077954.13, 616.28);
insert into STATION values (387, '.', 37, 1482417.24, 5077954.16, 616.29);
insert into STATION values (388, '.', 37, 1482418.00, 5077954.34, 616.29);
insert into STATION values (389, '.', 37, 1482417.84, 5077954.33, 616.39);
insert into STATION values (390, '.', 37, 1482418.02, 5077954.35, 616.40);
insert into STATION values (391, '.', 37, 1482418.28, 5077954.71, 616.47);
insert into STATION values (392, '.', 37, 1482418.62, 5077954.88, 616.54);
insert into STATION values (393, '.', 37, 1482418.90, 5077955.26, 616.61);
insert into STATION values (394, '.', 37, 1482419.26, 5077955.76, 616.74);
insert into STATION values (395, '.', 37, 1482419.51, 5077955.86, 616.81);
insert into STATION values (396, '.', 37, 1482423.08, 5077956.27, 615.66);
insert into STATION values (397, '.', 37, 1482449.18, 5077979.88, 613.39);
insert into STATION values (398, '.', 37, 1482423.61, 5077956.00, 615.64);
insert into STATION values (399, '63', 37, 1482412.81, 5077951.75, 615.95);
insert into STATION values (400, '.', 37, 1482421.60, 5077953.76, 616.11);
insert into STATION values (401, '.', 37, 1482420.69, 5077953.10, 616.11);
insert into STATION values (402, '.', 37, 1482420.09, 5077952.26, 616.26);
insert into STATION values (403, '.', 37, 1482419.58, 5077951.96, 616.27);
insert into STATION values (404, '.', 37, 1482418.13, 5077951.58, 616.16);
insert into STATION values (405, '.', 37, 1482417.52, 5077951.10, 616.15);
insert into STATION values (406, '.', 37, 1482417.48, 5077950.90, 616.17);
insert into STATION values (407, '.', 37, 1482417.35, 5077950.62, 616.19);
insert into STATION values (408, '.', 37, 1482417.24, 5077950.11, 616.21);
insert into STATION values (409, '.', 37, 1482416.43, 5077950.09, 616.29);
insert into STATION values (410, '.', 37, 1482416.27, 5077949.87, 616.30);
insert into STATION values (411, '.', 37, 1482415.73, 5077949.60, 616.29);
insert into STATION values (412, '.', 37, 1482415.01, 5077949.66, 616.31);
insert into STATION values (413, '.', 37, 1482414.98, 5077949.28, 616.35);
insert into STATION values (414, '.', 37, 1482414.83, 5077948.96, 616.45);
insert into STATION values (415, '.', 37, 1482414.52, 5077948.83, 616.45);
insert into STATION values (416, '.', 37, 1482414.21, 5077948.73, 616.42);
insert into STATION values (417, '.', 37, 1482413.90, 5077948.60, 616.36);
insert into STATION values (418, '.', 37, 1482413.31, 5077948.32, 616.29);
insert into STATION values (419, '.', 37, 1482412.63, 5077948.91, 616.18);
insert into STATION values (420, '.', 37, 1482412.19, 5077948.45, 616.22);
insert into STATION values (421, '.', 37, 1482411.60, 5077948.19, 616.23);
insert into STATION values (422, '.', 37, 1482410.59, 5077947.58, 616.45);
insert into STATION values (423, '.', 37, 1482410.45, 5077948.56, 616.29);
insert into STATION values (424, '.', 37, 1482409.67, 5077948.50, 616.33);
insert into STATION values (425, '.', 37, 1482409.09, 5077948.59, 616.36);
insert into STATION values (426, '.', 37, 1482408.25, 5077948.67, 616.11);
insert into STATION values (427, '.', 37, 1482406.60, 5077948.60, 616.22);
insert into STATION values (428, '.', 37, 1482404.87, 5077948.45, 616.21);
insert into STATION values (429, '64', 37, 1482404.70, 5077948.11, 615.78);
insert into STATION values (430, '.', 37, 1482413.41, 5077955.46, 615.94);
insert into STATION values (431, '.', 37, 1482414.22, 5077955.90, 616.00);
insert into STATION values (432, '.', 37, 1482411.56, 5077953.32, 615.92);
insert into STATION values (433, '.', 37, 1482411.33, 5077953.44, 615.93);
insert into STATION values (434, '.', 37, 1482413.50, 5077955.65, 615.87);
insert into STATION values (435, '.', 37, 1482413.33, 5077955.32, 615.86);
insert into STATION values (436, '.', 37, 1482411.63, 5077953.29, 615.87);
insert into STATION values (437, '.', 37, 1482411.93, 5077952.69, 615.87);
insert into STATION values (438, '.', 37, 1482412.09, 5077952.24, 615.89);
insert into STATION values (439, '.', 37, 1482412.24, 5077951.92, 615.96);
insert into STATION values (440, '.', 37, 1482412.58, 5077951.73, 616.09);
insert into STATION values (441, '.', 37, 1482413.92, 5077956.20, 615.89);
insert into STATION values (442, '65', 37, 1482426.72, 5077958.35, 615.94);
insert into STATION values (443, '.', 37, 1482423.41, 5077956.22, 615.65);
insert into STATION values (444, '.', 37, 1482423.85, 5077956.32, 615.69);
insert into STATION values (445, '.', 37, 1482424.43, 5077956.47, 615.73);
insert into STATION values (446, '.', 37, 1482424.58, 5077956.35, 615.76);
insert into STATION values (447, '.', 37, 1482424.30, 5077955.94, 615.71);
insert into STATION values (448, '.', 37, 1482421.76, 5077953.48, 615.83);
insert into STATION values (449, '.', 37, 1482421.92, 5077953.33, 615.83);
insert into STATION values (450, '.', 37, 1482422.13, 5077953.24, 615.94);
insert into STATION values (451, '.', 37, 1482421.87, 5077952.63, 615.97);
insert into STATION values (452, '.', 37, 1482422.85, 5077953.07, 615.94);
insert into STATION values (453, '.', 37, 1482422.94, 5077952.88, 616.05);
insert into STATION values (454, '.', 37, 1482423.30, 5077953.03, 616.06);
insert into STATION values (455, '.', 37, 1482423.34, 5077952.72, 616.15);
insert into STATION values (456, '.', 37, 1482423.53, 5077952.50, 616.28);
insert into STATION values (457, '.', 37, 1482423.87, 5077952.59, 616.28);
insert into STATION values (458, '.', 37, 1482424.17, 5077952.73, 616.32);
insert into STATION values (459, '.', 37, 1482425.17, 5077954.19, 616.33);
insert into STATION values (460, '.', 37, 1482425.49, 5077954.40, 616.37);
insert into STATION values (461, '.', 37, 1482425.65, 5077953.99, 616.47);
insert into STATION values (462, '.', 37, 1482426.05, 5077953.81, 616.46);
insert into STATION values (463, '.', 37, 1482426.36, 5077953.60, 616.55);
insert into STATION values (464, '.', 37, 1482427.27, 5077953.53, 616.70);
insert into STATION values (465, '.', 37, 1482427.57, 5077954.25, 616.59);
insert into STATION values (466, '.', 37, 1482428.04, 5077954.43, 616.82);
insert into STATION values (467, '.', 37, 1482428.53, 5077955.07, 616.77);
insert into STATION values (468, '.', 37, 1482428.69, 5077955.50, 616.79);
insert into STATION values (469, '.', 37, 1482428.91, 5077956.09, 616.76);
insert into STATION values (470, '.', 37, 1482429.00, 5077956.76, 616.78);
insert into STATION values (471, '.', 37, 1482429.27, 5077956.54, 616.79);
insert into STATION values (472, '66', 37, 1482425.10, 5077954.30, 615.47);
insert into STATION values (473, '.', 37, 1482422.51, 5077952.30, 616.95);
insert into STATION values (474, '.', 37, 1482422.51, 5077952.70, 616.67);
insert into STATION values (475, '.', 37, 1482422.51, 5077953.28, 616.36);
insert into STATION values (476, '.', 37, 1482422.07, 5077953.55, 616.17);
insert into STATION values (477, '.', 37, 1482421.92, 5077953.63, 616.08);
insert into STATION values (478, '.', 37, 1482423.59, 5077955.82, 615.63);
insert into STATION values (479, '.', 37, 1482423.84, 5077955.76, 615.62);
insert into STATION values (480, '.', 37, 1482424.08, 5077955.71, 615.66);
insert into STATION values (481, '.', 37, 1482424.29, 5077955.80, 615.74);
insert into STATION values (482, '.', 37, 1482424.43, 5077955.92, 615.77);
insert into STATION values (483, '.', 37, 1482424.62, 5077956.19, 615.81);
insert into STATION values (484, '.', 37, 1482424.94, 5077957.28, 616.07);
insert into STATION values (485, '.', 37, 1482425.50, 5077958.01, 616.04);
insert into STATION values (486, '.', 37, 1482426.20, 5077958.40, 616.04);
insert into STATION values (487, '.', 37, 1482426.54, 5077958.41, 615.97);
insert into STATION values (488, '.', 37, 1482427.02, 5077958.45, 615.89);
insert into STATION values (489, '.', 37, 1482430.40, 5077961.76, 616.27);
insert into STATION values (490, '.', 37, 1482429.86, 5077960.41, 616.21);
insert into STATION values (491, '.', 37, 1482429.87, 5077960.09, 616.26);
insert into STATION values (492, '.', 37, 1482429.74, 5077959.24, 616.25);
insert into STATION values (493, '.', 37, 1482429.30, 5077958.40, 616.19);
insert into STATION values (494, '.', 37, 1482428.48, 5077957.17, 616.11);
insert into STATION values (495, '67', 37, 1482430.22, 5077961.93, 616.39);
insert into STATION values (496, '.', 37, 1482433.53, 5077965.76, 616.78);
insert into STATION values (497, '.', 37, 1482432.66, 5077965.43, 616.71);
insert into STATION values (498, '.', 37, 1482431.45, 5077964.82, 616.68);
insert into STATION values (499, '.', 37, 1482430.80, 5077964.92, 616.66);
insert into STATION values (500, '.', 37, 1482430.18, 5077965.20, 616.71);
insert into STATION values (501, '.', 37, 1482430.33, 5077964.90, 616.72);
insert into STATION values (502, '.', 37, 1482429.96, 5077965.40, 616.78);
insert into STATION values (503, '.', 37, 1482429.39, 5077966.15, 616.82);
insert into STATION values (504, '.', 37, 1482428.94, 5077966.60, 616.79);
insert into STATION values (505, '.', 37, 1482428.38, 5077967.21, 616.58);
insert into STATION values (506, '.', 37, 1482428.08, 5077967.34, 616.55);
insert into STATION values (507, '.', 37, 1482423.55, 5077968.81, 616.25);
insert into STATION values (508, '.', 37, 1482424.46, 5077967.21, 616.20);
insert into STATION values (509, '.', 37, 1482425.54, 5077965.35, 616.19);
insert into STATION values (510, '.', 37, 1482425.47, 5077964.68, 616.21);
insert into STATION values (511, '.', 37, 1482426.05, 5077963.76, 616.32);
insert into STATION values (512, '.', 37, 1482426.20, 5077962.89, 616.47);
insert into STATION values (513, '.', 37, 1482426.12, 5077962.41, 616.50);
insert into STATION values (514, '.', 37, 1482425.74, 5077961.75, 616.50);
insert into STATION values (515, '.', 37, 1482427.39, 5077958.37, 617.02);
insert into STATION values (516, '.', 37, 1482427.46, 5077958.99, 616.95);
insert into STATION values (517, '.', 37, 1482427.43, 5077959.59, 616.96);
insert into STATION values (518, '.', 37, 1482427.28, 5077960.03, 616.99);
insert into STATION values (519, '.', 37, 1482426.83, 5077960.19, 617.06);
insert into STATION values (520, '.', 37, 1482427.17, 5077960.68, 616.93);
insert into STATION values (521, '.', 37, 1482426.98, 5077960.99, 616.81);
insert into STATION values (522, '.', 37, 1482426.84, 5077961.20, 616.81);
insert into STATION values (523, '.', 37, 1482426.77, 5077961.47, 616.80);
insert into STATION values (524, '.', 37, 1482426.50, 5077961.78, 616.78);
insert into STATION values (525, '.', 37, 1482426.15, 5077962.15, 616.77);
insert into STATION values (526, '.', 37, 1482426.46, 5077962.48, 616.73);
insert into STATION values (527, '352', 37, 1482430.37, 5077964.82, 616.61);
insert into STATION values (528, '68', 37, 1482425.08, 5077967.02, 615.81);
insert into STATION values (529, '.', 37, 1482429.05, 5077957.04, 616.79);
insert into STATION values (530, '.', 37, 1482429.57, 5077958.43, 616.71);
insert into STATION values (531, '.', 37, 1482430.35, 5077960.16, 616.79);
insert into STATION values (532, '.', 37, 1482431.31, 5077961.38, 616.85);
insert into STATION values (533, '.', 37, 1482432.41, 5077962.12, 616.87);
insert into STATION values (534, '.', 37, 1482434.44, 5077962.56, 617.12);
insert into STATION values (535, '.', 37, 1482430.31, 5077964.96, 616.48);
insert into STATION values (536, '.', 37, 1482429.87, 5077965.20, 616.59);
insert into STATION values (537, '.', 37, 1482429.54, 5077966.03, 616.74);
insert into STATION values (538, '.', 37, 1482429.19, 5077966.42, 616.77);
insert into STATION values (539, '.', 37, 1482428.76, 5077966.75, 616.73);
insert into STATION values (540, '.', 37, 1482428.50, 5077966.99, 616.72);
insert into STATION values (541, '.', 37, 1482427.90, 5077967.30, 616.68);
insert into STATION values (542, '.', 37, 1482428.00, 5077967.71, 616.53);
insert into STATION values (543, '.', 37, 1482428.22, 5077968.12, 616.55);
insert into STATION values (544, '.', 37, 1482429.27, 5077969.07, 616.48);
insert into STATION values (545, '.', 37, 1482430.40, 5077969.65, 616.25);
insert into STATION values (546, '.', 37, 1482430.27, 5077969.86, 616.44);
insert into STATION values (547, '.', 37, 1482430.18, 5077970.23, 616.38);
insert into STATION values (548, '.', 37, 1482430.21, 5077970.51, 616.39);
insert into STATION values (549, '.', 37, 1482430.31, 5077970.94, 616.40);
insert into STATION values (550, '.', 37, 1482430.94, 5077971.89, 616.45);
insert into STATION values (551, '.', 37, 1482430.61, 5077972.19, 616.40);
insert into STATION values (552, '.', 37, 1482425.16, 5077967.11, 615.82);
insert into STATION values (553, '.', 37, 1482430.09, 5077973.10, 616.48);
insert into STATION values (554, '.', 37, 1482429.79, 5077973.13, 616.56);
insert into STATION values (555, '.', 37, 1482429.52, 5077973.58, 616.64);
insert into STATION values (556, '.', 37, 1482425.24, 5077967.29, 615.83);
insert into STATION values (557, '.', 37, 1482425.23, 5077967.29, 615.84);
insert into STATION values (558, '.', 37, 1482425.26, 5077967.31, 615.84);
insert into STATION values (559, '.', 37, 1482425.26, 5077967.31, 615.84);
insert into STATION values (560, '.', 37, 1482429.38, 5077974.24, 616.79);
insert into STATION values (561, '.', 37, 1482425.23, 5077967.30, 615.85);
insert into STATION values (562, '.', 37, 1482429.10, 5077974.25, 616.88);
insert into STATION values (563, '.', 37, 1482428.44, 5077974.22, 616.85);
insert into STATION values (564, '.', 37, 1482427.76, 5077973.63, 616.67);
insert into STATION values (565, '.', 37, 1482427.12, 5077973.60, 616.54);
insert into STATION values (566, '.', 37, 1482426.31, 5077972.87, 616.48);
insert into STATION values (567, '.', 37, 1482425.72, 5077972.40, 616.40);
insert into STATION values (568, '.', 37, 1482426.50, 5077972.72, 616.77);
insert into STATION values (569, '.', 37, 1482425.79, 5077972.36, 616.77);
insert into STATION values (570, '.', 37, 1482425.34, 5077972.47, 616.81);
insert into STATION values (571, '.', 37, 1482424.96, 5077972.64, 616.35);
insert into STATION values (572, '.', 37, 1482424.75, 5077973.94, 616.29);
insert into STATION values (573, '69', 37, 1482428.80, 5077966.88, 616.19);
insert into STATION values (574, '.', 37, 1482427.13, 5077958.68, 616.23);
insert into STATION values (575, '.', 37, 1482426.79, 5077959.75, 616.15);
insert into STATION values (576, '.', 37, 1482427.16, 5077958.60, 616.33);
insert into STATION values (577, '.', 37, 1482426.99, 5077960.59, 616.38);
insert into STATION values (578, '.', 37, 1482426.59, 5077961.09, 616.34);
insert into STATION values (579, '.', 37, 1482426.16, 5077961.25, 616.38);
insert into STATION values (580, '.', 37, 1482425.74, 5077962.10, 616.47);
insert into STATION values (581, '.', 37, 1482425.85, 5077963.05, 616.54);
insert into STATION values (582, '.', 37, 1482425.30, 5077963.38, 616.63);
insert into STATION values (583, '.', 37, 1482425.00, 5077963.68, 616.50);
insert into STATION values (584, '.', 37, 1482424.27, 5077963.96, 616.53);
insert into STATION values (585, '.', 37, 1482423.70, 5077963.96, 616.67);
insert into STATION values (586, '.', 37, 1482423.88, 5077964.53, 616.66);
insert into STATION values (587, '.', 37, 1482424.04, 5077965.20, 616.68);
insert into STATION values (588, '.', 37, 1482423.55, 5077965.65, 616.66);
insert into STATION values (589, '.', 37, 1482423.24, 5077966.19, 616.65);
insert into STATION values (590, '.', 37, 1482423.25, 5077966.74, 616.61);
insert into STATION values (591, '.', 37, 1482423.40, 5077967.30, 616.61);
insert into STATION values (592, '.', 37, 1482422.94, 5077967.82, 616.67);
insert into STATION values (593, '.', 37, 1482423.09, 5077968.30, 616.62);
insert into STATION values (594, '.', 37, 1482422.63, 5077968.86, 616.65);
insert into STATION values (595, '.', 37, 1482422.77, 5077969.57, 616.64);
insert into STATION values (596, '.', 37, 1482422.75, 5077970.26, 616.65);
insert into STATION values (597, '.', 37, 1482422.13, 5077970.90, 616.68);
insert into STATION values (598, '.', 37, 1482422.73, 5077970.40, 616.57);
insert into STATION values (599, '.', 37, 1482422.77, 5077970.96, 616.44);
insert into STATION values (600, '.', 37, 1482423.15, 5077971.12, 616.42);
insert into STATION values (601, '.', 37, 1482423.53, 5077971.61, 616.30);
insert into STATION values (602, '.', 37, 1482423.62, 5077972.17, 616.08);
insert into STATION values (603, '.', 37, 1482423.85, 5077972.36, 615.88);
insert into STATION values (604, '.', 37, 1482425.09, 5077973.15, 615.96);
insert into STATION values (605, '.', 37, 1482428.42, 5077967.59, 616.16);
insert into STATION values (606, '70', 37, 1482427.48, 5077971.17, 616.04);
insert into STATION values (607, '.', 37, 1482430.73, 5077972.11, 616.09);
insert into STATION values (608, '.', 37, 1482430.52, 5077971.97, 616.52);
insert into STATION values (609, '.', 37, 1482430.33, 5077971.82, 617.08);
insert into STATION values (610, '.', 37, 1482429.64, 5077971.55, 617.45);
insert into STATION values (611, '.', 37, 1482428.60, 5077971.05, 617.66);
insert into STATION values (612, '.', 37, 1482427.96, 5077970.67, 617.55);
insert into STATION values (613, '.', 37, 1482427.56, 5077970.38, 617.60);
insert into STATION values (614, '.', 37, 1482426.94, 5077970.19, 617.41);
insert into STATION values (615, '.', 37, 1482426.27, 5077969.91, 617.53);
insert into STATION values (616, '.', 37, 1482425.74, 5077969.52, 617.70);
insert into STATION values (617, '.', 37, 1482425.22, 5077969.11, 617.66);
insert into STATION values (618, '.', 37, 1482424.81, 5077969.00, 617.52);
insert into STATION values (619, '.', 37, 1482424.39, 5077968.60, 617.45);
insert into STATION values (620, '.', 37, 1482423.96, 5077968.27, 617.32);
insert into STATION values (621, '.', 37, 1482423.18, 5077967.63, 617.06);
insert into STATION values (622, '.', 37, 1482423.66, 5077968.05, 616.52);
insert into STATION values (623, '.', 37, 1482424.07, 5077968.42, 616.03);
insert into STATION values (624, '.', 37, 1482424.50, 5077968.75, 615.91);
insert into STATION values (625, '352', 41, 1482430.37, 5077964.82, 616.61);
insert into STATION values (626, '.', 41, 1482435.49, 5077962.73, 617.47);
insert into STATION values (627, '.', 41, 1482434.65, 5077962.01, 617.16);
insert into STATION values (628, '.', 41, 1482433.59, 5077962.13, 617.17);
insert into STATION values (629, '.', 41, 1482432.98, 5077961.91, 617.18);
insert into STATION values (630, '.', 41, 1482432.67, 5077961.54, 617.35);
insert into STATION values (631, '.', 41, 1482431.96, 5077961.61, 617.15);
insert into STATION values (632, '.', 41, 1482431.20, 5077961.15, 616.90);
insert into STATION values (633, '.', 41, 1482430.61, 5077959.51, 616.83);
insert into STATION values (634, '.', 41, 1482429.97, 5077958.88, 616.71);
insert into STATION values (635, '71', 41, 1482434.05, 5077964.35, 616.47);
insert into STATION values (636, '.', 41, 1482431.21, 5077964.33, 617.26);
insert into STATION values (637, '.', 41, 1482431.29, 5077964.57, 617.21);
insert into STATION values (638, '.', 41, 1482431.56, 5077964.87, 617.17);
insert into STATION values (639, '.', 41, 1482431.89, 5077965.10, 617.11);
insert into STATION values (640, '.', 41, 1482432.18, 5077965.28, 617.06);
insert into STATION values (641, '.', 41, 1482432.34, 5077965.34, 617.00);
insert into STATION values (642, '.', 41, 1482432.65, 5077965.47, 616.96);
insert into STATION values (643, '.', 41, 1482432.95, 5077965.55, 616.92);
insert into STATION values (644, '.', 41, 1482433.19, 5077965.66, 616.88);
insert into STATION values (645, '.', 41, 1482433.41, 5077965.71, 616.85);
insert into STATION values (646, '.', 41, 1482433.71, 5077965.76, 616.82);
insert into STATION values (647, '.', 41, 1482433.92, 5077965.84, 616.80);
insert into STATION values (648, '.', 41, 1482434.14, 5077966.13, 616.78);
insert into STATION values (649, '.', 41, 1482434.42, 5077966.47, 616.66);
insert into STATION values (650, '.', 41, 1482434.51, 5077967.07, 616.55);
insert into STATION values (651, '.', 41, 1482434.84, 5077967.83, 616.45);
insert into STATION values (652, '.', 41, 1482435.05, 5077968.06, 616.46);
insert into STATION values (653, '.', 41, 1482435.26, 5077968.07, 616.51);
insert into STATION values (654, '.', 41, 1482435.61, 5077968.18, 616.54);
insert into STATION values (655, '.', 41, 1482435.69, 5077968.17, 616.61);
insert into STATION values (656, '72', 41, 1482435.83, 5077968.27, 616.56);
insert into STATION values (657, '.', 41, 1482431.70, 5077961.62, 617.22);
insert into STATION values (658, '.', 41, 1482432.22, 5077961.54, 617.26);
insert into STATION values (659, '.', 41, 1482433.18, 5077962.00, 617.21);
insert into STATION values (660, '.', 41, 1482434.07, 5077961.91, 617.43);
insert into STATION values (661, '.', 41, 1482435.35, 5077963.40, 617.35);
insert into STATION values (662, '.', 41, 1482436.19, 5077963.32, 617.70);
insert into STATION values (663, '.', 41, 1482436.61, 5077963.41, 617.77);
insert into STATION values (664, '.', 41, 1482437.01, 5077963.73, 617.69);
insert into STATION values (665, '.', 41, 1482437.18, 5077964.31, 617.47);
insert into STATION values (666, '.', 41, 1482437.42, 5077964.68, 617.21);
insert into STATION values (667, '.', 41, 1482437.66, 5077965.13, 617.10);
insert into STATION values (668, '.', 41, 1482438.38, 5077964.98, 617.17);
insert into STATION values (669, '.', 41, 1482439.00, 5077965.69, 617.05);
insert into STATION values (670, '.', 41, 1482439.09, 5077966.50, 617.09);
insert into STATION values (671, '.', 41, 1482439.15, 5077966.81, 617.17);
insert into STATION values (672, '.', 41, 1482439.40, 5077967.05, 617.27);
insert into STATION values (673, '.', 41, 1482440.56, 5077967.18, 617.49);
insert into STATION values (674, '.', 41, 1482440.44, 5077967.63, 617.42);
insert into STATION values (675, '.', 41, 1482440.14, 5077968.34, 617.32);
insert into STATION values (676, '.', 41, 1482440.35, 5077969.01, 617.29);
insert into STATION values (677, '.', 41, 1482440.28, 5077969.31, 617.19);
insert into STATION values (678, '.', 41, 1482440.10, 5077969.53, 616.98);
insert into STATION values (679, '.', 41, 1482439.88, 5077969.48, 616.95);
insert into STATION values (680, '.', 41, 1482439.66, 5077969.49, 616.93);
insert into STATION values (681, '.', 41, 1482439.67, 5077969.60, 616.94);
insert into STATION values (682, '.', 41, 1482439.73, 5077969.67, 616.95);
insert into STATION values (683, '.', 41, 1482439.97, 5077969.84, 616.99);
insert into STATION values (684, '73', 41, 1482440.62, 5077969.67, 617.45);
insert into STATION values (685, '.', 41, 1482434.31, 5077966.11, 616.61);
insert into STATION values (686, '.', 41, 1482434.32, 5077966.30, 616.55);
insert into STATION values (687, '.', 41, 1482434.25, 5077966.54, 616.49);
insert into STATION values (688, '.', 41, 1482434.21, 5077966.76, 616.46);
insert into STATION values (689, '.', 41, 1482434.10, 5077967.00, 616.40);
insert into STATION values (690, '.', 41, 1482434.06, 5077967.18, 616.39);
insert into STATION values (691, '.', 41, 1482435.61, 5077967.92, 616.68);
insert into STATION values (692, '.', 41, 1482435.92, 5077968.18, 616.69);
insert into STATION values (693, '.', 41, 1482436.13, 5077968.48, 616.73);
insert into STATION values (694, '.', 41, 1482436.23, 5077968.74, 616.75);
insert into STATION values (695, '.', 41, 1482436.08, 5077969.09, 616.77);
insert into STATION values (696, '.', 41, 1482435.06, 5077969.22, 616.80);
insert into STATION values (697, '.', 41, 1482434.99, 5077969.69, 616.92);
insert into STATION values (698, '.', 41, 1482435.28, 5077970.35, 616.98);
insert into STATION values (699, '.', 41, 1482435.60, 5077970.96, 617.00);
insert into STATION values (700, '.', 41, 1482435.31, 5077971.53, 616.98);
insert into STATION values (701, '.', 41, 1482435.51, 5077972.47, 617.07);
insert into STATION values (702, '.', 41, 1482435.94, 5077972.70, 617.19);
insert into STATION values (703, '.', 41, 1482436.21, 5077972.93, 617.17);
insert into STATION values (704, '.', 41, 1482436.58, 5077973.24, 617.35);
insert into STATION values (705, '.', 41, 1482436.44, 5077973.80, 617.32);
insert into STATION values (706, '.', 41, 1482433.99, 5077976.73, 617.36);
insert into STATION values (707, '.', 41, 1482434.52, 5077976.63, 617.27);
insert into STATION values (708, '.', 41, 1482433.53, 5077979.11, 617.28);
insert into STATION values (709, '.', 41, 1482434.54, 5077979.21, 617.55);
insert into STATION values (710, '.', 41, 1482435.33, 5077979.54, 617.45);
insert into STATION values (711, '.', 41, 1482435.65, 5077979.76, 617.31);
insert into STATION values (712, '.', 41, 1482435.95, 5077980.68, 617.30);
insert into STATION values (713, '74', 41, 1482441.02, 5077971.31, 617.48);
insert into STATION values (714, '.', 41, 1482440.48, 5077969.46, 617.54);
insert into STATION values (715, '.', 41, 1482440.60, 5077969.59, 617.53);
insert into STATION values (716, '.', 41, 1482440.66, 5077969.69, 617.53);
insert into STATION values (717, '.', 41, 1482440.18, 5077969.87, 616.95);
insert into STATION values (718, '.', 41, 1482440.22, 5077969.85, 617.02);
insert into STATION values (719, '.', 41, 1482440.32, 5077969.83, 617.07);
insert into STATION values (720, '.', 41, 1482440.45, 5077969.79, 617.08);
insert into STATION values (721, '.', 41, 1482440.56, 5077969.75, 617.08);
insert into STATION values (722, '.', 41, 1482441.17, 5077967.28, 617.88);
insert into STATION values (723, '.', 41, 1482440.97, 5077967.30, 617.80);
insert into STATION values (724, '.', 41, 1482441.53, 5077967.16, 617.74);
insert into STATION values (725, '.', 41, 1482441.95, 5077967.01, 617.78);
insert into STATION values (726, '.', 41, 1482442.43, 5077966.67, 617.74);
insert into STATION values (727, '.', 41, 1482443.00, 5077966.64, 617.79);
insert into STATION values (728, '.', 41, 1482443.45, 5077966.62, 617.56);
insert into STATION values (729, '.', 41, 1482443.75, 5077966.49, 617.56);
insert into STATION values (730, '.', 41, 1482443.90, 5077966.68, 617.54);
insert into STATION values (731, '.', 41, 1482443.92, 5077966.84, 617.50);
insert into STATION values (732, '.', 41, 1482444.04, 5077967.08, 617.49);
insert into STATION values (733, '.', 41, 1482444.17, 5077967.39, 617.47);
insert into STATION values (734, '.', 41, 1482444.32, 5077967.44, 617.49);
insert into STATION values (735, '75', 41, 1482442.69, 5077969.91, 617.72);
insert into STATION values (736, '.', 41, 1482441.74, 5077967.05, 617.70);
insert into STATION values (737, '.', 41, 1482441.35, 5077967.21, 617.70);
insert into STATION values (738, '.', 41, 1482441.07, 5077967.27, 617.70);
insert into STATION values (739, '.', 41, 1482440.88, 5077967.41, 617.70);
insert into STATION values (740, '.', 41, 1482440.67, 5077967.55, 617.75);
insert into STATION values (741, '.', 41, 1482440.70, 5077967.90, 617.71);
insert into STATION values (742, '.', 41, 1482440.77, 5077968.31, 617.63);
insert into STATION values (743, '.', 41, 1482440.67, 5077968.58, 617.58);
insert into STATION values (744, '.', 41, 1482440.61, 5077968.82, 617.57);
insert into STATION values (745, '.', 41, 1482440.55, 5077969.19, 617.53);
insert into STATION values (746, '.', 41, 1482440.92, 5077969.55, 617.56);
insert into STATION values (747, '.', 41, 1482440.83, 5077969.71, 617.58);
insert into STATION values (748, '.', 41, 1482442.54, 5077970.87, 617.84);
insert into STATION values (749, '.', 41, 1482442.47, 5077970.90, 617.83);
insert into STATION values (750, '.', 41, 1482442.36, 5077970.94, 617.82);
insert into STATION values (751, '.', 41, 1482442.21, 5077971.03, 617.81);
insert into STATION values (752, '.', 41, 1482442.07, 5077971.14, 617.75);
insert into STATION values (753, '.', 41, 1482441.92, 5077971.24, 617.75);
insert into STATION values (754, '.', 41, 1482441.85, 5077971.26, 617.73);
insert into STATION values (755, '.', 41, 1482442.02, 5077971.25, 617.66);
insert into STATION values (756, '76', 41, 1482442.18, 5077967.60, 617.56);
insert into STATION values (757, '.', 41, 1482444.02, 5077967.01, 617.71);
insert into STATION values (758, '.', 41, 1482444.06, 5077967.06, 617.63);
insert into STATION values (759, '.', 41, 1482444.11, 5077967.27, 617.59);
insert into STATION values (760, '.', 41, 1482444.32, 5077967.38, 617.59);
insert into STATION values (761, '.', 41, 1482444.38, 5077967.47, 617.57);
insert into STATION values (762, '.', 41, 1482444.46, 5077967.60, 617.54);
insert into STATION values (763, '.', 41, 1482444.57, 5077967.79, 617.58);
insert into STATION values (764, '.', 41, 1482444.80, 5077968.03, 617.54);
insert into STATION values (765, '.', 41, 1482444.85, 5077968.39, 617.50);
insert into STATION values (766, '.', 41, 1482444.72, 5077968.51, 617.46);
insert into STATION values (767, '.', 41, 1482444.74, 5077968.77, 617.43);
insert into STATION values (768, '.', 41, 1482444.59, 5077969.10, 617.37);
insert into STATION values (769, '.', 41, 1482444.55, 5077969.52, 617.48);
insert into STATION values (770, '.', 41, 1482444.23, 5077969.64, 617.47);
insert into STATION values (771, '.', 41, 1482443.78, 5077969.44, 617.54);
insert into STATION values (772, '.', 41, 1482443.13, 5077969.07, 617.64);
insert into STATION values (773, '.', 41, 1482443.28, 5077969.13, 617.62);
insert into STATION values (774, '.', 41, 1482443.02, 5077969.12, 617.58);
insert into STATION values (775, '.', 41, 1482442.91, 5077969.21, 617.58);
insert into STATION values (776, '.', 41, 1482442.85, 5077969.34, 617.57);
insert into STATION values (777, '.', 41, 1482442.82, 5077969.48, 617.58);
insert into STATION values (778, '.', 41, 1482442.75, 5077969.89, 617.66);
insert into STATION values (779, '.', 41, 1482442.72, 5077970.26, 617.64);
insert into STATION values (780, '.', 41, 1482442.66, 5077970.56, 617.64);
insert into STATION values (781, '77', 41, 1482435.80, 5077971.61, 616.40);
insert into STATION values (782, '.', 41, 1482436.50, 5077968.86, 617.00);
insert into STATION values (783, '.', 41, 1482436.22, 5077969.04, 616.97);
insert into STATION values (784, '.', 41, 1482436.01, 5077969.24, 616.97);
insert into STATION values (785, '.', 41, 1482435.84, 5077969.28, 616.98);
insert into STATION values (786, '.', 41, 1482435.66, 5077969.29, 617.04);
insert into STATION values (787, '.', 41, 1482435.40, 5077969.16, 617.08);
insert into STATION values (788, '.', 41, 1482435.18, 5077969.00, 617.20);
insert into STATION values (789, '.', 41, 1482435.31, 5077970.29, 616.85);
insert into STATION values (790, '.', 41, 1482435.24, 5077970.52, 616.76);
insert into STATION values (791, '.', 41, 1482435.38, 5077970.94, 616.65);
insert into STATION values (792, '.', 41, 1482435.21, 5077970.96, 616.61);
insert into STATION values (793, '.', 41, 1482434.90, 5077971.01, 616.53);
insert into STATION values (794, '.', 41, 1482434.21, 5077970.74, 616.37);
insert into STATION values (795, '.', 41, 1482434.11, 5077970.84, 616.30);
insert into STATION values (796, '.', 41, 1482434.03, 5077971.00, 616.28);
insert into STATION values (797, '.', 41, 1482433.87, 5077971.15, 616.24);
insert into STATION values (798, '.', 41, 1482433.80, 5077971.24, 616.23);
insert into STATION values (799, '.', 41, 1482433.71, 5077971.37, 616.23);
insert into STATION values (800, '.', 41, 1482433.65, 5077971.46, 616.20);
insert into STATION values (801, '.', 41, 1482432.70, 5077971.61, 615.98);
insert into STATION values (802, '.', 41, 1482432.50, 5077971.89, 616.03);
insert into STATION values (803, '.', 41, 1482432.47, 5077972.34, 615.98);
insert into STATION values (804, '.', 41, 1482432.56, 5077972.45, 616.03);
insert into STATION values (805, '.', 41, 1482432.66, 5077972.59, 616.02);
insert into STATION values (806, '.', 41, 1482432.72, 5077972.69, 616.05);
insert into STATION values (807, '.', 41, 1482432.75, 5077972.77, 616.09);
insert into STATION values (808, '.', 41, 1482432.69, 5077972.84, 616.10);
insert into STATION values (809, '.', 41, 1482432.62, 5077972.95, 616.08);
insert into STATION values (810, '.', 41, 1482432.77, 5077973.03, 616.13);
insert into STATION values (811, '.', 41, 1482432.93, 5077973.07, 616.19);
insert into STATION values (812, '.', 41, 1482433.04, 5077973.14, 616.24);
insert into STATION values (813, '.', 41, 1482433.17, 5077973.19, 616.30);
insert into STATION values (814, '.', 41, 1482433.37, 5077973.23, 616.36);
insert into STATION values (815, '.', 41, 1482434.14, 5077972.87, 616.39);
insert into STATION values (816, '.', 41, 1482434.95, 5077972.32, 616.44);
insert into STATION values (817, '.', 41, 1482435.18, 5077972.32, 616.65);
insert into STATION values (818, '.', 41, 1482435.30, 5077972.38, 616.80);
insert into STATION values (819, '.', 41, 1482435.55, 5077972.39, 616.75);
insert into STATION values (820, '.', 41, 1482435.70, 5077972.64, 616.98);
insert into STATION values (821, '.', 41, 1482436.08, 5077972.77, 617.00);
insert into STATION values (822, '.', 41, 1482436.20, 5077972.96, 616.94);
insert into STATION values (823, '.', 41, 1482436.34, 5077972.99, 616.89);
insert into STATION values (824, '.', 41, 1482442.62, 5077972.25, 617.54);
insert into STATION values (825, '.', 41, 1482442.44, 5077972.41, 617.45);
insert into STATION values (826, '.', 41, 1482442.42, 5077972.70, 617.43);
insert into STATION values (827, '.', 41, 1482442.29, 5077973.00, 617.46);
insert into STATION values (828, '.', 41, 1482442.14, 5077973.42, 617.43);
insert into STATION values (829, '.', 41, 1482442.22, 5077973.97, 617.59);
insert into STATION values (830, '.', 41, 1482442.41, 5077974.82, 617.68);
insert into STATION values (831, '.', 41, 1482441.10, 5077975.08, 617.51);
insert into STATION values (832, '.', 41, 1482441.03, 5077975.35, 617.65);
insert into STATION values (833, '.', 41, 1482439.55, 5077974.76, 617.54);
insert into STATION values (834, '.', 41, 1482439.72, 5077974.65, 617.46);
insert into STATION values (835, '.', 41, 1482439.25, 5077974.70, 617.44);
insert into STATION values (836, '.', 41, 1482439.11, 5077974.87, 617.39);
insert into STATION values (837, '.', 41, 1482438.95, 5077975.07, 617.46);
insert into STATION values (838, '.', 41, 1482439.50, 5077976.44, 617.63);
insert into STATION values (839, '.', 41, 1482439.03, 5077976.51, 617.44);
insert into STATION values (840, '.', 41, 1482438.67, 5077976.46, 617.37);
insert into STATION values (841, '.', 41, 1482438.47, 5077976.43, 617.40);
insert into STATION values (842, '.', 41, 1482438.34, 5077976.54, 617.45);
insert into STATION values (843, '.', 41, 1482442.66, 5077969.55, 617.77);
insert into STATION values (844, '.', 41, 1482442.64, 5077969.95, 617.66);
insert into STATION values (845, '.', 41, 1482442.55, 5077970.47, 617.64);
insert into STATION values (846, '.', 41, 1482442.51, 5077970.94, 617.55);
insert into STATION values (847, '.', 41, 1482441.09, 5077971.28, 617.40);
insert into STATION values (848, '.', 41, 1482442.08, 5077971.60, 617.74);
insert into STATION values (849, '.', 41, 1482441.81, 5077971.86, 617.65);
insert into STATION values (850, '.', 41, 1482442.53, 5077972.23, 617.67);
insert into STATION values (851, '.', 41, 1482442.20, 5077972.48, 617.60);
insert into STATION values (852, '78', 41, 1482441.19, 5077975.17, 617.95);
insert into STATION values (853, '.', 41, 1482442.01, 5077975.80, 618.07);
insert into STATION values (854, '.', 41, 1482441.56, 5077975.96, 618.08);
insert into STATION values (855, '.', 41, 1482441.46, 5077975.96, 618.11);
insert into STATION values (856, '.', 41, 1482441.12, 5077976.05, 618.13);
insert into STATION values (857, '.', 41, 1482440.85, 5077975.96, 618.12);
insert into STATION values (858, '.', 41, 1482440.58, 5077976.01, 618.14);
insert into STATION values (859, '.', 41, 1482440.33, 5077976.05, 618.13);
insert into STATION values (860, '.', 41, 1482439.97, 5077976.10, 618.17);
insert into STATION values (861, '.', 41, 1482439.73, 5077976.02, 618.21);
insert into STATION values (862, '.', 41, 1482439.33, 5077975.95, 618.29);
insert into STATION values (863, '.', 41, 1482439.22, 5077975.69, 618.29);
insert into STATION values (864, '.', 41, 1482439.36, 5077975.43, 618.26);
insert into STATION values (865, '.', 41, 1482439.65, 5077975.22, 618.20);
insert into STATION values (866, '.', 41, 1482439.86, 5077974.97, 618.24);
insert into STATION values (867, '.', 41, 1482440.19, 5077974.84, 618.27);
insert into STATION values (868, '.', 41, 1482440.47, 5077974.79, 618.25);
insert into STATION values (869, '.', 41, 1482440.55, 5077974.75, 618.27);
insert into STATION values (870, '.', 41, 1482440.82, 5077974.69, 618.28);
insert into STATION values (871, '.', 41, 1482441.12, 5077974.70, 618.16);
insert into STATION values (872, '.', 41, 1482441.29, 5077974.70, 618.15);
insert into STATION values (873, '.', 41, 1482441.65, 5077974.83, 618.25);
insert into STATION values (874, '.', 41, 1482441.82, 5077975.15, 618.17);
insert into STATION values (875, '.', 41, 1482441.85, 5077975.30, 618.13);
insert into STATION values (876, '.', 41, 1482441.89, 5077975.49, 618.13);
insert into STATION values (877, '.', 41, 1482441.93, 5077975.64, 618.21);
insert into STATION values (878, '79', 41, 1482440.34, 5077976.01, 617.22);
insert into STATION values (879, '.', 41, 1482440.57, 5077976.15, 617.18);
insert into STATION values (880, '.', 41, 1482440.71, 5077976.18, 617.14);
insert into STATION values (881, '.', 41, 1482440.85, 5077976.19, 617.11);
insert into STATION values (882, '.', 41, 1482441.08, 5077976.20, 617.05);
insert into STATION values (883, '.', 41, 1482441.27, 5077976.16, 617.00);
insert into STATION values (884, '.', 41, 1482440.76, 5077975.72, 617.10);
insert into STATION values (885, '.', 41, 1482441.61, 5077975.07, 616.77);
insert into STATION values (886, '.', 41, 1482441.66, 5077975.34, 616.69);
insert into STATION values (887, '.', 41, 1482440.76, 5077975.89, 617.04);
insert into STATION values (888, '.', 41, 1482441.78, 5077975.64, 616.85);
insert into STATION values (889, '.', 41, 1482441.87, 5077975.88, 616.83);
insert into STATION values (890, '.', 41, 1482441.93, 5077975.96, 616.88);
insert into STATION values (891, '.', 41, 1482442.89, 5077975.40, 617.19);
insert into STATION values (892, '.', 41, 1482443.18, 5077975.58, 617.15);
insert into STATION values (893, '.', 41, 1482443.77, 5077975.64, 617.11);
insert into STATION values (894, '.', 41, 1482442.73, 5077975.34, 617.22);
insert into STATION values (895, '.', 41, 1482442.55, 5077975.17, 617.54);
insert into STATION values (896, '80', 41, 1482442.23, 5077976.13, 616.87);
insert into STATION values (897, '.', 41, 1482443.29, 5077975.59, 616.73);
insert into STATION values (898, '.', 41, 1482446.03, 5077974.52, 616.45);
insert into STATION values (899, '.', 41, 1482446.19, 5077974.83, 616.51);
insert into STATION values (900, '.', 41, 1482446.12, 5077975.04, 616.46);
insert into STATION values (901, '.', 41, 1482445.66, 5077975.41, 616.60);
insert into STATION values (902, '.', 41, 1482445.48, 5077975.69, 616.63);
insert into STATION values (903, '.', 41, 1482445.33, 5077975.90, 616.53);
insert into STATION values (904, '.', 41, 1482445.15, 5077976.16, 616.49);
insert into STATION values (905, '.', 41, 1482444.93, 5077976.36, 616.49);
insert into STATION values (906, '.', 41, 1482444.55, 5077976.53, 616.53);
insert into STATION values (907, '.', 41, 1482444.48, 5077976.67, 616.56);
insert into STATION values (908, '.', 41, 1482444.41, 5077976.78, 616.45);
insert into STATION values (909, '.', 41, 1482444.53, 5077977.06, 616.23);
insert into STATION values (910, '.', 41, 1482444.49, 5077977.31, 616.12);
insert into STATION values (911, '.', 41, 1482444.28, 5077977.48, 616.09);
insert into STATION values (912, '.', 41, 1482444.18, 5077977.56, 616.06);
insert into STATION values (913, '.', 41, 1482443.92, 5077977.60, 616.04);
insert into STATION values (914, '.', 41, 1482443.91, 5077977.87, 615.94);
insert into STATION values (915, '.', 41, 1482443.58, 5077977.92, 615.98);
insert into STATION values (916, '.', 41, 1482442.72, 5077976.90, 616.51);
insert into STATION values (917, '.', 41, 1482443.61, 5077974.77, 616.36);
insert into STATION values (918, '.', 41, 1482443.95, 5077974.56, 616.31);
insert into STATION values (919, '.', 41, 1482444.19, 5077974.56, 616.32);
insert into STATION values (920, '.', 41, 1482444.55, 5077974.57, 616.23);
insert into STATION values (921, '81', 41, 1482438.38, 5077976.44, 617.39);
insert into STATION values (922, '.', 41, 1482437.16, 5077986.63, 617.32);
insert into STATION values (923, '.', 41, 1482436.57, 5077987.00, 617.20);
insert into STATION values (924, '.', 41, 1482436.18, 5077987.07, 617.22);
insert into STATION values (925, '.', 41, 1482435.46, 5077988.06, 617.33);
insert into STATION values (926, '.', 41, 1482436.32, 5077982.47, 617.37);
insert into STATION values (927, '.', 41, 1482436.20, 5077981.31, 617.33);
insert into STATION values (928, '.', 41, 1482435.71, 5077980.63, 617.23);
insert into STATION values (929, '.', 41, 1482435.44, 5077979.61, 617.24);
insert into STATION values (930, '.', 41, 1482435.05, 5077978.92, 617.18);
insert into STATION values (931, '.', 41, 1482436.15, 5077987.91, 617.63);
insert into STATION values (932, '.', 41, 1482435.38, 5077988.03, 617.49);
insert into STATION values (933, '.', 41, 1482436.29, 5077982.43, 617.38);
insert into STATION values (934, '.', 41, 1482436.16, 5077981.12, 617.36);
insert into STATION values (935, '.', 41, 1482435.73, 5077980.62, 617.32);
insert into STATION values (936, '.', 41, 1482435.49, 5077979.73, 617.23);
insert into STATION values (937, '.', 41, 1482435.21, 5077979.13, 617.31);
insert into STATION values (938, '.', 41, 1482434.80, 5077978.65, 617.18);
insert into STATION values (939, '.', 41, 1482434.58, 5077977.98, 617.14);
insert into STATION values (940, '.', 41, 1482433.04, 5077978.90, 617.05);
insert into STATION values (941, '.', 41, 1482431.97, 5077979.08, 617.00);
insert into STATION values (942, '.', 41, 1482431.84, 5077978.91, 616.99);
insert into STATION values (943, '.', 41, 1482432.07, 5077978.57, 616.99);
insert into STATION values (944, '.', 41, 1482432.40, 5077978.31, 616.95);
insert into STATION values (945, '.', 41, 1482432.67, 5077978.07, 616.94);
insert into STATION values (946, '.', 41, 1482432.94, 5077977.79, 616.94);
insert into STATION values (947, '.', 41, 1482433.01, 5077977.57, 616.98);
insert into STATION values (948, '.', 41, 1482433.72, 5077976.46, 617.11);
insert into STATION values (949, '.', 41, 1482433.60, 5077976.34, 617.07);
insert into STATION values (950, '.', 41, 1482433.56, 5077976.16, 617.09);
insert into STATION values (951, '.', 41, 1482433.75, 5077975.96, 617.20);
insert into STATION values (952, '.', 41, 1482433.88, 5077975.77, 617.27);
insert into STATION values (953, '.', 41, 1482433.51, 5077975.55, 617.31);
insert into STATION values (954, '.', 41, 1482433.90, 5077975.48, 617.25);
insert into STATION values (955, '.', 41, 1482435.28, 5077975.58, 617.18);
insert into STATION values (956, '.', 41, 1482435.37, 5077975.50, 617.25);
insert into STATION values (957, '.', 41, 1482435.40, 5077975.29, 617.25);
insert into STATION values (958, '.', 41, 1482435.38, 5077975.14, 617.14);
insert into STATION values (959, '.', 41, 1482435.07, 5077974.56, 617.10);
insert into STATION values (960, '.', 41, 1482435.64, 5077974.53, 617.06);
insert into STATION values (961, '.', 41, 1482435.73, 5077974.27, 617.02);
insert into STATION values (962, '.', 41, 1482435.86, 5077974.00, 617.06);
insert into STATION values (963, '.', 41, 1482436.17, 5077973.92, 617.06);
insert into STATION values (964, '.', 41, 1482436.38, 5077973.85, 617.11);
insert into STATION values (965, '.', 41, 1482436.53, 5077973.78, 617.17);
insert into STATION values (966, '.', 41, 1482436.48, 5077973.41, 617.18);
insert into STATION values (967, '.', 41, 1482436.70, 5077973.27, 617.19);
insert into STATION values (968, '.', 41, 1482436.66, 5077972.97, 617.15);
insert into STATION values (969, '83', 41, 1482434.85, 5077976.85, 616.93);
insert into STATION values (970, '.', 41, 1482433.06, 5077977.48, 617.00);
insert into STATION values (971, '.', 41, 1482433.21, 5077977.60, 616.97);
insert into STATION values (972, '.', 41, 1482432.77, 5077977.90, 616.96);
insert into STATION values (973, '.', 41, 1482432.56, 5077978.11, 616.97);
insert into STATION values (974, '.', 41, 1482432.09, 5077978.49, 616.96);
insert into STATION values (975, '.', 41, 1482431.99, 5077978.67, 616.96);
insert into STATION values (976, '.', 41, 1482431.94, 5077978.91, 616.97);
insert into STATION values (977, '.', 41, 1482432.10, 5077979.01, 617.05);
insert into STATION values (978, '.', 41, 1482432.15, 5077979.16, 617.05);
insert into STATION values (979, '.', 41, 1482432.07, 5077979.57, 617.06);
insert into STATION values (980, '.', 41, 1482432.25, 5077979.68, 617.12);
insert into STATION values (981, '.', 41, 1482432.60, 5077979.82, 617.23);
insert into STATION values (982, '.', 41, 1482432.71, 5077980.01, 617.30);
insert into STATION values (983, '.', 41, 1482432.80, 5077980.15, 617.27);
insert into STATION values (984, '.', 41, 1482433.41, 5077979.52, 617.20);
insert into STATION values (985, '.', 41, 1482433.86, 5077978.91, 617.16);
insert into STATION values (986, '.', 41, 1482434.10, 5077978.78, 617.25);
insert into STATION values (987, '.', 41, 1482434.26, 5077978.90, 617.30);
insert into STATION values (988, '.', 41, 1482434.50, 5077978.50, 617.20);
insert into STATION values (989, '.', 41, 1482434.64, 5077978.84, 617.23);
insert into STATION values (990, '.', 41, 1482434.86, 5077978.68, 617.22);
insert into STATION values (991, '.', 41, 1482435.02, 5077978.96, 617.24);
insert into STATION values (992, '.', 41, 1482439.19, 5077974.79, 617.36);
insert into STATION values (993, '.', 41, 1482439.10, 5077975.11, 617.35);
insert into STATION values (994, '.', 41, 1482439.17, 5077975.30, 617.39);
insert into STATION values (995, '.', 41, 1482439.58, 5077975.40, 617.45);
insert into STATION values (996, '.', 41, 1482439.87, 5077975.59, 617.57);
insert into STATION values (997, '.', 41, 1482439.75, 5077976.18, 617.60);
insert into STATION values (998, '.', 41, 1482438.67, 5077976.45, 617.44);
insert into STATION values (999, '.', 41, 1482438.41, 5077976.62, 617.42);
insert into STATION values (1000, '.', 41, 1482438.44, 5077976.85, 617.45);
insert into STATION values (1001, '.', 41, 1482436.20, 5077976.94, 617.07);
insert into STATION values (1002, '.', 41, 1482438.75, 5077977.24, 617.26);
insert into STATION values (1003, '.', 41, 1482439.18, 5077977.74, 617.24);
insert into STATION values (1004, '.', 41, 1482440.70, 5077978.45, 617.21);
insert into STATION values (1005, '.', 41, 1482441.08, 5077978.91, 617.28);
insert into STATION values (1006, '.', 41, 1482441.74, 5077981.07, 616.96);
insert into STATION values (1007, '.', 41, 1482441.06, 5077980.99, 617.06);
insert into STATION values (1008, '.', 41, 1482440.90, 5077981.18, 617.07);
insert into STATION values (1009, '.', 41, 1482440.74, 5077981.35, 617.20);
insert into STATION values (1010, '.', 41, 1482440.38, 5077981.44, 617.29);
insert into STATION values (1011, '.', 41, 1482440.17, 5077981.68, 617.37);
insert into STATION values (1012, '.', 41, 1482440.17, 5077982.20, 617.39);
insert into STATION values (1013, '.', 41, 1482440.43, 5077982.85, 617.40);
insert into STATION values (1014, '.', 41, 1482440.26, 5077983.13, 617.36);
insert into STATION values (1015, '.', 41, 1482440.19, 5077983.68, 617.28);
insert into STATION values (1016, '.', 41, 1482440.04, 5077983.35, 617.35);
insert into STATION values (1017, '.', 41, 1482440.18, 5077985.75, 617.16);
insert into STATION values (1018, '.', 41, 1482439.58, 5077985.44, 617.13);
insert into STATION values (1019, '.', 41, 1482439.24, 5077985.50, 617.08);
insert into STATION values (1020, '.', 41, 1482438.89, 5077986.13, 617.05);
insert into STATION values (1021, '.', 41, 1482438.52, 5077986.11, 617.14);
insert into STATION values (1022, '84', 41, 1482434.99, 5077987.45, 616.97);
insert into STATION values (1023, '.', 41, 1482436.23, 5077982.59, 617.15);
insert into STATION values (1024, '.', 41, 1482435.87, 5077982.56, 617.33);
insert into STATION values (1025, '.', 41, 1482435.62, 5077982.57, 617.39);
insert into STATION values (1026, '.', 41, 1482435.27, 5077982.45, 617.28);
insert into STATION values (1027, '.', 41, 1482434.99, 5077982.25, 617.27);
insert into STATION values (1028, '.', 41, 1482434.61, 5077982.28, 617.26);
insert into STATION values (1029, '.', 41, 1482434.42, 5077983.46, 617.12);
insert into STATION values (1030, '.', 41, 1482433.99, 5077983.77, 617.22);
insert into STATION values (1031, '.', 41, 1482433.23, 5077983.64, 617.15);
insert into STATION values (1032, '.', 41, 1482433.03, 5077983.49, 617.02);
insert into STATION values (1033, '.', 41, 1482432.48, 5077983.44, 616.90);
insert into STATION values (1034, '.', 41, 1482431.81, 5077983.46, 616.98);
insert into STATION values (1035, '.', 41, 1482430.78, 5077983.15, 616.82);
insert into STATION values (1036, '.', 41, 1482430.28, 5077983.17, 616.80);
insert into STATION values (1037, '.', 41, 1482435.80, 5077987.51, 617.10);
insert into STATION values (1038, '.', 41, 1482435.83, 5077987.28, 617.10);
insert into STATION values (1039, '.', 41, 1482437.49, 5077986.12, 617.62);
insert into STATION values (1040, '.', 41, 1482435.96, 5077986.88, 617.14);
insert into STATION values (1041, '.', 41, 1482435.90, 5077986.70, 616.96);
insert into STATION values (1042, '.', 41, 1482440.18, 5077983.38, 617.49);
insert into STATION values (1043, '.', 41, 1482440.57, 5077982.72, 617.29);
insert into STATION values (1044, '.', 41, 1482440.45, 5077982.56, 617.41);
insert into STATION values (1045, '.', 41, 1482440.25, 5077982.14, 617.41);
insert into STATION values (1046, '.', 41, 1482440.22, 5077981.81, 617.55);
insert into STATION values (1047, '.', 41, 1482440.21, 5077981.41, 617.60);
insert into STATION values (1048, '85', 41, 1482434.72, 5077983.83, 617.41);
insert into STATION values (1049, '85', 45, 1482434.72, 5077983.83, 617.41);
insert into STATION values (1050, '86', 45, 1482431.27, 5077986.41, 616.78);
insert into STATION values (1051, '.', 45, 1482428.02, 5077989.03, 616.88);
insert into STATION values (1052, '.', 45, 1482426.05, 5077990.06, 616.93);
insert into STATION values (1053, '.', 45, 1482425.12, 5077989.79, 617.00);
insert into STATION values (1054, '.', 45, 1482426.62, 5077988.48, 616.98);
insert into STATION values (1055, '.', 45, 1482426.39, 5077987.96, 616.95);
insert into STATION values (1056, '.', 45, 1482426.51, 5077987.26, 617.05);
insert into STATION values (1057, '.', 45, 1482426.15, 5077986.72, 617.08);
insert into STATION values (1058, '.', 45, 1482426.47, 5077986.52, 616.98);
insert into STATION values (1059, '.', 45, 1482419.31, 5077985.93, 617.68);
insert into STATION values (1060, '.', 45, 1482419.28, 5077984.87, 617.54);
insert into STATION values (1061, '.', 45, 1482421.34, 5077984.53, 617.34);
insert into STATION values (1062, '.', 45, 1482421.95, 5077983.81, 617.27);
insert into STATION values (1063, '.', 45, 1482422.43, 5077982.82, 617.31);
insert into STATION values (1064, '.', 45, 1482423.51, 5077982.28, 617.24);
insert into STATION values (1065, '.', 45, 1482423.05, 5077980.91, 617.24);
insert into STATION values (1066, '.', 45, 1482422.78, 5077979.92, 617.08);
insert into STATION values (1067, '.', 45, 1482422.81, 5077979.54, 617.10);
insert into STATION values (1068, '.', 45, 1482429.05, 5077982.79, 616.73);
insert into STATION values (1069, '.', 45, 1482429.35, 5077982.91, 616.85);
insert into STATION values (1070, '.', 45, 1482429.65, 5077983.08, 616.81);
insert into STATION values (1071, '.', 45, 1482429.89, 5077983.16, 616.85);
insert into STATION values (1072, '.', 45, 1482430.19, 5077983.12, 616.84);
insert into STATION values (1073, '.', 45, 1482430.33, 5077983.08, 616.90);
insert into STATION values (1074, '.', 45, 1482430.99, 5077982.88, 616.89);
insert into STATION values (1075, '.', 45, 1482432.17, 5077983.70, 616.94);
insert into STATION values (1076, '.', 45, 1482431.55, 5077984.40, 617.05);
insert into STATION values (1077, '.', 45, 1482431.89, 5077983.44, 617.25);
insert into STATION values (1078, '.', 45, 1482432.75, 5077983.70, 617.27);
insert into STATION values (1079, '.', 45, 1482433.58, 5077983.63, 617.02);
insert into STATION values (1080, '.', 45, 1482433.82, 5077983.89, 617.40);
insert into STATION values (1081, '.', 45, 1482434.16, 5077983.78, 617.34);
insert into STATION values (1082, '.', 45, 1482434.54, 5077983.91, 617.31);
insert into STATION values (1083, '.', 45, 1482434.86, 5077983.94, 617.47);
insert into STATION values (1084, '87', 45, 1482429.03, 5077982.78, 616.81);
insert into STATION values (1085, '.', 45, 1482434.81, 5077987.48, 616.93);
insert into STATION values (1086, '.', 45, 1482434.46, 5077987.55, 616.82);
insert into STATION values (1087, '.', 45, 1482434.02, 5077987.48, 616.82);
insert into STATION values (1088, '.', 45, 1482433.77, 5077987.59, 616.80);
insert into STATION values (1089, '.', 45, 1482432.57, 5077986.86, 616.77);
insert into STATION values (1090, '.', 45, 1482431.94, 5077986.52, 616.78);
insert into STATION values (1091, '.', 45, 1482431.49, 5077986.53, 616.75);
insert into STATION values (1092, '.', 45, 1482431.22, 5077986.53, 616.73);
insert into STATION values (1093, '.', 45, 1482431.05, 5077986.86, 616.76);
insert into STATION values (1094, '.', 45, 1482430.78, 5077987.05, 616.83);
insert into STATION values (1095, '.', 45, 1482430.52, 5077987.21, 616.79);
insert into STATION values (1096, '.', 45, 1482430.40, 5077987.23, 616.84);
insert into STATION values (1097, '.', 45, 1482430.32, 5077987.08, 617.00);
insert into STATION values (1098, '.', 45, 1482429.48, 5077989.45, 616.97);
insert into STATION values (1099, '.', 45, 1482429.29, 5077989.32, 617.00);
insert into STATION values (1100, '.', 45, 1482429.38, 5077989.56, 616.66);
insert into STATION values (1101, '.', 45, 1482429.10, 5077989.23, 616.84);
insert into STATION values (1102, '.', 45, 1482428.81, 5077989.10, 616.77);
insert into STATION values (1103, '.', 45, 1482428.57, 5077988.90, 616.84);
insert into STATION values (1104, '.', 45, 1482427.84, 5077988.80, 616.96);
insert into STATION values (1105, '.', 45, 1482428.15, 5077988.95, 616.99);
insert into STATION values (1106, '.', 45, 1482427.46, 5077988.87, 616.97);
insert into STATION values (1107, '.', 45, 1482427.16, 5077989.06, 616.98);
insert into STATION values (1108, '.', 45, 1482423.72, 5077988.46, 617.13);
insert into STATION values (1109, '.', 45, 1482422.93, 5077988.60, 617.12);
insert into STATION values (1110, '.', 45, 1482422.09, 5077988.72, 617.10);
insert into STATION values (1111, '.', 45, 1482421.39, 5077988.97, 617.12);
insert into STATION values (1112, '.', 45, 1482421.13, 5077988.87, 617.30);
insert into STATION values (1113, '.', 45, 1482415.94, 5077992.19, 616.61);
insert into STATION values (1114, '88', 45, 1482423.62, 5077982.15, 617.06);
insert into STATION values (1115, '.', 45, 1482425.28, 5077975.01, 616.93);
insert into STATION values (1116, '.', 45, 1482425.47, 5077975.04, 616.66);
insert into STATION values (1117, '.', 45, 1482425.16, 5077974.81, 617.12);
insert into STATION values (1118, '.', 45, 1482425.78, 5077975.30, 616.97);
insert into STATION values (1119, '.', 45, 1482426.39, 5077975.72, 617.11);
insert into STATION values (1120, '.', 45, 1482426.93, 5077975.85, 617.11);
insert into STATION values (1121, '.', 45, 1482427.69, 5077975.81, 616.74);
insert into STATION values (1122, '.', 45, 1482427.91, 5077977.42, 617.15);
insert into STATION values (1123, '.', 45, 1482428.20, 5077977.73, 616.19);
insert into STATION values (1124, '.', 45, 1482428.74, 5077978.43, 616.00);
insert into STATION values (1125, '.', 45, 1482428.35, 5077979.27, 616.04);
insert into STATION values (1126, '.', 45, 1482428.53, 5077980.06, 615.97);
insert into STATION values (1127, '.', 45, 1482428.66, 5077980.63, 616.05);
insert into STATION values (1128, '.', 45, 1482428.70, 5077981.13, 615.99);
insert into STATION values (1129, '.', 45, 1482428.35, 5077981.79, 616.26);
insert into STATION values (1130, '.', 45, 1482428.77, 5077982.29, 616.28);
insert into STATION values (1131, '.', 45, 1482428.94, 5077982.63, 616.31);
insert into STATION values (1132, '.', 45, 1482429.08, 5077982.84, 616.33);
insert into STATION values (1133, '.', 45, 1482431.21, 5077986.53, 616.75);
insert into STATION values (1134, '.', 45, 1482431.19, 5077986.63, 616.55);
insert into STATION values (1135, '.', 45, 1482430.31, 5077987.26, 616.76);
insert into STATION values (1136, '.', 45, 1482432.10, 5077988.94, 616.72);
insert into STATION values (1137, '.', 45, 1482432.08, 5077989.32, 616.79);
insert into STATION values (1138, '.', 45, 1482432.36, 5077989.99, 616.77);
insert into STATION values (1139, '.', 45, 1482432.12, 5077990.30, 616.89);
insert into STATION values (1140, '.', 45, 1482431.58, 5077990.08, 616.72);
insert into STATION values (1141, '.', 45, 1482424.49, 5077988.22, 617.11);
insert into STATION values (1142, '.', 45, 1482423.85, 5077988.42, 617.10);
insert into STATION values (1143, '.', 45, 1482423.20, 5077988.28, 617.18);
insert into STATION values (1144, '.', 45, 1482422.99, 5077988.32, 617.28);
insert into STATION values (1145, '.', 45, 1482422.18, 5077988.55, 617.30);
insert into STATION values (1146, '.', 45, 1482421.71, 5077988.74, 617.13);
insert into STATION values (1147, '.', 45, 1482421.12, 5077988.89, 617.04);
insert into STATION values (1148, '.', 45, 1482421.58, 5077989.01, 616.42);
insert into STATION values (1149, '.', 45, 1482421.48, 5077988.99, 616.62);
insert into STATION values (1150, '351', 45, 1482424.45, 5077974.09, 617.27);
insert into STATION values (1151, '351', 49, 1482424.45, 5077974.09, 617.27);
insert into STATION values (1152, '.', 49, 1482427.82, 5077977.99, 617.24);
insert into STATION values (1153, '.', 49, 1482427.54, 5077978.33, 617.21);
insert into STATION values (1154, '.', 49, 1482427.10, 5077978.48, 617.18);
insert into STATION values (1155, '.', 49, 1482426.80, 5077978.91, 617.11);
insert into STATION values (1156, '.', 49, 1482426.11, 5077979.24, 617.28);
insert into STATION values (1157, '.', 49, 1482429.13, 5077989.20, 616.91);
insert into STATION values (1158, '.', 49, 1482428.26, 5077988.81, 616.95);
insert into STATION values (1159, '.', 49, 1482427.19, 5077988.84, 617.01);
insert into STATION values (1160, '.', 49, 1482425.85, 5077986.71, 617.09);
insert into STATION values (1161, '.', 49, 1482424.88, 5077987.61, 617.13);
insert into STATION values (1162, '.', 49, 1482423.70, 5077988.48, 617.12);
insert into STATION values (1163, '.', 49, 1482423.01, 5077988.29, 617.20);
insert into STATION values (1164, '.', 49, 1482423.43, 5077981.58, 617.17);
insert into STATION values (1165, '.', 49, 1482423.03, 5077980.83, 617.24);
insert into STATION values (1166, '.', 49, 1482422.66, 5077980.04, 617.32);
insert into STATION values (1167, '.', 49, 1482422.36, 5077979.16, 617.33);
insert into STATION values (1168, '.', 49, 1482421.86, 5077978.54, 617.31);
insert into STATION values (1169, '.', 49, 1482421.29, 5077978.44, 617.37);
insert into STATION values (1170, '.', 49, 1482420.77, 5077978.31, 617.34);
insert into STATION values (1171, '.', 49, 1482420.41, 5077977.59, 617.19);
insert into STATION values (1172, '.', 49, 1482419.26, 5077977.18, 617.11);
insert into STATION values (1173, '.', 49, 1482417.48, 5077977.44, 617.10);
insert into STATION values (1174, '.', 49, 1482417.68, 5077977.32, 617.01);
insert into STATION values (1175, '.', 49, 1482416.47, 5077974.27, 617.17);
insert into STATION values (1176, '.', 49, 1482416.82, 5077973.77, 617.18);
insert into STATION values (1177, '.', 49, 1482416.32, 5077973.07, 617.20);
insert into STATION values (1178, '.', 49, 1482416.32, 5077972.64, 617.07);
insert into STATION values (1179, '.', 49, 1482418.61, 5077972.90, 617.20);
insert into STATION values (1180, '.', 49, 1482418.89, 5077972.59, 617.16);
insert into STATION values (1181, '.', 49, 1482419.14, 5077972.08, 617.03);
insert into STATION values (1182, '.', 49, 1482419.47, 5077971.69, 617.01);
insert into STATION values (1183, '.', 49, 1482419.45, 5077971.38, 616.96);
insert into STATION values (1184, '.', 49, 1482418.83, 5077970.75, 616.69);
insert into STATION values (1185, '.', 49, 1482417.17, 5077969.36, 616.31);
insert into STATION values (1186, '.', 49, 1482417.62, 5077969.28, 616.17);
insert into STATION values (1187, '.', 49, 1482418.14, 5077969.29, 616.10);
insert into STATION values (1188, '.', 49, 1482418.28, 5077969.07, 616.29);
insert into STATION values (1189, '.', 49, 1482417.72, 5077968.13, 616.49);
insert into STATION values (1190, '.', 49, 1482418.81, 5077968.45, 616.55);
insert into STATION values (1191, '.', 49, 1482420.40, 5077969.52, 616.67);
insert into STATION values (1192, '.', 49, 1482421.15, 5077969.91, 616.69);
insert into STATION values (1193, '.', 49, 1482421.82, 5077970.06, 616.74);
insert into STATION values (1194, '.', 49, 1482422.26, 5077970.12, 616.82);
insert into STATION values (1195, '.', 49, 1482422.86, 5077970.66, 616.88);
insert into STATION values (1196, '.', 49, 1482423.25, 5077970.78, 616.88);
insert into STATION values (1197, '89', 49, 1482415.00, 5077976.98, 616.00);
insert into STATION values (1198, '.', 49, 1482424.95, 5077975.81, 617.16);
insert into STATION values (1199, '.', 49, 1482425.53, 5077975.34, 617.15);
insert into STATION values (1200, '.', 49, 1482425.05, 5077974.65, 617.06);
insert into STATION values (1201, '.', 49, 1482424.57, 5077974.21, 616.99);
insert into STATION values (1202, '.', 49, 1482424.71, 5077973.87, 617.01);
insert into STATION values (1203, '.', 49, 1482424.54, 5077973.18, 616.89);
insert into STATION values (1204, '.', 49, 1482424.11, 5077972.90, 617.10);
insert into STATION values (1205, '.', 49, 1482424.21, 5077972.66, 616.16);
insert into STATION values (1206, '.', 49, 1482422.57, 5077971.69, 616.97);
insert into STATION values (1207, '.', 49, 1482423.19, 5077970.91, 616.71);
insert into STATION values (1208, '.', 49, 1482423.06, 5077970.65, 616.71);
insert into STATION values (1209, '.', 49, 1482422.59, 5077970.68, 616.58);
insert into STATION values (1210, '.', 49, 1482422.24, 5077970.25, 616.60);
insert into STATION values (1211, '.', 49, 1482421.86, 5077970.01, 616.68);
insert into STATION values (1212, '.', 49, 1482421.37, 5077969.95, 616.68);
insert into STATION values (1213, '.', 49, 1482419.29, 5077971.99, 616.66);
insert into STATION values (1214, '.', 49, 1482418.40, 5077972.87, 617.02);
insert into STATION values (1215, '.', 49, 1482418.10, 5077972.76, 616.99);
insert into STATION values (1216, '.', 49, 1482417.80, 5077972.64, 617.01);
insert into STATION values (1217, '.', 49, 1482417.51, 5077972.58, 616.88);
insert into STATION values (1218, '.', 49, 1482416.49, 5077974.14, 616.79);
insert into STATION values (1219, '.', 49, 1482416.08, 5077974.40, 617.09);
insert into STATION values (1220, '.', 49, 1482415.90, 5077974.20, 617.04);
insert into STATION values (1221, '.', 49, 1482415.65, 5077973.88, 617.01);
insert into STATION values (1222, '.', 49, 1482415.41, 5077973.54, 617.04);
insert into STATION values (1223, '.', 49, 1482414.98, 5077973.08, 617.01);
insert into STATION values (1224, '.', 49, 1482414.47, 5077972.75, 616.99);
insert into STATION values (1225, '.', 49, 1482414.00, 5077972.79, 616.92);
insert into STATION values (1226, '.', 49, 1482413.48, 5077972.84, 616.96);
insert into STATION values (1227, '.', 49, 1482412.93, 5077972.73, 616.96);
insert into STATION values (1228, '.', 49, 1482412.49, 5077972.69, 617.08);
insert into STATION values (1229, '.', 49, 1482411.69, 5077972.37, 617.09);
insert into STATION values (1230, '.', 49, 1482410.70, 5077972.91, 616.85);
insert into STATION values (1231, '.', 49, 1482412.81, 5077974.83, 617.25);
insert into STATION values (1232, '.', 49, 1482412.57, 5077975.14, 616.89);
insert into STATION values (1233, '.', 49, 1482412.78, 5077975.56, 616.99);
insert into STATION values (1234, '.', 49, 1482412.96, 5077975.97, 616.91);
insert into STATION values (1235, '.', 49, 1482412.73, 5077976.21, 616.88);
insert into STATION values (1236, '.', 49, 1482412.02, 5077976.41, 616.98);
insert into STATION values (1237, '.', 49, 1482411.42, 5077976.69, 616.78);
insert into STATION values (1238, '.', 49, 1482411.26, 5077976.84, 616.85);
insert into STATION values (1239, '.', 49, 1482403.47, 5077976.61, 616.84);
insert into STATION values (1240, '.', 49, 1482403.33, 5077976.83, 616.71);
insert into STATION values (1241, '.', 49, 1482403.50, 5077977.42, 616.70);
insert into STATION values (1242, '.', 49, 1482403.49, 5077977.72, 616.62);
insert into STATION values (1243, '.', 49, 1482403.95, 5077977.98, 616.60);
insert into STATION values (1244, '.', 49, 1482403.29, 5077978.77, 616.53);
insert into STATION values (1245, '.', 49, 1482402.83, 5077978.97, 616.38);
insert into STATION values (1246, '.', 49, 1482402.28, 5077979.42, 616.36);
insert into STATION values (1247, '.', 49, 1482402.56, 5077979.89, 616.26);
insert into STATION values (1248, '.', 49, 1482402.32, 5077980.44, 616.23);
insert into STATION values (1249, '.', 49, 1482407.27, 5077979.32, 616.24);
insert into STATION values (1250, '.', 49, 1482409.99, 5077978.49, 616.54);
insert into STATION values (1251, '.', 49, 1482410.11, 5077978.69, 616.43);
insert into STATION values (1252, '.', 49, 1482410.47, 5077978.90, 616.41);
insert into STATION values (1253, '.', 49, 1482410.48, 5077979.11, 616.38);
insert into STATION values (1254, '.', 49, 1482410.52, 5077979.49, 616.28);
insert into STATION values (1255, '.', 49, 1482408.91, 5077980.53, 615.96);
insert into STATION values (1256, '.', 49, 1482408.94, 5077980.98, 615.91);
insert into STATION values (1257, '.', 49, 1482410.30, 5077982.04, 616.10);
insert into STATION values (1258, '.', 49, 1482410.49, 5077982.37, 616.38);
insert into STATION values (1259, '.', 49, 1482410.70, 5077982.50, 616.41);
insert into STATION values (1260, '.', 49, 1482411.09, 5077982.62, 616.54);
insert into STATION values (1261, '.', 49, 1482411.83, 5077982.46, 616.57);
insert into STATION values (1262, '.', 49, 1482412.29, 5077982.39, 616.54);
insert into STATION values (1263, '.', 49, 1482412.87, 5077982.32, 616.61);
insert into STATION values (1264, '.', 49, 1482413.57, 5077981.50, 616.67);
insert into STATION values (1265, '.', 49, 1482413.98, 5077981.06, 616.89);
insert into STATION values (1266, '.', 49, 1482414.36, 5077980.15, 616.74);
insert into STATION values (1267, '.', 49, 1482414.75, 5077980.73, 617.09);
insert into STATION values (1268, '.', 49, 1482415.15, 5077980.53, 617.20);
insert into STATION values (1269, '90', 49, 1482411.09, 5077972.97, 616.59);
insert into STATION values (1270, '.', 49, 1482415.70, 5077978.32, 616.80);
insert into STATION values (1271, '.', 49, 1482416.19, 5077978.01, 616.89);
insert into STATION values (1272, '.', 49, 1482416.83, 5077977.72, 616.94);
insert into STATION values (1273, '.', 49, 1482417.67, 5077977.49, 616.97);
insert into STATION values (1274, '.', 49, 1482418.60, 5077977.09, 616.91);
insert into STATION values (1275, '.', 49, 1482419.46, 5077977.01, 616.87);
insert into STATION values (1276, '.', 49, 1482415.97, 5077974.33, 617.11);
insert into STATION values (1277, '.', 49, 1482415.78, 5077974.07, 617.06);
insert into STATION values (1278, '.', 49, 1482415.49, 5077973.66, 617.04);
insert into STATION values (1279, '.', 49, 1482415.27, 5077973.41, 617.03);
insert into STATION values (1280, '.', 49, 1482415.10, 5077973.18, 617.01);
insert into STATION values (1281, '.', 49, 1482414.63, 5077972.92, 616.96);
insert into STATION values (1282, '.', 49, 1482413.32, 5077972.85, 616.83);
insert into STATION values (1283, '.', 49, 1482412.56, 5077972.70, 617.08);
insert into STATION values (1284, '.', 49, 1482412.27, 5077972.71, 617.03);
insert into STATION values (1285, '.', 49, 1482411.97, 5077972.61, 617.05);
insert into STATION values (1286, '.', 49, 1482411.49, 5077972.15, 617.00);
insert into STATION values (1287, '.', 49, 1482411.27, 5077971.72, 616.90);
insert into STATION values (1288, '.', 49, 1482410.97, 5077971.00, 616.75);
insert into STATION values (1289, '.', 49, 1482410.72, 5077970.73, 616.67);
insert into STATION values (1290, '.', 49, 1482410.35, 5077970.53, 616.65);
insert into STATION values (1291, '.', 49, 1482410.13, 5077970.66, 616.65);
insert into STATION values (1292, '.', 49, 1482409.85, 5077970.78, 616.66);
insert into STATION values (1293, '.', 49, 1482409.60, 5077970.94, 616.80);
insert into STATION values (1294, '.', 49, 1482409.32, 5077970.96, 616.77);
insert into STATION values (1295, '.', 49, 1482409.16, 5077970.98, 616.80);
insert into STATION values (1296, '91', 49, 1482408.95, 5077970.95, 616.88);
insert into STATION values (1297, '350', 49, 1482403.06, 5077977.05, 616.31);
insert into STATION values (1298, '.', 49, 1482405.98, 5077967.02, 617.12);
insert into STATION values (1299, '.', 49, 1482405.53, 5077967.32, 617.15);
insert into STATION values (1300, '.', 49, 1482404.80, 5077967.51, 617.20);
insert into STATION values (1301, '.', 49, 1482404.65, 5077967.49, 617.33);
insert into STATION values (1302, '.', 49, 1482400.97, 5077964.76, 617.57);
insert into STATION values (1303, '.', 49, 1482400.59, 5077964.99, 617.51);
insert into STATION values (1304, '.', 49, 1482401.79, 5077966.98, 617.27);
insert into STATION values (1305, '.', 49, 1482401.46, 5077967.36, 617.22);
insert into STATION values (1306, '.', 49, 1482401.06, 5077967.78, 617.11);
insert into STATION values (1307, '.', 49, 1482400.74, 5077968.19, 617.14);
insert into STATION values (1308, '.', 49, 1482399.87, 5077968.26, 617.23);
insert into STATION values (1309, '.', 49, 1482399.88, 5077968.89, 617.32);
insert into STATION values (1310, '.', 49, 1482400.23, 5077969.36, 617.36);
insert into STATION values (1311, '.', 49, 1482400.54, 5077969.92, 617.37);
insert into STATION values (1312, '.', 49, 1482401.22, 5077970.60, 617.21);
insert into STATION values (1313, '.', 49, 1482401.46, 5077971.00, 617.13);
insert into STATION values (1314, '.', 49, 1482401.51, 5077971.18, 617.16);
insert into STATION values (1315, '.', 49, 1482402.74, 5077971.29, 617.41);
insert into STATION values (1316, '.', 49, 1482402.95, 5077971.47, 617.45);
insert into STATION values (1317, '.', 49, 1482403.04, 5077971.78, 617.44);
insert into STATION values (1318, '.', 49, 1482403.23, 5077972.31, 617.39);
insert into STATION values (1319, '.', 49, 1482403.49, 5077972.48, 617.34);
insert into STATION values (1320, '.', 49, 1482403.64, 5077972.79, 617.43);
insert into STATION values (1321, '.', 49, 1482404.33, 5077972.69, 617.27);
insert into STATION values (1322, '.', 49, 1482404.54, 5077972.79, 617.19);
insert into STATION values (1323, '.', 49, 1482404.23, 5077973.44, 616.88);
insert into STATION values (1324, '.', 49, 1482404.41, 5077973.55, 616.86);
insert into STATION values (1325, '.', 49, 1482404.51, 5077973.93, 616.88);
insert into STATION values (1326, '.', 49, 1482404.48, 5077974.24, 616.87);
insert into STATION values (1327, '.', 49, 1482401.31, 5077977.12, 616.52);
insert into STATION values (1328, '.', 49, 1482402.67, 5077976.47, 616.55);
insert into STATION values (1329, '.', 49, 1482402.84, 5077976.64, 616.46);
insert into STATION values (1330, '.', 49, 1482403.01, 5077976.99, 616.34);
insert into STATION values (1331, '.', 49, 1482403.12, 5077977.59, 616.36);
insert into STATION values (1332, '.', 49, 1482403.40, 5077977.86, 616.39);
insert into STATION values (1333, '.', 49, 1482403.64, 5077977.97, 616.44);
insert into STATION values (1334, '.', 49, 1482401.77, 5077981.13, 616.14);
insert into STATION values (1335, '.', 49, 1482407.75, 5077975.16, 616.93);
insert into STATION values (1336, '.', 49, 1482408.12, 5077974.70, 616.96);
insert into STATION values (1337, '.', 49, 1482408.47, 5077974.13, 616.99);
insert into STATION values (1338, '.', 49, 1482408.77, 5077973.93, 616.96);
insert into STATION values (1339, '.', 49, 1482409.14, 5077973.73, 616.89);
insert into STATION values (1340, '.', 49, 1482409.59, 5077973.72, 616.85);
insert into STATION values (1341, '.', 49, 1482409.94, 5077973.62, 616.76);
insert into STATION values (1342, '.', 49, 1482410.00, 5077972.97, 616.90);
insert into STATION values (1343, '.', 49, 1482410.29, 5077972.80, 616.78);
insert into STATION values (1344, '.', 49, 1482410.49, 5077972.83, 616.97);
insert into STATION values (1345, '.', 49, 1482411.67, 5077972.50, 616.82);
insert into STATION values (1346, '.', 49, 1482411.32, 5077972.16, 616.84);
insert into STATION values (1347, '.', 49, 1482411.07, 5077971.78, 616.81);
insert into STATION values (1348, '.', 49, 1482411.02, 5077971.52, 616.78);
insert into STATION values (1349, '.', 49, 1482410.95, 5077971.25, 616.74);
insert into STATION values (1350, '.', 49, 1482410.77, 5077970.97, 616.69);
insert into STATION values (1351, '.', 49, 1482406.18, 5077971.07, 616.60);
insert into STATION values (1352, '.', 49, 1482405.30, 5077968.43, 616.81);
insert into STATION values (1353, '.', 49, 1482405.20, 5077968.65, 616.91);
insert into STATION values (1354, '.', 49, 1482405.13, 5077968.95, 616.73);
insert into STATION values (1355, '.', 49, 1482404.71, 5077969.24, 616.62);
insert into STATION values (1356, '.', 49, 1482404.35, 5077969.75, 616.63);
insert into STATION values (1357, '.', 49, 1482404.93, 5077970.39, 616.61);
insert into STATION values (1358, '.', 49, 1482405.23, 5077970.73, 616.62);
insert into STATION values (1359, '.', 49, 1482406.28, 5077971.01, 616.59);
insert into STATION values (1360, '.', 49, 1482406.61, 5077971.34, 616.61);
insert into STATION values (1361, '.', 49, 1482406.92, 5077971.62, 616.67);
insert into STATION values (1362, '.', 49, 1482406.81, 5077971.90, 616.84);
insert into STATION values (1363, '.', 49, 1482406.98, 5077972.00, 616.77);
insert into STATION values (1364, '.', 49, 1482407.09, 5077972.26, 616.78);
insert into STATION values (1365, '.', 49, 1482407.24, 5077972.39, 616.67);
insert into STATION values (1366, '.', 49, 1482407.47, 5077972.53, 616.61);
insert into STATION values (1367, '.', 49, 1482407.79, 5077972.52, 616.64);
insert into STATION values (1368, '.', 49, 1482408.09, 5077972.59, 616.72);
insert into STATION values (1369, '.', 49, 1482408.28, 5077972.96, 616.76);
insert into STATION values (1370, '.', 49, 1482408.63, 5077972.73, 616.75);
insert into STATION values (1371, '.', 49, 1482408.94, 5077972.36, 616.51);
insert into STATION values (1372, '.', 49, 1482409.22, 5077972.36, 616.53);
insert into STATION values (1373, '.', 49, 1482405.95, 5077971.36, 616.44);
insert into STATION values (1374, '.', 49, 1482406.21, 5077971.67, 616.54);
insert into STATION values (1375, '.', 49, 1482406.59, 5077971.99, 616.60);
insert into STATION values (1376, '.', 49, 1482406.96, 5077972.52, 616.41);
insert into STATION values (1377, '.', 49, 1482407.22, 5077972.84, 616.41);
insert into STATION values (1378, '.', 49, 1482407.32, 5077973.59, 616.46);
insert into STATION values (1379, '.', 49, 1482408.25, 5077973.60, 616.47);
insert into STATION values (1380, '.', 49, 1482408.11, 5077974.32, 616.48);
insert into STATION values (1381, '.', 49, 1482405.29, 5077972.29, 616.27);
insert into STATION values (1382, '92', 49, 1482406.74, 5077971.85, 616.92);
insert into STATION values (1383, '.', 49, 1482408.24, 5077974.43, 616.92);
insert into STATION values (1384, '.', 49, 1482408.53, 5077974.30, 616.90);
insert into STATION values (1385, '.', 49, 1482408.81, 5077973.95, 616.93);
insert into STATION values (1386, '.', 49, 1482409.40, 5077973.90, 616.85);
insert into STATION values (1387, '.', 49, 1482409.85, 5077973.71, 616.82);
insert into STATION values (1388, '.', 49, 1482410.12, 5077973.35, 616.76);
insert into STATION values (1389, '.', 49, 1482410.02, 5077972.98, 616.78);
insert into STATION values (1390, '.', 49, 1482409.91, 5077972.74, 616.82);
insert into STATION values (1391, '.', 49, 1482411.91, 5077972.88, 616.66);
insert into STATION values (1392, '.', 49, 1482411.51, 5077972.52, 616.67);
insert into STATION values (1393, '.', 49, 1482411.22, 5077972.09, 616.66);
insert into STATION values (1394, '.', 49, 1482411.03, 5077971.71, 616.75);
insert into STATION values (1395, '.', 49, 1482410.96, 5077971.40, 616.79);
insert into STATION values (1396, '.', 49, 1482410.71, 5077971.02, 616.75);
insert into STATION values (1397, '.', 49, 1482410.45, 5077970.77, 616.69);
insert into STATION values (1398, '.', 49, 1482409.42, 5077970.99, 616.80);
insert into STATION values (1399, '.', 49, 1482409.01, 5077970.97, 616.81);
insert into STATION values (1400, '.', 49, 1482408.96, 5077970.80, 616.80);
insert into STATION values (1401, '.', 49, 1482408.86, 5077970.48, 616.78);
insert into STATION values (1402, '.', 49, 1482408.70, 5077970.17, 616.81);
insert into STATION values (1403, '.', 49, 1482408.74, 5077969.85, 616.80);
insert into STATION values (1404, '.', 49, 1482408.76, 5077969.42, 616.78);
insert into STATION values (1405, '.', 49, 1482408.98, 5077968.96, 616.62);
insert into STATION values (1406, '.', 49, 1482409.99, 5077967.50, 616.38);
insert into STATION values (1407, '.', 49, 1482410.62, 5077966.38, 616.27);
insert into STATION values (1408, '.', 49, 1482410.54, 5077965.94, 616.22);
insert into STATION values (1409, '.', 49, 1482409.76, 5077966.71, 616.34);
insert into STATION values (1410, '.', 49, 1482409.44, 5077966.91, 616.44);
insert into STATION values (1411, '.', 49, 1482409.31, 5077966.64, 616.40);
insert into STATION values (1412, '.', 49, 1482411.02, 5077962.33, 615.95);
insert into STATION values (1413, '.', 49, 1482410.71, 5077962.38, 615.95);
insert into STATION values (1414, '.', 49, 1482410.50, 5077962.20, 615.89);
insert into STATION values (1415, '.', 49, 1482410.24, 5077961.76, 616.03);
insert into STATION values (1416, '.', 49, 1482410.21, 5077960.99, 615.97);
insert into STATION values (1417, '.', 49, 1482409.78, 5077961.86, 616.06);
insert into STATION values (1418, '.', 49, 1482407.50, 5077962.86, 615.99);
insert into STATION values (1419, '.', 49, 1482407.30, 5077963.46, 616.01);
insert into STATION values (1420, '.', 49, 1482406.92, 5077963.86, 616.01);
insert into STATION values (1421, '.', 49, 1482406.65, 5077964.22, 616.04);
insert into STATION values (1422, '.', 49, 1482406.43, 5077964.62, 615.85);
insert into STATION values (1423, '.', 49, 1482406.21, 5077965.58, 615.97);
insert into STATION values (1424, '.', 49, 1482405.97, 5077965.86, 615.97);
insert into STATION values (1425, '.', 49, 1482405.54, 5077965.89, 615.83);
insert into STATION values (1426, '.', 49, 1482405.28, 5077967.32, 616.04);
insert into STATION values (1427, '.', 49, 1482405.10, 5077967.71, 616.21);
insert into STATION values (1428, '.', 49, 1482405.10, 5077967.64, 617.49);
insert into STATION values (1429, '.', 49, 1482404.57, 5077967.55, 617.44);
insert into STATION values (1430, '.', 49, 1482403.64, 5077966.52, 617.56);
insert into STATION values (1431, '.', 49, 1482402.66, 5077965.94, 617.54);
insert into STATION values (1432, '.', 49, 1482401.52, 5077965.12, 617.65);
insert into STATION values (1433, '.', 49, 1482402.53, 5077966.99, 617.41);
insert into STATION values (1434, '.', 49, 1482401.79, 5077967.15, 617.54);
insert into STATION values (1435, '.', 49, 1482401.36, 5077967.45, 617.47);
insert into STATION values (1436, '.', 49, 1482401.20, 5077967.84, 617.38);
insert into STATION values (1437, '.', 49, 1482400.79, 5077968.18, 617.31);
insert into STATION values (1438, '.', 49, 1482399.92, 5077967.74, 617.59);
insert into STATION values (1439, '.', 49, 1482399.87, 5077968.35, 617.48);
insert into STATION values (1440, '.', 49, 1482399.97, 5077968.89, 617.43);
insert into STATION values (1441, '.', 49, 1482399.84, 5077969.33, 617.38);
insert into STATION values (1442, '.', 49, 1482400.76, 5077970.09, 617.33);
insert into STATION values (1443, '.', 49, 1482401.33, 5077970.83, 617.24);
insert into STATION values (1444, '.', 49, 1482401.53, 5077971.21, 617.28);
insert into STATION values (1445, '.', 49, 1482402.85, 5077971.53, 617.28);
insert into STATION values (1446, '.', 49, 1482403.11, 5077972.00, 617.25);
insert into STATION values (1447, '.', 49, 1482403.30, 5077972.45, 617.30);
insert into STATION values (1448, '.', 49, 1482403.78, 5077972.78, 617.16);
insert into STATION values (1449, '.', 49, 1482404.11, 5077973.20, 616.81);
insert into STATION values (1450, '.', 49, 1482404.39, 5077973.61, 616.88);
insert into STATION values (1451, '.', 49, 1482404.44, 5077973.88, 616.86);
insert into STATION values (1452, '.', 49, 1482404.56, 5077974.09, 616.93);
insert into STATION values (1453, '93', 49, 1482402.27, 5077965.61, 617.59);
insert into STATION values (1454, '94', 49, 1482401.62, 5077965.74, 617.34);
insert into STATION values (1455, '.', 49, 1482400.15, 5077965.17, 616.58);
insert into STATION values (1456, '.', 49, 1482400.29, 5077965.17, 616.66);
insert into STATION values (1457, '.', 49, 1482400.46, 5077964.85, 616.70);
insert into STATION values (1458, '.', 49, 1482400.63, 5077965.40, 617.28);
insert into STATION values (1459, '.', 49, 1482401.09, 5077965.91, 617.30);
insert into STATION values (1460, '.', 49, 1482400.14, 5077965.20, 616.58);
insert into STATION values (1461, '.', 49, 1482400.05, 5077965.21, 616.65);
insert into STATION values (1462, '95', 49, 1482408.30, 5077963.13, 616.56);
insert into STATION values (1463, '.', 49, 1482408.53, 5077965.95, 616.51);
insert into STATION values (1464, '.', 49, 1482408.98, 5077969.20, 616.44);
insert into STATION values (1465, '.', 49, 1482409.21, 5077968.58, 616.40);
insert into STATION values (1466, '.', 49, 1482408.84, 5077969.57, 616.35);
insert into STATION values (1467, '.', 49, 1482409.09, 5077968.58, 616.38);
insert into STATION values (1468, '.', 49, 1482409.66, 5077968.19, 616.37);
insert into STATION values (1469, '.', 49, 1482409.17, 5077966.27, 616.28);
insert into STATION values (1470, '.', 49, 1482409.29, 5077966.14, 616.42);
insert into STATION values (1471, '.', 49, 1482409.48, 5077966.11, 616.42);
insert into STATION values (1472, '.', 49, 1482409.73, 5077966.18, 616.39);
insert into STATION values (1473, '.', 49, 1482411.15, 5077968.39, 616.54);
insert into STATION values (1474, '.', 49, 1482411.45, 5077968.50, 616.56);
insert into STATION values (1475, '.', 49, 1482411.75, 5077968.46, 616.66);
insert into STATION values (1476, '.', 49, 1482412.82, 5077969.26, 616.82);
insert into STATION values (1477, '.', 49, 1482413.36, 5077969.68, 616.76);
insert into STATION values (1478, '.', 49, 1482414.44, 5077970.56, 616.84);
insert into STATION values (1479, '.', 49, 1482411.78, 5077966.69, 616.77);
insert into STATION values (1480, '.', 49, 1482411.81, 5077966.46, 616.82);
insert into STATION values (1481, '.', 49, 1482412.03, 5077966.18, 616.81);
insert into STATION values (1482, '.', 49, 1482412.15, 5077965.75, 616.89);
insert into STATION values (1483, '.', 49, 1482412.94, 5077965.82, 617.07);
insert into STATION values (1484, '.', 49, 1482412.96, 5077965.27, 617.04);
insert into STATION values (1485, '.', 49, 1482413.12, 5077964.89, 617.02);
insert into STATION values (1486, '.', 49, 1482413.16, 5077964.42, 616.99);
insert into STATION values (1487, '.', 49, 1482413.13, 5077963.91, 616.87);
insert into STATION values (1488, '.', 49, 1482413.33, 5077963.38, 616.73);
insert into STATION values (1489, '.', 49, 1482414.46, 5077962.89, 616.77);
insert into STATION values (1490, '.', 49, 1482413.92, 5077962.58, 616.69);
insert into STATION values (1491, '.', 49, 1482414.23, 5077961.70, 616.62);
insert into STATION values (1492, '.', 49, 1482413.66, 5077961.34, 616.68);
insert into STATION values (1493, '.', 49, 1482413.47, 5077961.18, 616.74);
insert into STATION values (1494, '.', 49, 1482411.00, 5077962.03, 616.58);
insert into STATION values (1495, '.', 49, 1482410.60, 5077961.91, 616.52);
insert into STATION values (1496, '.', 49, 1482410.10, 5077961.88, 616.51);
insert into STATION values (1497, '.', 49, 1482409.71, 5077961.66, 616.39);
insert into STATION values (1498, '.', 49, 1482410.49, 5077960.70, 616.09);
insert into STATION values (1499, '.', 49, 1482410.55, 5077960.07, 616.23);
insert into STATION values (1500, '.', 49, 1482413.81, 5077954.62, 616.03);
insert into STATION values (1501, '.', 49, 1482413.05, 5077954.01, 615.69);
insert into STATION values (1502, '.', 49, 1482412.66, 5077953.63, 615.86);
insert into STATION values (1503, '.', 49, 1482412.23, 5077953.26, 616.06);
insert into STATION values (1504, '.', 49, 1482413.29, 5077949.35, 615.99);
insert into STATION values (1505, '.', 49, 1482412.86, 5077949.34, 615.87);
insert into STATION values (1506, '.', 49, 1482411.66, 5077949.35, 615.94);
insert into STATION values (1507, '.', 49, 1482410.83, 5077949.08, 615.98);
insert into STATION values (1508, '.', 49, 1482410.16, 5077949.05, 615.99);
insert into STATION values (1509, '.', 49, 1482409.36, 5077949.05, 615.89);
insert into STATION values (1510, '.', 49, 1482408.02, 5077948.43, 615.81);
insert into STATION values (1511, '.', 49, 1482406.82, 5077947.49, 615.93);
insert into STATION values (1512, '.', 49, 1482407.43, 5077958.18, 616.39);
insert into STATION values (1513, '.', 49, 1482407.24, 5077958.64, 616.23);
insert into STATION values (1514, '.', 49, 1482407.32, 5077960.27, 616.18);
insert into STATION values (1515, '.', 49, 1482407.07, 5077960.75, 616.22);
insert into STATION values (1516, '.', 49, 1482406.60, 5077961.38, 616.21);
insert into STATION values (1517, '.', 49, 1482406.75, 5077962.55, 616.32);
insert into STATION values (1518, '96', 49, 1482411.82, 5077952.94, 616.23);
insert into STATION values (1519, '97', 49, 1482401.21, 5077946.39, 615.76);
insert into STATION values (1520, '320', 49, 1482403.44, 5077937.64, 616.83);
insert into STATION values (1521, '.', 49, 1482404.63, 5077947.17, 616.65);
insert into STATION values (1522, '.', 49, 1482404.80, 5077946.84, 616.66);
insert into STATION values (1523, '.', 49, 1482405.08, 5077946.30, 616.70);
insert into STATION values (1524, '.', 49, 1482405.35, 5077945.64, 616.76);
insert into STATION values (1525, '.', 49, 1482405.10, 5077945.02, 616.65);
insert into STATION values (1526, '.', 49, 1482404.90, 5077944.02, 616.67);
insert into STATION values (1527, '.', 49, 1482404.94, 5077942.78, 616.77);
insert into STATION values (1528, '.', 49, 1482404.27, 5077941.86, 616.61);
insert into STATION values (1529, '.', 49, 1482404.19, 5077941.57, 616.72);
insert into STATION values (1530, '.', 49, 1482401.29, 5077941.60, 616.67);
insert into STATION values (1531, '.', 49, 1482400.88, 5077941.77, 616.63);
insert into STATION values (1532, '.', 49, 1482400.37, 5077941.76, 616.60);
insert into STATION values (1533, '.', 49, 1482399.74, 5077941.64, 616.60);
insert into STATION values (1534, '.', 49, 1482399.44, 5077941.65, 616.62);
insert into STATION values (1535, '.', 49, 1482400.01, 5077941.63, 616.65);
insert into STATION values (1536, '.', 49, 1482400.42, 5077941.83, 616.67);
insert into STATION values (1537, '.', 49, 1482404.70, 5077947.04, 616.61);
insert into STATION values (1538, '.', 49, 1482404.93, 5077946.70, 616.52);
insert into STATION values (1539, '.', 49, 1482405.31, 5077945.82, 616.74);
insert into STATION values (1540, '.', 49, 1482405.09, 5077945.09, 616.65);
insert into STATION values (1541, '.', 49, 1482404.81, 5077944.52, 616.64);
insert into STATION values (1542, '.', 49, 1482404.79, 5077943.90, 616.73);
insert into STATION values (1543, '98', 49, 1482416.61, 5077941.63, 616.24);
insert into STATION values (1544, '99', 49, 1482435.19, 5077951.35, 616.63);
insert into STATION values (1545, '100', 49, 1482441.88, 5077959.51, 616.99);
insert into STATION values (1546, '323', 49, 1482445.34, 5077960.14, 617.60);
insert into STATION values (1547, '101', 49, 1482450.22, 5077961.02, 617.28);
insert into STATION values (1548, '324', 49, 1482451.76, 5077957.40, 617.48);
insert into STATION values (1549, '102', 49, 1482463.60, 5077950.00, 617.54);
insert into STATION values (1550, '325', 49, 1482462.57, 5077946.18, 618.80);
insert into STATION values (1551, '103', 49, 1482459.63, 5077934.65, 620.23);
insert into STATION values (1552, '104', 49, 1482459.86, 5077921.42, 619.42);
insert into STATION values (1553, '105', 49, 1482459.98, 5077916.95, 619.83);
insert into STATION values (1554, '293', 49, 1482467.72, 5077917.41, 620.11);
insert into STATION values (1555, '106', 49, 1482471.03, 5077916.80, 619.56);
insert into STATION values (1556, '107', 49, 1482473.46, 5077902.68, 619.76);
insert into STATION values (1557, '239', 49, 1482471.42, 5077888.61, 620.58);
insert into STATION values (1558, '289', 53, 1482494.09, 5077865.88, 620.92);
insert into STATION values (1559, '288', 53, 1482499.97, 5077864.79, 621.75);
insert into STATION values (1560, '108', 53, 1482504.10, 5077867.31, 621.15);
insert into STATION values (1561, '501', 53, 1482513.87, 5077867.00, 622.11);
insert into STATION values (1562, '109', 53, 1482516.96, 5077869.92, 622.16);
insert into STATION values (1563, '503', 53, 1482520.40, 5077870.78, 622.38);
insert into STATION values (1564, '502', 53, 1482531.48, 5077864.17, 622.40);
insert into STATION values (1565, '110', 53, 1482541.45, 5077859.05, 621.93);
insert into STATION values (1566, '111', 53, 1482546.25, 5077854.57, 622.53);
insert into STATION values (1567, '112', 53, 1482553.14, 5077854.99, 622.93);
insert into STATION values (1568, '113', 53, 1482556.75, 5077851.11, 623.21);
insert into STATION values (1569, '114', 53, 1482561.76, 5077850.39, 622.93);
insert into STATION values (1570, '509', 53, 1482561.76, 5077847.61, 622.85);
insert into STATION values (1571, '515', 53, 1482569.11, 5077849.22, 623.26);
insert into STATION values (1572, '115', 53, 1482571.39, 5077850.83, 623.00);
insert into STATION values (1573, '116', 53, 1482573.62, 5077846.52, 623.63);
insert into STATION values (1574, '516', 53, 1482575.57, 5077848.27, 623.17);
insert into STATION values (1575, '520', 53, 1482577.99, 5077846.16, 623.93);
insert into STATION values (1576, '117', 53, 1482581.65, 5077847.56, 623.31);
insert into STATION values (1577, '118', 53, 1482587.79, 5077851.73, 623.60);
insert into STATION values (1578, '521', 53, 1482590.09, 5077849.76, 623.53);
insert into STATION values (1579, '119', 53, 1482594.24, 5077849.79, 623.27);
insert into STATION values (1580, '522', 53, 1482596.29, 5077847.47, 624.47);
insert into STATION values (1581, '523', 53, 1482599.85, 5077845.59, 624.05);
insert into STATION values (1582, '120', 53, 1482604.17, 5077843.15, 624.14);
insert into STATION values (1583, '524', 53, 1482605.39, 5077836.63, 624.03);
insert into STATION values (1584, '121', 53, 1482605.68, 5077838.92, 624.06);
insert into STATION values (1585, '.', 53, 1482605.57, 5077840.02, 624.46);
insert into STATION values (1586, '.', 53, 1482606.05, 5077840.26, 624.58);
insert into STATION values (1587, '.', 53, 1482606.56, 5077840.36, 624.74);
insert into STATION values (1588, '.', 53, 1482607.05, 5077840.33, 624.86);
insert into STATION values (1589, '.', 53, 1482607.71, 5077840.28, 624.82);
insert into STATION values (1590, '.', 53, 1482607.74, 5077839.82, 625.00);
insert into STATION values (1591, '.', 53, 1482607.71, 5077839.42, 625.10);
insert into STATION values (1592, '.', 53, 1482608.14, 5077838.87, 625.04);
insert into STATION values (1593, '.', 53, 1482608.26, 5077838.32, 625.01);
insert into STATION values (1594, '.', 53, 1482608.66, 5077837.73, 624.92);
insert into STATION values (1595, '.', 53, 1482608.23, 5077837.16, 624.91);
insert into STATION values (1596, '.', 53, 1482608.40, 5077836.94, 624.87);
insert into STATION values (1597, '.', 53, 1482608.06, 5077836.45, 624.69);
insert into STATION values (1598, '.', 53, 1482607.42, 5077836.59, 624.65);
insert into STATION values (1599, '.', 53, 1482607.01, 5077836.78, 624.52);
insert into STATION values (1600, '.', 53, 1482606.42, 5077837.23, 624.44);
insert into STATION values (1601, '.', 53, 1482605.92, 5077837.22, 624.42);
insert into STATION values (1602, '.', 53, 1482606.21, 5077837.20, 624.51);
insert into STATION values (1603, '.', 53, 1482606.32, 5077837.13, 624.22);
insert into STATION values (1604, '.', 53, 1482606.09, 5077837.10, 624.07);
insert into STATION values (1605, '.', 53, 1482605.18, 5077836.69, 624.27);
insert into STATION values (1606, '.', 53, 1482605.03, 5077836.69, 624.14);
insert into STATION values (1607, '.', 53, 1482604.88, 5077836.68, 624.26);
insert into STATION values (1608, '.', 53, 1482604.30, 5077836.74, 624.20);
insert into STATION values (1609, '.', 53, 1482603.91, 5077836.70, 624.16);
insert into STATION values (1610, '.', 53, 1482603.60, 5077836.87, 624.29);
insert into STATION values (1611, '.', 53, 1482602.38, 5077836.00, 624.41);
insert into STATION values (1612, '.', 53, 1482601.97, 5077836.00, 624.72);
insert into STATION values (1613, '.', 53, 1482601.74, 5077835.97, 624.72);
insert into STATION values (1614, '.', 53, 1482603.71, 5077837.58, 624.40);
insert into STATION values (1615, '.', 53, 1482604.47, 5077838.32, 624.33);
insert into STATION values (1616, '.', 53, 1482604.68, 5077838.57, 624.29);
insert into STATION values (1617, '.', 53, 1482604.76, 5077838.81, 624.28);
insert into STATION values (1618, '.', 53, 1482604.80, 5077839.02, 624.27);
insert into STATION values (1619, '.', 53, 1482605.75, 5077838.12, 623.49);
insert into STATION values (1620, '122', 53, 1482605.78, 5077838.12, 623.48);
insert into STATION values (1621, '123', 53, 1482603.07, 5077837.13, 624.43);
insert into STATION values (1622, '.', 53, 1482603.82, 5077837.06, 624.53);
insert into STATION values (1623, '.', 53, 1482603.59, 5077836.95, 624.48);
insert into STATION values (1624, '.', 53, 1482603.38, 5077836.76, 624.46);
insert into STATION values (1625, '.', 53, 1482603.11, 5077836.61, 624.47);
insert into STATION values (1626, '.', 53, 1482602.78, 5077836.49, 624.48);
insert into STATION values (1627, '.', 53, 1482602.06, 5077836.20, 624.51);
insert into STATION values (1628, '.', 53, 1482601.46, 5077836.11, 624.63);
insert into STATION values (1629, '.', 53, 1482601.21, 5077836.16, 624.56);
insert into STATION values (1630, '124', 53, 1482602.00, 5077836.38, 623.94);
insert into STATION values (1631, '125', 53, 1482600.30, 5077836.09, 624.11);
insert into STATION values (1632, '.', 53, 1482601.83, 5077836.87, 624.12);
insert into STATION values (1633, '.', 53, 1482601.19, 5077836.74, 624.17);
insert into STATION values (1634, '.', 53, 1482600.57, 5077836.55, 624.17);
insert into STATION values (1635, '.', 53, 1482600.29, 5077836.49, 624.21);
insert into STATION values (1636, '.', 53, 1482600.09, 5077836.55, 624.21);
insert into STATION values (1637, '.', 53, 1482600.07, 5077836.58, 624.32);
insert into STATION values (1638, '.', 53, 1482599.60, 5077836.45, 624.25);
insert into STATION values (1639, '.', 53, 1482599.11, 5077836.10, 624.28);
insert into STATION values (1640, '.', 53, 1482598.86, 5077835.76, 624.20);
insert into STATION values (1641, '.', 53, 1482597.57, 5077835.08, 624.20);
insert into STATION values (1642, '.', 53, 1482597.44, 5077834.86, 624.15);
insert into STATION values (1643, '.', 53, 1482598.32, 5077835.13, 624.15);
insert into STATION values (1644, '.', 53, 1482598.45, 5077834.98, 624.28);
insert into STATION values (1645, '.', 53, 1482600.25, 5077836.32, 622.86);
insert into STATION values (1646, '.', 53, 1482601.19, 5077836.72, 623.26);
insert into STATION values (1647, '.', 53, 1482600.74, 5077836.53, 623.00);
insert into STATION values (1648, '.', 53, 1482600.37, 5077836.25, 622.89);
insert into STATION values (1649, '.', 53, 1482599.93, 5077835.91, 622.77);
insert into STATION values (1650, '.', 53, 1482599.38, 5077835.54, 622.77);
insert into STATION values (1651, '.', 53, 1482598.41, 5077835.21, 623.61);
insert into STATION values (1652, '.', 53, 1482598.43, 5077835.16, 623.90);
insert into STATION values (1653, '.', 53, 1482598.39, 5077835.10, 624.31);
insert into STATION values (1654, '.', 53, 1482598.53, 5077835.09, 624.58);
insert into STATION values (1655, '.', 53, 1482599.04, 5077835.44, 624.86);
insert into STATION values (1656, '.', 53, 1482599.43, 5077835.79, 624.84);
insert into STATION values (1657, '.', 53, 1482599.58, 5077835.89, 624.89);
insert into STATION values (1658, '.', 53, 1482599.92, 5077836.00, 624.81);
insert into STATION values (1659, '.', 53, 1482600.24, 5077836.07, 624.82);
insert into STATION values (1660, '.', 53, 1482600.61, 5077836.28, 624.77);
insert into STATION values (1661, '.', 53, 1482601.07, 5077836.50, 624.87);
insert into STATION values (1662, '.', 53, 1482602.66, 5077836.91, 625.20);
insert into STATION values (1663, '.', 53, 1482603.51, 5077837.17, 624.97);
insert into STATION values (1664, '.', 53, 1482605.87, 5077838.14, 624.85);
insert into STATION values (1665, '.', 53, 1482608.03, 5077839.17, 624.53);
insert into STATION values (1666, '.', 53, 1482607.31, 5077839.02, 623.86);
insert into STATION values (1667, '.', 53, 1482607.24, 5077839.10, 623.41);
insert into STATION values (1668, '.', 53, 1482602.74, 5077837.17, 623.76);
insert into STATION values (1669, '.', 53, 1482602.35, 5077836.90, 623.51);
insert into STATION values (1670, '.', 53, 1482601.85, 5077836.75, 623.49);
insert into STATION values (1671, '.', 53, 1482601.06, 5077836.57, 623.21);
insert into STATION values (1672, '126', 53, 1482598.31, 5077835.17, 624.32);
insert into STATION values (1673, '.', 53, 1482597.22, 5077834.57, 624.29);
insert into STATION values (1674, '.', 53, 1482597.51, 5077834.94, 624.27);
insert into STATION values (1675, '.', 53, 1482597.63, 5077835.25, 624.26);
insert into STATION values (1676, '.', 53, 1482597.87, 5077835.49, 624.29);
insert into STATION values (1677, '.', 53, 1482598.17, 5077835.52, 624.34);
insert into STATION values (1678, '.', 53, 1482598.50, 5077835.54, 624.41);
insert into STATION values (1679, '.', 53, 1482598.85, 5077835.70, 624.45);
insert into STATION values (1680, '.', 53, 1482598.83, 5077835.70, 624.41);
insert into STATION values (1681, '.', 53, 1482600.11, 5077836.58, 624.55);
insert into STATION values (1682, '.', 53, 1482600.80, 5077836.67, 624.56);
insert into STATION values (1683, '.', 53, 1482601.27, 5077836.79, 624.48);
insert into STATION values (1684, '.', 53, 1482599.71, 5077835.63, 624.29);
insert into STATION values (1685, '.', 53, 1482600.52, 5077836.01, 624.29);
insert into STATION values (1686, '.', 53, 1482599.47, 5077835.45, 624.51);
insert into STATION values (1687, '.', 53, 1482599.32, 5077835.29, 624.42);
insert into STATION values (1688, '.', 53, 1482599.32, 5077835.29, 624.38);
insert into STATION values (1689, '.', 53, 1482599.33, 5077835.10, 624.42);
insert into STATION values (1690, '.', 53, 1482599.27, 5077834.85, 624.44);
insert into STATION values (1691, '.', 53, 1482598.87, 5077834.81, 624.43);
insert into STATION values (1692, '.', 53, 1482597.89, 5077835.00, 624.55);
insert into STATION values (1693, '.', 53, 1482597.35, 5077834.71, 624.15);
insert into STATION values (1694, '.', 53, 1482598.10, 5077835.06, 624.18);
insert into STATION values (1695, '.', 53, 1482597.59, 5077834.90, 623.63);
insert into STATION values (1696, '.', 53, 1482597.68, 5077834.98, 623.35);
insert into STATION values (1697, '.', 53, 1482598.00, 5077835.11, 623.74);
insert into STATION values (1698, '.', 53, 1482598.08, 5077835.17, 623.61);
insert into STATION values (1699, '.', 53, 1482598.14, 5077835.38, 622.87);
insert into STATION values (1700, '.', 53, 1482598.42, 5077835.34, 623.13);
insert into STATION values (1701, '.', 53, 1482598.73, 5077835.30, 622.55);
insert into STATION values (1702, '.', 53, 1482598.88, 5077835.34, 622.85);
insert into STATION values (1703, '.', 53, 1482599.47, 5077835.79, 622.27);
insert into STATION values (1704, '.', 53, 1482599.81, 5077836.00, 621.77);
insert into STATION values (1705, '.', 53, 1482599.91, 5077836.10, 621.78);
insert into STATION values (1706, '.', 53, 1482600.06, 5077836.25, 621.81);
insert into STATION values (1707, '.', 53, 1482599.85, 5077836.17, 622.54);
insert into STATION values (1708, '.', 53, 1482600.24, 5077836.47, 622.58);
insert into STATION values (1709, '.', 53, 1482600.48, 5077836.50, 622.90);
insert into STATION values (1710, '.', 53, 1482598.52, 5077835.29, 624.21);
insert into STATION values (1711, '.', 53, 1482601.16, 5077836.64, 623.21);
insert into STATION values (1712, '.', 53, 1482601.82, 5077836.86, 623.48);
insert into STATION values (1713, '.', 53, 1482609.28, 5077840.19, 622.52);
insert into STATION values (1714, '.', 53, 1482607.37, 5077839.26, 623.46);
insert into STATION values (1715, '.', 53, 1482607.90, 5077839.30, 624.20);
insert into STATION values (1716, '.', 53, 1482608.04, 5077839.20, 624.49);
insert into STATION values (1717, '.', 53, 1482608.04, 5077839.22, 624.82);
insert into STATION values (1718, '.', 53, 1482602.21, 5077836.86, 624.72);
insert into STATION values (1719, '.', 53, 1482600.55, 5077836.28, 624.70);
insert into STATION values (1720, '.', 53, 1482599.70, 5077835.97, 624.75);
insert into STATION values (1721, '.', 53, 1482599.21, 5077835.81, 624.81);
insert into STATION values (1722, '.', 53, 1482599.17, 5077835.62, 624.83);
insert into STATION values (1723, '.', 53, 1482602.17, 5077836.83, 624.62);
insert into STATION values (1724, '.', 53, 1482601.66, 5077836.82, 624.65);
insert into STATION values (1725, '.', 53, 1482600.01, 5077836.61, 624.75);
insert into STATION values (1726, '.', 53, 1482600.22, 5077836.86, 624.66);
insert into STATION values (1727, '.', 53, 1482600.58, 5077837.11, 624.62);
insert into STATION values (1728, '.', 53, 1482600.66, 5077837.17, 624.59);
insert into STATION values (1729, '.', 53, 1482601.56, 5077837.21, 624.55);
insert into STATION values (1730, '.', 53, 1482601.78, 5077837.29, 624.58);
insert into STATION values (1731, '.', 53, 1482602.07, 5077837.37, 624.58);
insert into STATION values (1732, '.', 53, 1482602.19, 5077837.44, 624.57);
insert into STATION values (1733, '.', 53, 1482602.52, 5077837.43, 624.53);
insert into STATION values (1734, '.', 53, 1482602.67, 5077837.48, 624.53);
insert into STATION values (1735, '.', 53, 1482602.75, 5077837.55, 624.52);
insert into STATION values (1736, '.', 53, 1482602.95, 5077837.53, 624.51);
insert into STATION values (1737, '.', 53, 1482603.06, 5077837.60, 624.54);
insert into STATION values (1738, '.', 53, 1482603.28, 5077837.71, 624.57);
insert into STATION values (1739, '.', 53, 1482603.09, 5077837.62, 624.54);
insert into STATION values (1740, '.', 53, 1482603.30, 5077837.71, 624.54);
insert into STATION values (1741, '.', 53, 1482603.39, 5077837.72, 624.54);
insert into STATION values (1742, '.', 53, 1482603.88, 5077838.34, 624.64);
insert into STATION values (1743, '.', 53, 1482603.96, 5077838.33, 624.59);
insert into STATION values (1744, '.', 53, 1482604.76, 5077839.11, 624.50);
insert into STATION values (1745, '.', 53, 1482604.80, 5077839.12, 624.23);
insert into STATION values (1746, '.', 53, 1482604.99, 5077839.04, 624.18);
insert into STATION values (1747, '.', 53, 1482605.07, 5077839.00, 624.17);
insert into STATION values (1748, '.', 53, 1482606.24, 5077839.87, 623.98);
insert into STATION values (1749, '529', 53, 1482604.01, 5077826.55, 623.60);
insert into STATION values (1750, '.', 53, 1482602.76, 5077824.58, 623.70);
insert into STATION values (1751, '.', 53, 1482602.54, 5077824.99, 623.62);
insert into STATION values (1752, '.', 53, 1482602.48, 5077825.71, 623.54);
insert into STATION values (1753, '.', 53, 1482602.56, 5077825.94, 623.46);
insert into STATION values (1754, '.', 53, 1482602.26, 5077826.73, 623.48);
insert into STATION values (1755, '.', 53, 1482602.27, 5077826.77, 623.52);
insert into STATION values (1756, '.', 53, 1482602.16, 5077827.26, 623.51);
insert into STATION values (1757, '.', 53, 1482602.12, 5077827.95, 623.48);
insert into STATION values (1758, '.', 53, 1482602.20, 5077828.60, 623.66);
insert into STATION values (1759, '.', 53, 1482602.15, 5077829.00, 623.77);
insert into STATION values (1760, '.', 53, 1482601.26, 5077830.61, 623.87);
insert into STATION values (1761, '.', 53, 1482601.11, 5077831.47, 623.86);
insert into STATION values (1762, '.', 53, 1482601.28, 5077831.73, 623.85);
insert into STATION values (1763, '.', 53, 1482601.02, 5077832.49, 623.88);
insert into STATION values (1764, '.', 53, 1482601.21, 5077832.99, 623.85);
insert into STATION values (1765, '.', 53, 1482601.10, 5077834.51, 623.76);
insert into STATION values (1766, '.', 53, 1482601.40, 5077834.83, 623.80);
insert into STATION values (1767, '.', 53, 1482601.94, 5077835.06, 623.69);
insert into STATION values (1768, '.', 53, 1482602.40, 5077835.18, 623.68);
insert into STATION values (1769, '.', 53, 1482602.97, 5077832.63, 623.70);
insert into STATION values (1770, '.', 53, 1482603.15, 5077832.54, 623.71);
insert into STATION values (1771, '.', 53, 1482603.26, 5077832.55, 623.61);
insert into STATION values (1772, '.', 53, 1482603.11, 5077835.40, 623.69);
insert into STATION values (1773, '.', 53, 1482603.53, 5077835.40, 623.68);
insert into STATION values (1774, '.', 53, 1482603.93, 5077835.35, 623.74);
insert into STATION values (1775, '.', 53, 1482604.32, 5077835.31, 623.72);
insert into STATION values (1776, '.', 53, 1482604.59, 5077835.96, 623.78);
insert into STATION values (1777, '.', 53, 1482604.85, 5077836.33, 624.08);
insert into STATION values (1778, '.', 53, 1482606.58, 5077837.48, 624.01);
insert into STATION values (1779, '.', 53, 1482604.88, 5077830.04, 623.71);
insert into STATION values (1780, '.', 53, 1482604.91, 5077829.91, 623.74);
insert into STATION values (1781, '.', 53, 1482604.75, 5077828.93, 623.78);
insert into STATION values (1782, '.', 53, 1482604.82, 5077828.91, 623.90);
insert into STATION values (1783, '127', 53, 1482602.21, 5077828.67, 623.62);
insert into STATION values (1784, '.', 53, 1482601.18, 5077834.60, 623.94);
insert into STATION values (1785, '.', 53, 1482602.02, 5077835.07, 623.73);
insert into STATION values (1786, '.', 53, 1482602.75, 5077835.41, 623.70);
insert into STATION values (1787, '.', 53, 1482603.12, 5077835.47, 623.80);
insert into STATION values (1788, '.', 53, 1482602.91, 5077833.13, 623.69);
insert into STATION values (1789, '.', 53, 1482603.01, 5077832.60, 623.72);
insert into STATION values (1790, '.', 53, 1482603.18, 5077832.60, 623.72);
insert into STATION values (1791, '.', 53, 1482604.14, 5077835.36, 623.83);
insert into STATION values (1792, '.', 53, 1482604.30, 5077835.30, 624.02);
insert into STATION values (1793, '.', 53, 1482604.73, 5077836.11, 624.09);
insert into STATION values (1794, '.', 53, 1482606.62, 5077837.51, 624.10);
insert into STATION values (1795, '.', 53, 1482607.31, 5077837.09, 624.14);
insert into STATION values (1796, '.', 53, 1482607.72, 5077836.90, 624.12);
insert into STATION values (1797, '.', 53, 1482607.19, 5077835.52, 624.17);
insert into STATION values (1798, '.', 53, 1482607.94, 5077835.62, 624.19);
insert into STATION values (1799, '.', 53, 1482606.58, 5077833.51, 623.92);
insert into STATION values (1800, '.', 53, 1482607.01, 5077833.21, 623.99);
insert into STATION values (1801, '.', 53, 1482606.96, 5077832.70, 623.95);
insert into STATION values (1802, '.', 53, 1482606.24, 5077831.73, 623.92);
insert into STATION values (1803, '.', 53, 1482605.85, 5077831.21, 623.89);
insert into STATION values (1804, '.', 53, 1482605.58, 5077830.72, 623.86);
insert into STATION values (1805, '.', 53, 1482604.91, 5077830.07, 623.82);
insert into STATION values (1806, '.', 53, 1482605.04, 5077829.68, 623.82);
insert into STATION values (1807, '.', 53, 1482604.79, 5077829.12, 623.85);
insert into STATION values (1808, '.', 53, 1482605.16, 5077829.42, 624.10);
insert into STATION values (1809, '.', 53, 1482604.70, 5077829.06, 624.04);
insert into STATION values (1810, '.', 53, 1482604.68, 5077828.74, 623.97);
insert into STATION values (1811, '.', 53, 1482604.71, 5077828.28, 623.94);
insert into STATION values (1812, '.', 53, 1482604.57, 5077827.92, 623.84);
insert into STATION values (1813, '.', 53, 1482604.53, 5077827.49, 623.82);
insert into STATION values (1814, '.', 53, 1482604.21, 5077827.15, 623.81);
insert into STATION values (1815, '.', 53, 1482604.14, 5077826.76, 623.80);
insert into STATION values (1816, '.', 53, 1482603.99, 5077826.41, 623.71);
insert into STATION values (1817, '.', 53, 1482604.02, 5077826.44, 623.79);
insert into STATION values (1818, '.', 53, 1482603.84, 5077825.69, 623.75);
insert into STATION values (1819, '.', 53, 1482604.37, 5077824.19, 623.61);
insert into STATION values (1820, '128', 53, 1482604.20, 5077824.06, 623.67);
insert into STATION values (1821, '.', 53, 1482606.21, 5077820.09, 623.69);
insert into STATION values (1822, '.', 53, 1482605.40, 5077821.24, 623.75);
insert into STATION values (1823, '.', 53, 1482605.11, 5077821.26, 623.72);
insert into STATION values (1824, '.', 53, 1482604.99, 5077821.17, 623.76);
insert into STATION values (1825, '.', 53, 1482605.14, 5077820.14, 623.69);
insert into STATION values (1826, '.', 53, 1482605.18, 5077819.06, 623.87);
insert into STATION values (1827, '.', 53, 1482604.89, 5077819.03, 623.77);
insert into STATION values (1828, '.', 53, 1482604.24, 5077816.72, 624.03);
insert into STATION values (1829, '.', 53, 1482603.80, 5077817.03, 623.86);
insert into STATION values (1830, '.', 53, 1482603.44, 5077817.01, 623.92);
insert into STATION values (1831, '.', 53, 1482603.67, 5077820.32, 623.67);
insert into STATION values (1832, '.', 53, 1482603.30, 5077820.54, 623.69);
insert into STATION values (1833, '.', 53, 1482603.02, 5077820.60, 623.67);
insert into STATION values (1834, '.', 53, 1482602.94, 5077821.20, 623.66);
insert into STATION values (1835, '.', 53, 1482602.68, 5077821.76, 623.56);
insert into STATION values (1836, '.', 53, 1482602.59, 5077822.08, 623.60);
insert into STATION values (1837, '.', 53, 1482602.62, 5077822.36, 623.67);
insert into STATION values (1838, '.', 53, 1482602.85, 5077822.92, 623.68);
insert into STATION values (1839, '.', 53, 1482602.68, 5077822.90, 623.71);
insert into STATION values (1840, '.', 53, 1482601.98, 5077822.65, 623.76);
insert into STATION values (1841, '.', 53, 1482600.22, 5077821.82, 624.15);
insert into STATION values (1842, '.', 53, 1482597.52, 5077820.62, 624.52);
insert into STATION values (1843, '.', 53, 1482598.02, 5077821.08, 624.39);
insert into STATION values (1844, '.', 53, 1482599.55, 5077821.93, 624.17);
insert into STATION values (1845, '.', 53, 1482602.71, 5077823.45, 623.81);
insert into STATION values (1846, '.', 53, 1482601.21, 5077823.27, 623.72);
insert into STATION values (1847, '.', 53, 1482602.66, 5077823.90, 623.60);
insert into STATION values (1848, '.', 53, 1482602.74, 5077824.12, 623.58);
insert into STATION values (1849, '.', 53, 1482602.70, 5077824.37, 623.63);
insert into STATION values (1850, '.', 53, 1482602.38, 5077824.40, 623.45);
insert into STATION values (1851, '.', 53, 1482602.71, 5077824.36, 623.60);
insert into STATION values (1852, '.', 53, 1482602.44, 5077824.82, 623.56);
insert into STATION values (1853, '.', 53, 1482602.35, 5077825.10, 623.54);
insert into STATION values (1854, '.', 53, 1482601.89, 5077825.62, 623.64);
insert into STATION values (1855, '.', 53, 1482601.86, 5077826.19, 623.63);
insert into STATION values (1856, '.', 53, 1482601.74, 5077826.69, 623.66);
insert into STATION values (1857, '.', 53, 1482601.92, 5077827.10, 623.63);
insert into STATION values (1858, '.', 53, 1482601.88, 5077827.70, 623.61);
insert into STATION values (1859, '.', 53, 1482601.98, 5077828.27, 623.54);
insert into STATION values (1860, '.', 53, 1482602.00, 5077828.41, 623.51);
insert into STATION values (1861, '.', 53, 1482600.80, 5077831.64, 623.50);
insert into STATION values (1862, '.', 53, 1482600.68, 5077832.27, 623.50);
insert into STATION values (1863, '.', 53, 1482600.74, 5077832.55, 623.50);
insert into STATION values (1864, '.', 53, 1482600.55, 5077833.67, 623.57);
insert into STATION values (1865, '129', 53, 1482603.71, 5077820.42, 623.05);
insert into STATION values (1866, '.', 53, 1482605.18, 5077819.17, 623.81);
insert into STATION values (1867, '.', 53, 1482604.86, 5077819.05, 623.81);
insert into STATION values (1868, '.', 53, 1482605.01, 5077818.20, 623.96);
insert into STATION values (1869, '.', 53, 1482604.94, 5077817.52, 623.99);
insert into STATION values (1870, '.', 53, 1482604.81, 5077816.70, 624.12);
insert into STATION values (1871, '.', 53, 1482604.57, 5077816.20, 624.22);
insert into STATION values (1872, '.', 53, 1482604.34, 5077815.88, 624.33);
insert into STATION values (1873, '.', 53, 1482603.93, 5077816.33, 624.19);
insert into STATION values (1874, '.', 53, 1482603.59, 5077816.86, 624.02);
insert into STATION values (1875, '.', 53, 1482603.33, 5077817.08, 623.92);
insert into STATION values (1876, '.', 53, 1482603.20, 5077818.20, 623.79);
insert into STATION values (1877, '.', 53, 1482603.24, 5077819.05, 623.56);
insert into STATION values (1878, '.', 53, 1482605.23, 5077819.58, 623.71);
insert into STATION values (1879, '.', 53, 1482605.05, 5077820.08, 623.60);
insert into STATION values (1880, '.', 53, 1482605.10, 5077820.45, 623.53);
insert into STATION values (1881, '.', 53, 1482605.06, 5077820.80, 623.57);
insert into STATION values (1882, '.', 53, 1482604.98, 5077821.06, 623.55);
insert into STATION values (1883, '.', 53, 1482604.88, 5077821.24, 623.68);
insert into STATION values (1884, '.', 53, 1482606.09, 5077822.24, 623.83);
insert into STATION values (1885, '.', 53, 1482605.86, 5077822.41, 623.89);
insert into STATION values (1886, '.', 53, 1482605.79, 5077822.65, 623.87);
insert into STATION values (1887, '.', 53, 1482605.88, 5077823.00, 623.81);
insert into STATION values (1888, '.', 53, 1482605.68, 5077823.09, 623.75);
insert into STATION values (1889, '.', 53, 1482605.99, 5077823.96, 623.80);
insert into STATION values (1890, '.', 53, 1482605.77, 5077824.15, 623.84);
insert into STATION values (1891, '.', 53, 1482605.18, 5077823.62, 623.75);
insert into STATION values (1892, '.', 53, 1482603.77, 5077820.57, 623.08);
insert into STATION values (1893, '.', 53, 1482605.11, 5077823.52, 623.78);
insert into STATION values (1894, '.', 53, 1482605.02, 5077823.50, 623.67);
insert into STATION values (1895, '.', 53, 1482604.73, 5077823.52, 623.63);
insert into STATION values (1896, '.', 53, 1482604.67, 5077823.78, 623.65);
insert into STATION values (1897, '.', 53, 1482604.35, 5077823.89, 623.74);
insert into STATION values (1898, '.', 53, 1482604.19, 5077824.04, 623.73);
insert into STATION values (1899, '.', 53, 1482604.09, 5077824.88, 623.80);
insert into STATION values (1900, '.', 53, 1482603.86, 5077825.22, 623.64);
insert into STATION values (1901, '.', 53, 1482603.73, 5077825.27, 623.73);
insert into STATION values (1902, '.', 53, 1482603.51, 5077831.83, 623.89);
insert into STATION values (1903, '130', 53, 1482603.95, 5077823.64, 622.90);
insert into STATION values (1904, '.', 53, 1482602.02, 5077827.34, 623.67);
insert into STATION values (1905, '.', 53, 1482601.97, 5077826.95, 623.62);
insert into STATION values (1906, '.', 53, 1482601.90, 5077826.41, 623.70);
insert into STATION values (1907, '.', 53, 1482602.26, 5077825.41, 623.58);
insert into STATION values (1908, '.', 53, 1482602.48, 5077824.88, 623.50);
insert into STATION values (1909, '.', 53, 1482602.70, 5077824.45, 623.56);
insert into STATION values (1910, '.', 53, 1482602.69, 5077824.05, 623.57);
insert into STATION values (1911, '.', 53, 1482601.94, 5077823.61, 623.56);
insert into STATION values (1912, '.', 53, 1482601.33, 5077823.21, 623.70);
insert into STATION values (1913, '.', 53, 1482602.40, 5077822.94, 623.72);
insert into STATION values (1914, '.', 53, 1482602.81, 5077823.00, 623.65);
insert into STATION values (1915, '.', 53, 1482602.41, 5077822.52, 623.68);
insert into STATION values (1916, '.', 53, 1482602.55, 5077822.14, 623.65);
insert into STATION values (1917, '.', 53, 1482602.64, 5077821.86, 623.69);
insert into STATION values (1918, '.', 53, 1482602.79, 5077821.53, 623.65);
insert into STATION values (1919, '.', 53, 1482602.89, 5077820.88, 623.74);
insert into STATION values (1920, '.', 53, 1482603.29, 5077820.57, 623.69);
insert into STATION values (1921, '.', 53, 1482603.58, 5077820.44, 623.60);
insert into STATION values (1922, '.', 53, 1482605.18, 5077819.12, 623.84);
insert into STATION values (1923, '.', 53, 1482605.29, 5077819.61, 623.95);
insert into STATION values (1924, '.', 53, 1482605.00, 5077821.18, 623.71);
insert into STATION values (1925, '.', 53, 1482605.23, 5077821.41, 623.79);
insert into STATION values (1926, '.', 53, 1482607.13, 5077819.02, 624.10);
insert into STATION values (1927, '.', 53, 1482607.63, 5077818.91, 623.89);
insert into STATION values (1928, '.', 53, 1482607.88, 5077819.27, 623.92);
insert into STATION values (1929, '.', 53, 1482608.09, 5077819.52, 624.02);
insert into STATION values (1930, '.', 53, 1482608.44, 5077819.61, 624.18);
insert into STATION values (1931, '.', 53, 1482607.29, 5077821.11, 624.09);
insert into STATION values (1932, '.', 53, 1482606.29, 5077822.11, 623.79);
insert into STATION values (1933, '.', 53, 1482605.97, 5077822.59, 623.70);
insert into STATION values (1934, '131', 53, 1482602.80, 5077823.04, 623.64);
insert into STATION values (1935, '.', 53, 1482605.85, 5077837.68, 623.87);
insert into STATION values (1936, '.', 53, 1482603.53, 5077826.29, 623.67);
insert into STATION values (1937, '.', 53, 1482603.48, 5077825.98, 623.67);
insert into STATION values (1938, '.', 53, 1482603.60, 5077825.60, 623.68);
insert into STATION values (1939, '.', 53, 1482603.73, 5077825.35, 623.65);
insert into STATION values (1940, '.', 53, 1482604.04, 5077825.29, 623.62);
insert into STATION values (1941, '.', 53, 1482604.16, 5077825.09, 623.69);
insert into STATION values (1942, '.', 53, 1482604.00, 5077824.54, 623.68);
insert into STATION values (1943, '.', 53, 1482604.05, 5077824.41, 623.72);
insert into STATION values (1944, '.', 53, 1482604.09, 5077824.25, 623.68);
insert into STATION values (1945, '.', 53, 1482604.26, 5077824.10, 623.70);
insert into STATION values (1946, '.', 53, 1482604.56, 5077823.99, 623.70);
insert into STATION values (1947, '.', 53, 1482604.76, 5077823.82, 623.67);
insert into STATION values (1948, '.', 53, 1482604.72, 5077823.68, 623.67);
insert into STATION values (1949, '.', 53, 1482606.51, 5077823.83, 623.74);
insert into STATION values (1950, '.', 53, 1482605.83, 5077823.53, 623.77);
insert into STATION values (1951, '.', 53, 1482605.75, 5077823.37, 623.78);
insert into STATION values (1952, '.', 53, 1482605.92, 5077823.26, 623.80);
insert into STATION values (1953, '.', 53, 1482606.03, 5077823.06, 623.77);
insert into STATION values (1954, '.', 53, 1482605.84, 5077822.91, 623.76);
insert into STATION values (1955, '.', 53, 1482605.94, 5077822.62, 623.79);
insert into STATION values (1956, '.', 53, 1482606.14, 5077822.34, 623.87);
insert into STATION values (1957, '.', 53, 1482606.35, 5077822.03, 623.90);
insert into STATION values (1958, '.', 53, 1482607.51, 5077821.51, 624.12);
insert into STATION values (1959, '.', 53, 1482607.68, 5077821.24, 624.06);
insert into STATION values (1960, '.', 53, 1482610.21, 5077819.92, 624.16);
insert into STATION values (1961, '.', 53, 1482608.16, 5077819.59, 624.05);
insert into STATION values (1962, '.', 53, 1482605.13, 5077821.44, 623.83);
insert into STATION values (1963, '.', 53, 1482604.94, 5077821.32, 623.84);
insert into STATION values (1964, '.', 53, 1482604.88, 5077821.09, 623.85);
insert into STATION values (1965, '.', 53, 1482605.09, 5077820.58, 623.89);
insert into STATION values (1966, '.', 53, 1482605.34, 5077819.92, 623.92);
insert into STATION values (1967, '.', 53, 1482605.17, 5077819.49, 623.91);
insert into STATION values (1968, '.', 53, 1482604.91, 5077819.08, 623.95);
insert into STATION values (1969, '.', 53, 1482604.65, 5077818.83, 623.77);
insert into STATION values (1970, '.', 53, 1482604.68, 5077817.15, 624.01);
insert into STATION values (1971, '.', 53, 1482604.41, 5077816.63, 624.11);
insert into STATION values (1972, '.', 53, 1482603.92, 5077816.77, 624.09);
insert into STATION values (1973, '.', 53, 1482602.87, 5077820.77, 623.78);
insert into STATION values (1974, '.', 53, 1482602.63, 5077821.17, 623.81);
insert into STATION values (1975, '.', 53, 1482602.55, 5077821.87, 623.75);
insert into STATION values (1976, '.', 53, 1482602.49, 5077822.22, 623.75);
insert into STATION values (1977, '132', 53, 1482604.17, 5077823.64, 624.23);
insert into STATION values (1978, '.', 53, 1482604.61, 5077824.07, 624.33);
insert into STATION values (1979, '.', 53, 1482606.68, 5077825.96, 625.08);
insert into STATION values (1980, '.', 53, 1482606.55, 5077825.81, 625.23);
insert into STATION values (1981, '.', 53, 1482606.12, 5077825.33, 625.63);
insert into STATION values (1982, '.', 53, 1482606.07, 5077825.29, 625.99);
insert into STATION values (1983, '.', 53, 1482605.95, 5077825.20, 626.33);
insert into STATION values (1984, '.', 53, 1482605.87, 5077825.19, 626.56);
insert into STATION values (1985, '.', 53, 1482605.51, 5077825.00, 626.67);
insert into STATION values (1986, '.', 53, 1482605.24, 5077824.79, 626.68);
insert into STATION values (1987, '.', 53, 1482605.02, 5077824.74, 626.82);
insert into STATION values (1988, '.', 53, 1482605.19, 5077825.10, 627.75);
insert into STATION values (1989, '.', 53, 1482604.88, 5077824.89, 627.83);
insert into STATION values (1990, '.', 53, 1482604.60, 5077824.61, 627.50);
insert into STATION values (1991, '.', 53, 1482604.31, 5077824.17, 627.52);
insert into STATION values (1992, '.', 53, 1482604.09, 5077823.90, 627.51);
insert into STATION values (1993, '.', 53, 1482603.82, 5077823.82, 629.10);
insert into STATION values (1994, '.', 53, 1482603.67, 5077823.51, 629.18);
insert into STATION values (1995, '.', 53, 1482603.80, 5077823.34, 627.51);
insert into STATION values (1996, '.', 53, 1482603.85, 5077823.10, 627.33);
insert into STATION values (1997, '.', 53, 1482603.94, 5077823.24, 625.77);
insert into STATION values (1998, '.', 53, 1482603.93, 5077823.15, 625.52);
insert into STATION values (1999, '.', 53, 1482603.88, 5077823.21, 624.95);
insert into STATION values (2000, '.', 53, 1482603.68, 5077823.08, 624.89);
insert into STATION values (2001, '.', 53, 1482603.56, 5077823.02, 624.73);
insert into STATION values (2002, '.', 53, 1482603.43, 5077822.97, 624.60);
insert into STATION values (2003, '.', 53, 1482603.15, 5077822.69, 624.49);
insert into STATION values (2004, '.', 53, 1482603.14, 5077822.80, 624.25);
insert into STATION values (2005, '.', 53, 1482603.10, 5077823.02, 624.09);
insert into STATION values (2006, '.', 53, 1482601.59, 5077822.60, 623.47);
insert into STATION values (2007, '.', 53, 1482601.82, 5077822.70, 623.23);
insert into STATION values (2008, '.', 53, 1482602.46, 5077822.81, 623.31);
insert into STATION values (2009, '.', 53, 1482602.78, 5077822.83, 623.41);
insert into STATION values (2010, '.', 53, 1482602.82, 5077822.73, 623.38);
insert into STATION values (2011, '.', 53, 1482602.55, 5077822.38, 623.14);
insert into STATION values (2012, '.', 53, 1482602.60, 5077822.83, 622.88);
insert into STATION values (2013, '.', 53, 1482603.05, 5077823.07, 622.73);
insert into STATION values (2014, '.', 53, 1482603.24, 5077822.99, 622.63);
insert into STATION values (2015, '133', 53, 1482604.31, 5077823.74, 626.57);
insert into STATION values (2016, '.', 53, 1482603.55, 5077822.95, 622.58);
insert into STATION values (2017, '.', 53, 1482603.69, 5077823.12, 622.60);
insert into STATION values (2018, '.', 53, 1482603.97, 5077823.38, 622.81);
insert into STATION values (2019, '.', 53, 1482604.15, 5077823.65, 624.21);
insert into STATION values (2020, '.', 53, 1482604.36, 5077823.95, 624.20);
insert into STATION values (2021, '.', 53, 1482604.48, 5077824.09, 624.50);
insert into STATION values (2022, '.', 53, 1482604.74, 5077824.24, 625.14);
insert into STATION values (2023, '.', 53, 1482605.40, 5077824.58, 624.04);
insert into STATION values (2024, '.', 53, 1482605.74, 5077824.73, 623.98);
insert into STATION values (2025, '.', 53, 1482605.96, 5077824.89, 624.00);
insert into STATION values (2026, '.', 53, 1482606.09, 5077825.05, 624.13);
insert into STATION values (2027, '.', 53, 1482606.21, 5077825.28, 624.31);
insert into STATION values (2028, '.', 53, 1482606.04, 5077825.23, 624.68);
insert into STATION values (2029, '.', 53, 1482606.67, 5077825.73, 624.50);
insert into STATION values (2030, '.', 53, 1482606.50, 5077825.68, 625.22);
insert into STATION values (2031, '.', 53, 1482606.54, 5077825.78, 625.59);
insert into STATION values (2032, '.', 53, 1482606.51, 5077825.88, 625.86);
insert into STATION values (2033, '.', 53, 1482606.21, 5077825.74, 626.31);
insert into STATION values (2034, '.', 53, 1482606.12, 5077825.72, 626.57);
insert into STATION values (2035, '.', 53, 1482605.04, 5077824.69, 626.78);
insert into STATION values (2036, '.', 53, 1482605.73, 5077825.71, 627.54);
insert into STATION values (2037, '.', 53, 1482605.99, 5077826.06, 628.32);
insert into STATION values (2038, '.', 53, 1482605.75, 5077825.97, 628.49);
insert into STATION values (2039, '.', 53, 1482605.30, 5077825.71, 628.42);
insert into STATION values (2040, '.', 53, 1482605.06, 5077825.57, 628.38);
insert into STATION values (2041, '.', 53, 1482604.73, 5077825.24, 628.23);
insert into STATION values (2042, '.', 53, 1482604.45, 5077824.96, 628.14);
insert into STATION values (2043, '.', 53, 1482604.13, 5077824.07, 627.60);
insert into STATION values (2044, '.', 53, 1482603.90, 5077823.91, 627.99);
insert into STATION values (2045, '.', 53, 1482603.00, 5077823.57, 630.28);
insert into STATION values (2046, '.', 53, 1482602.35, 5077823.32, 630.91);
insert into STATION values (2047, '.', 53, 1482602.44, 5077823.13, 629.45);
insert into STATION values (2048, '.', 53, 1482602.07, 5077822.84, 628.70);
insert into STATION values (2049, '.', 53, 1482601.25, 5077822.34, 628.81);
insert into STATION values (2050, '.', 53, 1482601.17, 5077822.22, 628.51);
insert into STATION values (2051, '.', 53, 1482602.84, 5077823.01, 627.29);
insert into STATION values (2052, '.', 53, 1482603.17, 5077823.12, 626.90);
insert into STATION values (2053, '.', 53, 1482599.68, 5077821.73, 626.45);
insert into STATION values (2054, '.', 53, 1482600.51, 5077821.92, 626.15);
insert into STATION values (2055, '.', 53, 1482601.00, 5077822.12, 625.96);
insert into STATION values (2056, '134', 53, 1482602.79, 5077822.99, 627.32);
insert into STATION values (2057, '.', 53, 1482599.45, 5077821.07, 628.16);
insert into STATION values (2058, '.', 53, 1482599.46, 5077820.98, 628.46);
insert into STATION values (2059, '.', 53, 1482599.53, 5077820.93, 629.04);
insert into STATION values (2060, '.', 53, 1482599.47, 5077820.92, 629.49);
insert into STATION values (2061, '.', 53, 1482599.46, 5077820.91, 629.72);
insert into STATION values (2062, '.', 53, 1482601.21, 5077822.03, 628.60);
insert into STATION values (2063, '.', 53, 1482601.41, 5077822.17, 628.58);
insert into STATION values (2064, '.', 53, 1482601.36, 5077822.18, 628.77);
insert into STATION values (2065, '.', 53, 1482600.51, 5077821.73, 629.86);
insert into STATION values (2066, '.', 53, 1482600.77, 5077821.94, 629.94);
insert into STATION values (2067, '.', 53, 1482601.64, 5077822.52, 629.92);
insert into STATION values (2068, '.', 53, 1482601.93, 5077822.68, 630.06);
insert into STATION values (2069, '.', 53, 1482602.38, 5077823.18, 630.84);
insert into STATION values (2070, '.', 53, 1482602.65, 5077823.61, 631.22);
insert into STATION values (2071, '.', 53, 1482602.83, 5077823.99, 631.79);
insert into STATION values (2072, '.', 53, 1482603.06, 5077824.06, 631.48);
insert into STATION values (2073, '.', 53, 1482602.68, 5077823.77, 631.82);
insert into STATION values (2074, '.', 53, 1482602.93, 5077824.06, 631.83);
insert into STATION values (2075, '.', 53, 1482603.05, 5077824.08, 631.50);
insert into STATION values (2076, '.', 53, 1482603.16, 5077824.23, 631.51);
insert into STATION values (2077, '.', 53, 1482603.37, 5077823.98, 630.13);
insert into STATION values (2078, '.', 53, 1482603.62, 5077824.04, 629.92);
insert into STATION values (2079, '.', 53, 1482603.70, 5077823.94, 629.24);
insert into STATION values (2080, '.', 53, 1482603.99, 5077824.18, 628.92);
insert into STATION values (2081, '.', 53, 1482603.93, 5077824.00, 628.33);
insert into STATION values (2082, '.', 53, 1482603.01, 5077823.20, 627.42);
insert into STATION values (2083, '135', 53, 1482601.78, 5077822.63, 624.26);
insert into STATION values (2084, '.', 53, 1482604.26, 5077823.53, 626.62);
insert into STATION values (2085, '.', 53, 1482604.19, 5077823.42, 627.39);
insert into STATION values (2086, '.', 53, 1482603.24, 5077823.07, 626.59);
insert into STATION values (2087, '.', 53, 1482602.71, 5077822.98, 626.96);
insert into STATION values (2088, '.', 53, 1482603.97, 5077823.28, 626.37);
insert into STATION values (2089, '.', 53, 1482602.34, 5077822.73, 626.93);
insert into STATION values (2090, '.', 53, 1482601.88, 5077822.54, 626.87);
insert into STATION values (2091, '.', 53, 1482601.75, 5077822.45, 626.98);
insert into STATION values (2092, '.', 53, 1482601.55, 5077822.27, 627.27);
insert into STATION values (2093, '.', 53, 1482601.21, 5077822.13, 627.46);
insert into STATION values (2094, '.', 53, 1482601.05, 5077822.07, 627.48);
insert into STATION values (2095, '.', 53, 1482600.83, 5077822.17, 626.74);
insert into STATION values (2096, '136', 53, 1482600.07, 5077822.08, 624.62);
insert into STATION values (2097, '.', 53, 1482601.30, 5077822.21, 627.33);
insert into STATION values (2098, '.', 53, 1482600.57, 5077822.09, 626.38);
insert into STATION values (2099, '.', 53, 1482600.31, 5077822.04, 626.36);
insert into STATION values (2100, '.', 53, 1482600.00, 5077821.88, 625.49);
insert into STATION values (2101, '.', 53, 1482598.60, 5077821.04, 627.57);
insert into STATION values (2102, '.', 53, 1482597.97, 5077820.82, 626.85);
insert into STATION values (2103, '.', 53, 1482598.35, 5077821.16, 626.02);
insert into STATION values (2104, '.', 53, 1482600.45, 5077821.57, 627.90);
insert into STATION values (2105, '.', 53, 1482601.27, 5077822.24, 627.32);
insert into STATION values (2106, '137', 53, 1482599.31, 5077821.71, 624.49);
insert into STATION values (2107, '.', 53, 1482604.49, 5077823.93, 626.98);
insert into STATION values (2108, '.', 53, 1482604.48, 5077823.78, 625.94);
insert into STATION values (2109, '.', 53, 1482603.71, 5077823.41, 625.18);
insert into STATION values (2110, '.', 53, 1482604.48, 5077823.71, 626.78);
insert into STATION values (2111, '.', 53, 1482602.79, 5077823.15, 626.72);
insert into STATION values (2112, '.', 53, 1482601.40, 5077822.61, 626.40);
insert into STATION values (2113, '.', 53, 1482602.46, 5077822.88, 628.10);
insert into STATION values (2114, '.', 53, 1482602.57, 5077822.89, 628.38);
insert into STATION values (2115, '.', 53, 1482601.59, 5077822.17, 628.51);
insert into STATION values (2116, '.', 53, 1482601.43, 5077822.08, 628.60);
insert into STATION values (2117, '.', 53, 1482600.98, 5077821.77, 629.05);
insert into STATION values (2118, '.', 53, 1482600.08, 5077821.58, 627.38);
insert into STATION values (2119, '.', 53, 1482599.65, 5077821.56, 627.33);
insert into STATION values (2120, '.', 53, 1482599.25, 5077821.53, 627.33);
insert into STATION values (2121, '.', 53, 1482598.95, 5077821.53, 627.31);
insert into STATION values (2122, '.', 53, 1482598.15, 5077821.05, 628.26);
insert into STATION values (2123, '.', 53, 1482598.15, 5077820.98, 627.43);
insert into STATION values (2124, '.', 53, 1482598.50, 5077821.22, 626.02);
insert into STATION values (2125, '.', 53, 1482597.05, 5077819.75, 626.29);
insert into STATION values (2126, '.', 53, 1482597.09, 5077819.83, 626.54);
insert into STATION values (2127, '.', 53, 1482596.87, 5077819.76, 626.32);
insert into STATION values (2128, '.', 53, 1482597.43, 5077820.20, 625.53);
insert into STATION values (2129, '.', 53, 1482597.49, 5077820.26, 625.24);
insert into STATION values (2130, '.', 53, 1482599.03, 5077821.50, 624.53);
insert into STATION values (2131, '.', 53, 1482599.01, 5077821.51, 624.46);
insert into STATION values (2132, '.', 53, 1482599.06, 5077821.54, 624.44);
insert into STATION values (2133, '138', 53, 1482597.73, 5077820.80, 623.33);
insert into STATION values (2134, '.', 53, 1482600.66, 5077822.24, 626.24);
insert into STATION values (2135, '.', 53, 1482599.86, 5077821.89, 625.99);
insert into STATION values (2136, '.', 53, 1482599.28, 5077821.68, 626.07);
insert into STATION values (2137, '.', 53, 1482598.76, 5077821.13, 626.48);
insert into STATION values (2138, '.', 53, 1482598.39, 5077820.66, 626.14);
insert into STATION values (2139, '.', 53, 1482598.04, 5077820.35, 625.98);
insert into STATION values (2140, '.', 53, 1482597.75, 5077820.50, 624.45);
insert into STATION values (2141, '.', 53, 1482597.70, 5077820.40, 624.39);
insert into STATION values (2142, '.', 53, 1482597.65, 5077820.00, 624.21);
insert into STATION values (2143, '.', 53, 1482597.53, 5077819.70, 624.26);
insert into STATION values (2144, '139', 53, 1482597.74, 5077819.71, 623.49);
insert into STATION values (2145, '.', 53, 1482597.45, 5077819.66, 624.30);
insert into STATION values (2146, '.', 53, 1482596.58, 5077819.63, 627.48);
insert into STATION values (2147, '.', 53, 1482596.49, 5077819.57, 627.25);
insert into STATION values (2148, '.', 53, 1482594.73, 5077818.65, 625.21);
insert into STATION values (2149, '.', 53, 1482595.11, 5077818.90, 625.52);
insert into STATION values (2150, '.', 53, 1482595.82, 5077819.10, 625.39);
insert into STATION values (2151, '.', 53, 1482595.47, 5077819.12, 626.31);
insert into STATION values (2152, '140', 53, 1482598.19, 5077822.06, 622.38);
insert into STATION values (2153, '530', 53, 1482596.99, 5077820.57, 623.00);
insert into STATION values (2154, '141', 53, 1482597.27, 5077819.56, 623.72);
insert into STATION values (2155, '.', 53, 1482594.51, 5077818.87, 624.83);
insert into STATION values (2156, '.', 53, 1482595.17, 5077819.23, 625.38);
insert into STATION values (2157, '.', 53, 1482595.34, 5077819.40, 625.76);
insert into STATION values (2158, '.', 53, 1482596.68, 5077819.68, 624.53);
insert into STATION values (2159, '.', 53, 1482595.98, 5077819.48, 627.28);
insert into STATION values (2160, '.', 53, 1482595.74, 5077819.35, 627.03);
insert into STATION values (2161, '.', 53, 1482594.41, 5077818.82, 625.09);
insert into STATION values (2162, '.', 53, 1482594.69, 5077818.89, 625.41);
insert into STATION values (2163, '142', 53, 1482595.35, 5077819.15, 624.15);
insert into STATION values (2164, '.', 53, 1482594.59, 5077818.73, 626.09);
insert into STATION values (2165, '.', 53, 1482594.87, 5077818.71, 627.88);
insert into STATION values (2166, '.', 53, 1482595.47, 5077819.25, 627.53);
insert into STATION values (2167, '.', 53, 1482595.66, 5077819.60, 626.91);
insert into STATION values (2168, '.', 53, 1482596.01, 5077819.75, 627.20);
insert into STATION values (2169, '.', 53, 1482594.89, 5077818.72, 627.58);
insert into STATION values (2170, '.', 53, 1482594.60, 5077818.90, 625.22);
insert into STATION values (2171, '.', 53, 1482594.50, 5077819.01, 624.76);
insert into STATION values (2172, '.', 53, 1482593.66, 5077818.83, 624.06);
insert into STATION values (2173, '.', 53, 1482593.27, 5077818.52, 623.91);
insert into STATION values (2174, '.', 53, 1482592.70, 5077818.17, 623.82);
insert into STATION values (2175, '.', 53, 1482593.37, 5077818.11, 623.72);
insert into STATION values (2176, '.', 53, 1482593.69, 5077818.05, 623.80);
insert into STATION values (2177, '.', 53, 1482594.03, 5077818.01, 623.70);
insert into STATION values (2178, '.', 53, 1482591.15, 5077816.52, 623.49);
insert into STATION values (2179, '.', 53, 1482590.59, 5077816.54, 623.46);
insert into STATION values (2180, '.', 53, 1482590.50, 5077816.80, 623.49);
insert into STATION values (2181, '.', 53, 1482590.31, 5077816.88, 623.48);
insert into STATION values (2182, '.', 53, 1482591.27, 5077816.48, 623.64);
insert into STATION values (2183, '.', 53, 1482593.74, 5077817.85, 623.85);
insert into STATION values (2184, '.', 53, 1482589.64, 5077816.80, 622.34);
insert into STATION values (2185, '.', 53, 1482591.57, 5077817.71, 622.62);
insert into STATION values (2186, '.', 53, 1482591.64, 5077817.81, 622.50);
insert into STATION values (2187, '.', 53, 1482591.78, 5077817.79, 622.39);
insert into STATION values (2188, '.', 53, 1482595.06, 5077818.75, 622.34);
insert into STATION values (2189, '.', 53, 1482594.74, 5077818.66, 622.38);
insert into STATION values (2190, '.', 53, 1482594.60, 5077818.57, 622.42);
insert into STATION values (2191, '143', 53, 1482591.17, 5077816.51, 623.46);
insert into STATION values (2192, '.', 53, 1482595.81, 5077819.27, 624.43);
insert into STATION values (2193, '.', 53, 1482596.86, 5077819.67, 624.77);
insert into STATION values (2194, '.', 53, 1482595.33, 5077818.68, 624.40);
insert into STATION values (2195, '.', 53, 1482595.30, 5077818.28, 624.33);
insert into STATION values (2196, '.', 53, 1482593.99, 5077817.46, 624.04);
insert into STATION values (2197, '.', 53, 1482594.55, 5077817.02, 624.10);
insert into STATION values (2198, '.', 53, 1482593.51, 5077816.64, 623.95);
insert into STATION values (2199, '.', 53, 1482592.96, 5077816.46, 623.81);
insert into STATION values (2200, '.', 53, 1482592.31, 5077816.20, 623.63);
insert into STATION values (2201, '.', 53, 1482592.11, 5077816.13, 623.60);
insert into STATION values (2202, '.', 53, 1482592.99, 5077817.83, 623.86);
insert into STATION values (2203, '.', 53, 1482592.21, 5077817.39, 623.74);
insert into STATION values (2204, '.', 53, 1482591.82, 5077817.54, 623.71);
insert into STATION values (2205, '.', 53, 1482591.45, 5077817.60, 623.69);
insert into STATION values (2206, '.', 53, 1482590.99, 5077817.71, 623.53);
insert into STATION values (2207, '.', 53, 1482590.62, 5077817.36, 623.56);
insert into STATION values (2208, '.', 53, 1482590.41, 5077817.21, 623.61);
insert into STATION values (2209, '144', 53, 1482590.80, 5077819.51, 622.26);
insert into STATION values (2210, '.', 53, 1482590.82, 5077816.66, 623.25);
insert into STATION values (2211, '.', 53, 1482590.95, 5077816.48, 623.29);
insert into STATION values (2212, '.', 53, 1482591.31, 5077816.25, 623.28);
insert into STATION values (2213, '.', 53, 1482591.87, 5077816.10, 623.38);
insert into STATION values (2214, '.', 53, 1482592.22, 5077816.22, 623.38);
insert into STATION values (2215, '.', 53, 1482591.97, 5077817.35, 623.00);
insert into STATION values (2216, '.', 53, 1482592.57, 5077817.37, 623.14);
insert into STATION values (2217, '.', 53, 1482592.94, 5077817.49, 623.16);
insert into STATION values (2218, '.', 53, 1482593.17, 5077817.68, 623.08);
insert into STATION values (2219, '.', 53, 1482593.50, 5077817.91, 622.99);
insert into STATION values (2220, '.', 53, 1482593.67, 5077818.03, 623.04);
insert into STATION values (2221, '.', 53, 1482594.53, 5077817.85, 623.15);
insert into STATION values (2222, '.', 53, 1482594.61, 5077818.17, 623.05);
insert into STATION values (2223, '.', 53, 1482594.26, 5077818.76, 622.95);
insert into STATION values (2224, '.', 53, 1482594.02, 5077819.22, 622.93);
insert into STATION values (2225, '.', 53, 1482594.02, 5077819.44, 622.83);
insert into STATION values (2226, '.', 53, 1482593.74, 5077819.73, 622.75);
insert into STATION values (2227, '.', 53, 1482593.25, 5077820.04, 622.75);
insert into STATION values (2228, '.', 53, 1482592.99, 5077820.46, 622.75);
insert into STATION values (2229, '.', 53, 1482593.03, 5077821.23, 622.89);
insert into STATION values (2230, '.', 53, 1482593.05, 5077821.26, 622.79);
insert into STATION values (2231, '.', 53, 1482591.51, 5077820.95, 622.99);
insert into STATION values (2232, '.', 53, 1482591.19, 5077820.77, 623.05);
insert into STATION values (2233, '.', 53, 1482590.91, 5077820.61, 622.96);
insert into STATION values (2234, '.', 53, 1482590.66, 5077820.73, 623.01);
insert into STATION values (2235, '.', 53, 1482590.38, 5077820.82, 622.98);
insert into STATION values (2236, '.', 53, 1482590.06, 5077820.87, 622.98);
insert into STATION values (2237, '.', 53, 1482588.48, 5077822.96, 623.03);
insert into STATION values (2238, '.', 53, 1482587.89, 5077823.32, 622.99);
insert into STATION values (2239, '.', 53, 1482587.67, 5077822.96, 623.01);
insert into STATION values (2240, '.', 53, 1482587.44, 5077822.84, 623.00);
insert into STATION values (2241, '.', 53, 1482584.78, 5077823.12, 622.86);
insert into STATION values (2242, '.', 53, 1482584.83, 5077822.55, 622.82);
insert into STATION values (2243, '.', 53, 1482585.10, 5077821.83, 622.82);
insert into STATION values (2244, '.', 53, 1482585.73, 5077820.88, 623.02);
insert into STATION values (2245, '.', 53, 1482586.52, 5077819.87, 623.26);
insert into STATION values (2246, '.', 53, 1482586.81, 5077819.46, 623.24);
insert into STATION values (2247, '.', 53, 1482587.11, 5077819.11, 623.14);
insert into STATION values (2248, '.', 53, 1482588.18, 5077818.03, 623.11);
insert into STATION values (2249, '.', 53, 1482588.75, 5077817.91, 623.09);
insert into STATION values (2250, '.', 53, 1482589.13, 5077817.66, 623.11);
insert into STATION values (2251, '.', 53, 1482589.63, 5077817.22, 623.08);
insert into STATION values (2252, '.', 53, 1482590.27, 5077817.54, 622.88);
insert into STATION values (2253, '.', 53, 1482590.20, 5077816.67, 623.17);
insert into STATION values (2254, '.', 53, 1482590.65, 5077816.65, 623.13);
insert into STATION values (2255, '.', 53, 1482590.98, 5077816.41, 623.21);
insert into STATION values (2256, '.', 53, 1482591.41, 5077816.25, 623.28);
insert into STATION values (2257, '531', 53, 1482590.41, 5077820.83, 623.06);
insert into STATION values (2258, '.', 53, 1482584.87, 5077822.45, 623.16);
insert into STATION values (2259, '.', 53, 1482584.69, 5077821.37, 623.17);
insert into STATION values (2260, '.', 53, 1482586.04, 5077820.77, 623.10);
insert into STATION values (2261, '.', 53, 1482586.41, 5077820.34, 623.03);
insert into STATION values (2262, '.', 53, 1482587.09, 5077820.04, 622.97);
insert into STATION values (2263, '.', 53, 1482587.28, 5077819.64, 622.91);
insert into STATION values (2264, '.', 53, 1482587.25, 5077819.17, 622.82);
insert into STATION values (2265, '.', 53, 1482586.89, 5077818.62, 622.75);
insert into STATION values (2266, '.', 53, 1482588.11, 5077818.13, 622.92);
insert into STATION values (2267, '.', 53, 1482588.56, 5077818.00, 622.97);
insert into STATION values (2268, '.', 53, 1482589.03, 5077817.89, 622.99);
insert into STATION values (2269, '.', 53, 1482589.21, 5077816.82, 622.93);
insert into STATION values (2270, '.', 53, 1482589.78, 5077816.77, 622.97);
insert into STATION values (2271, '.', 53, 1482590.04, 5077816.73, 623.00);
insert into STATION values (2272, '.', 53, 1482590.47, 5077816.71, 623.00);
insert into STATION values (2273, '.', 53, 1482590.97, 5077816.20, 623.08);
insert into STATION values (2274, '.', 53, 1482591.66, 5077817.23, 623.05);
insert into STATION values (2275, '.', 53, 1482592.28, 5077817.28, 623.16);
insert into STATION values (2276, '.', 53, 1482592.88, 5077817.48, 623.23);
insert into STATION values (2277, '.', 53, 1482592.77, 5077817.41, 623.07);
insert into STATION values (2278, '.', 53, 1482593.19, 5077817.68, 623.14);
insert into STATION values (2279, '.', 53, 1482593.70, 5077817.97, 622.95);
insert into STATION values (2280, '.', 53, 1482594.38, 5077818.40, 622.86);
insert into STATION values (2281, '.', 53, 1482594.07, 5077819.01, 622.82);
insert into STATION values (2282, '.', 53, 1482594.11, 5077819.24, 622.83);
insert into STATION values (2283, '145', 53, 1482595.07, 5077824.52, 622.67);
insert into STATION values (2284, '.', 53, 1482592.66, 5077825.78, 622.85);
insert into STATION values (2285, '.', 53, 1482594.36, 5077825.03, 622.73);
insert into STATION values (2286, '.', 53, 1482591.90, 5077825.87, 622.88);
insert into STATION values (2287, '.', 53, 1482591.13, 5077825.70, 622.86);
insert into STATION values (2288, '.', 53, 1482590.82, 5077825.60, 622.72);
insert into STATION values (2289, '.', 53, 1482590.18, 5077825.36, 622.67);
insert into STATION values (2290, '.', 53, 1482590.00, 5077825.13, 622.74);
insert into STATION values (2291, '.', 53, 1482590.28, 5077824.82, 622.76);
insert into STATION values (2292, '.', 53, 1482590.36, 5077824.29, 622.76);
insert into STATION values (2293, '.', 53, 1482590.44, 5077823.95, 622.75);
insert into STATION values (2294, '.', 53, 1482590.40, 5077823.69, 622.77);
insert into STATION values (2295, '.', 53, 1482590.70, 5077823.65, 622.77);
insert into STATION values (2296, '.', 53, 1482591.31, 5077823.56, 622.67);
insert into STATION values (2297, '.', 53, 1482591.52, 5077823.34, 622.83);
insert into STATION values (2298, '.', 53, 1482591.69, 5077823.05, 622.93);
insert into STATION values (2299, '.', 53, 1482591.63, 5077822.75, 622.94);
insert into STATION values (2300, '.', 53, 1482591.64, 5077822.28, 623.04);
insert into STATION values (2301, '.', 53, 1482591.72, 5077821.96, 623.00);
insert into STATION values (2302, '.', 53, 1482592.97, 5077821.69, 622.91);
insert into STATION values (2303, '.', 53, 1482593.33, 5077821.85, 622.90);
insert into STATION values (2304, '.', 53, 1482593.85, 5077822.26, 622.82);
insert into STATION values (2305, '.', 53, 1482594.25, 5077822.06, 622.84);
insert into STATION values (2306, '.', 53, 1482594.65, 5077821.66, 622.95);
insert into STATION values (2307, '.', 53, 1482595.02, 5077821.33, 622.93);
insert into STATION values (2308, '.', 53, 1482595.39, 5077821.12, 622.91);
insert into STATION values (2309, '.', 53, 1482595.61, 5077821.29, 622.92);
insert into STATION values (2310, '.', 53, 1482595.99, 5077821.35, 622.94);
insert into STATION values (2311, '.', 53, 1482596.36, 5077821.50, 622.94);
insert into STATION values (2312, '.', 53, 1482596.80, 5077821.48, 622.87);
insert into STATION values (2313, '.', 53, 1482597.17, 5077821.24, 622.68);
insert into STATION values (2314, '.', 53, 1482599.24, 5077818.39, 622.84);
insert into STATION values (2315, '.', 53, 1482599.80, 5077819.84, 622.59);
insert into STATION values (2316, '.', 53, 1482600.05, 5077820.13, 622.74);
insert into STATION values (2317, '.', 53, 1482598.09, 5077822.57, 622.30);
insert into STATION values (2318, '.', 53, 1482598.36, 5077823.05, 622.64);
insert into STATION values (2319, '.', 53, 1482598.29, 5077823.46, 622.65);
insert into STATION values (2320, '.', 53, 1482598.29, 5077823.98, 622.77);
insert into STATION values (2321, '.', 53, 1482598.25, 5077823.53, 622.55);
insert into STATION values (2322, '.', 53, 1482598.19, 5077823.82, 622.40);
insert into STATION values (2323, '.', 53, 1482598.34, 5077824.31, 622.79);
insert into STATION values (2324, '.', 53, 1482598.50, 5077824.69, 622.95);
insert into STATION values (2325, '.', 53, 1482598.51, 5077825.03, 622.93);
insert into STATION values (2326, '.', 53, 1482598.21, 5077825.24, 622.90);
insert into STATION values (2327, '.', 53, 1482597.97, 5077825.48, 622.87);
insert into STATION values (2328, '.', 53, 1482597.96, 5077825.70, 622.65);
insert into STATION values (2329, '.', 53, 1482597.79, 5077825.92, 622.75);
insert into STATION values (2330, '.', 53, 1482597.67, 5077826.22, 622.70);
insert into STATION values (2331, '.', 53, 1482597.67, 5077826.53, 622.84);
insert into STATION values (2332, '.', 53, 1482597.72, 5077826.90, 622.84);
insert into STATION values (2333, '.', 53, 1482597.70, 5077827.27, 622.82);
insert into STATION values (2334, '.', 53, 1482598.02, 5077828.18, 622.83);
insert into STATION values (2335, '.', 53, 1482597.95, 5077829.06, 622.86);
insert into STATION values (2336, '.', 53, 1482597.66, 5077829.36, 622.86);
insert into STATION values (2337, '146', 53, 1482597.64, 5077827.20, 622.96);
insert into STATION values (2338, '.', 53, 1482597.98, 5077828.27, 622.96);
insert into STATION values (2339, '.', 53, 1482597.52, 5077829.28, 623.00);
insert into STATION values (2340, '.', 53, 1482597.38, 5077829.39, 623.03);
insert into STATION values (2341, '.', 53, 1482597.00, 5077829.57, 623.06);
insert into STATION values (2342, '.', 53, 1482596.74, 5077829.62, 623.05);
insert into STATION values (2343, '.', 53, 1482596.42, 5077829.78, 623.02);
insert into STATION values (2344, '.', 53, 1482596.04, 5077829.56, 623.05);
insert into STATION values (2345, '.', 53, 1482595.63, 5077829.35, 623.08);
insert into STATION values (2346, '.', 53, 1482595.13, 5077829.26, 623.03);
insert into STATION values (2347, '.', 53, 1482594.43, 5077829.07, 622.98);
insert into STATION values (2348, '.', 53, 1482593.88, 5077828.86, 622.99);
insert into STATION values (2349, '.', 53, 1482593.30, 5077828.84, 622.93);
insert into STATION values (2350, '.', 53, 1482593.47, 5077828.56, 622.91);
insert into STATION values (2351, '.', 53, 1482593.05, 5077828.23, 622.74);
insert into STATION values (2352, '.', 53, 1482594.27, 5077827.68, 622.83);
insert into STATION values (2353, '.', 53, 1482594.40, 5077827.36, 622.90);
insert into STATION values (2354, '.', 53, 1482594.56, 5077827.06, 622.86);
insert into STATION values (2355, '.', 53, 1482594.48, 5077826.74, 622.82);
insert into STATION values (2356, '.', 53, 1482593.90, 5077826.14, 622.71);
insert into STATION values (2357, '.', 53, 1482594.60, 5077825.99, 622.75);
insert into STATION values (2358, '.', 53, 1482595.00, 5077825.84, 622.79);
insert into STATION values (2359, '.', 53, 1482595.10, 5077825.41, 622.82);
insert into STATION values (2360, '147', 53, 1482595.81, 5077829.38, 622.77);
insert into STATION values (2361, '.', 53, 1482595.02, 5077829.31, 622.78);
insert into STATION values (2362, '.', 53, 1482594.47, 5077829.13, 622.82);
insert into STATION values (2363, '.', 53, 1482593.55, 5077828.76, 622.83);
insert into STATION values (2364, '.', 53, 1482593.01, 5077828.32, 623.03);
insert into STATION values (2365, '.', 53, 1482592.98, 5077828.09, 622.98);
insert into STATION values (2366, '.', 53, 1482593.30, 5077828.07, 622.94);
insert into STATION values (2367, '.', 53, 1482593.52, 5077828.06, 622.90);
insert into STATION values (2368, '.', 53, 1482593.03, 5077828.06, 622.88);
insert into STATION values (2369, '.', 53, 1482593.99, 5077828.13, 622.89);
insert into STATION values (2370, '.', 53, 1482594.22, 5077827.89, 622.90);
insert into STATION values (2371, '.', 53, 1482594.32, 5077827.44, 622.85);
insert into STATION values (2372, '.', 53, 1482594.50, 5077827.04, 622.84);
insert into STATION values (2373, '.', 53, 1482594.51, 5077825.97, 622.80);
insert into STATION values (2374, '.', 53, 1482595.10, 5077825.49, 622.79);
insert into STATION values (2375, '.', 53, 1482595.70, 5077821.50, 622.83);
insert into STATION values (2376, '.', 53, 1482596.13, 5077821.47, 622.76);
insert into STATION values (2377, '.', 53, 1482595.69, 5077821.49, 622.84);
insert into STATION values (2378, '.', 53, 1482596.53, 5077821.18, 622.81);
insert into STATION values (2379, '.', 53, 1482596.50, 5077821.21, 622.46);
insert into STATION values (2380, '.', 53, 1482596.06, 5077821.47, 622.65);
insert into STATION values (2381, '.', 53, 1482597.97, 5077822.80, 622.76);
insert into STATION values (2382, '.', 53, 1482598.03, 5077824.00, 622.85);
insert into STATION values (2383, '.', 53, 1482597.80, 5077825.41, 622.89);
insert into STATION values (2384, '.', 53, 1482597.66, 5077826.25, 622.91);
insert into STATION values (2385, '.', 53, 1482597.68, 5077826.64, 623.00);
insert into STATION values (2386, '.', 53, 1482597.68, 5077827.19, 622.99);
insert into STATION values (2387, '.', 53, 1482598.11, 5077827.51, 622.99);
insert into STATION values (2388, '.', 53, 1482598.08, 5077828.07, 623.01);
insert into STATION values (2389, '.', 53, 1482598.01, 5077828.50, 622.99);
insert into STATION values (2390, '.', 53, 1482598.06, 5077828.88, 622.92);
insert into STATION values (2391, '.', 53, 1482598.01, 5077828.81, 622.96);
insert into STATION values (2392, '.', 53, 1482597.71, 5077829.40, 622.93);
insert into STATION values (2393, '.', 53, 1482597.33, 5077829.60, 623.08);
insert into STATION values (2394, '.', 53, 1482597.00, 5077829.72, 623.10);
insert into STATION values (2395, '.', 53, 1482596.66, 5077829.80, 623.05);
insert into STATION values (2396, '148', 53, 1482597.82, 5077822.59, 622.84);
insert into STATION values (2397, '.', 53, 1482595.42, 5077829.36, 622.91);
insert into STATION values (2398, '.', 53, 1482596.39, 5077829.52, 622.78);
insert into STATION values (2399, '.', 53, 1482595.93, 5077829.66, 622.97);
insert into STATION values (2400, '.', 53, 1482595.29, 5077829.23, 622.91);
insert into STATION values (2401, '.', 53, 1482594.27, 5077828.93, 622.88);
insert into STATION values (2402, '.', 53, 1482593.79, 5077828.73, 622.81);
insert into STATION values (2403, '.', 53, 1482592.55, 5077828.16, 622.81);
insert into STATION values (2404, '.', 53, 1482593.96, 5077825.35, 622.91);
insert into STATION values (2405, '.', 53, 1482594.86, 5077824.60, 622.75);
insert into STATION values (2406, '.', 53, 1482594.84, 5077824.41, 622.69);
insert into STATION values (2407, '.', 53, 1482594.76, 5077824.34, 622.75);
insert into STATION values (2408, '.', 53, 1482594.92, 5077824.72, 622.79);
insert into STATION values (2409, '.', 53, 1482593.67, 5077822.18, 623.00);
insert into STATION values (2410, '.', 53, 1482594.14, 5077821.87, 623.06);
insert into STATION values (2411, '.', 53, 1482594.34, 5077821.63, 623.06);
insert into STATION values (2412, '.', 53, 1482594.82, 5077821.19, 623.02);
insert into STATION values (2413, '.', 53, 1482595.56, 5077821.29, 623.05);
insert into STATION values (2414, '.', 53, 1482596.27, 5077821.40, 623.02);
insert into STATION values (2415, '.', 53, 1482596.15, 5077821.53, 623.04);
insert into STATION values (2416, '.', 53, 1482596.54, 5077821.32, 623.05);
insert into STATION values (2417, '.', 53, 1482596.81, 5077821.15, 623.03);
insert into STATION values (2418, '.', 53, 1482596.89, 5077821.05, 623.01);
insert into STATION values (2419, '.', 53, 1482596.89, 5077820.68, 623.03);
insert into STATION values (2420, '.', 53, 1482597.05, 5077820.09, 623.00);
insert into STATION values (2421, '.', 53, 1482597.38, 5077819.27, 622.94);
insert into STATION values (2422, '.', 53, 1482597.65, 5077819.31, 622.87);
insert into STATION values (2423, '.', 53, 1482598.00, 5077818.62, 622.92);
insert into STATION values (2424, '.', 53, 1482598.43, 5077818.38, 622.85);
insert into STATION values (2425, '.', 53, 1482598.72, 5077818.41, 622.88);
insert into STATION values (2426, '.', 53, 1482599.04, 5077819.55, 622.97);
insert into STATION values (2427, '.', 53, 1482598.82, 5077821.46, 623.35);
insert into STATION values (2428, '.', 53, 1482598.70, 5077821.45, 623.32);
insert into STATION values (2429, '.', 53, 1482598.59, 5077821.35, 623.31);
insert into STATION values (2430, '.', 53, 1482598.53, 5077821.27, 623.31);
insert into STATION values (2431, '.', 53, 1482598.40, 5077821.09, 623.28);
insert into STATION values (2432, '.', 53, 1482598.24, 5077820.95, 623.25);
insert into STATION values (2433, '.', 53, 1482598.08, 5077820.84, 623.23);
insert into STATION values (2434, '.', 53, 1482597.85, 5077820.59, 623.22);
insert into STATION values (2435, '.', 53, 1482597.66, 5077820.34, 623.24);
